﻿<?xml version="1.0" encoding="utf-8"?>
<deployment>
  <id>fa06037d-ad1b-4a34-af9a-441f9d2b7340</id>
  <author>ms-azuretools-vscode</author>
  <deployer>ms-azuretools-vscode</deployer>
  <authorEmail>N/A</authorEmail>
  <message>Created via a push deployment</message>
  <progress></progress>
  <status>Success</status>
  <statusText></statusText>
  <lastSuccessEndTime>2025-07-15T06:28:31.2509754Z</lastSuccessEndTime>
  <receivedTime>2025-07-15T06:26:48.9977678Z</receivedTime>
  <startTime>2025-07-15T06:26:50.4574238Z</startTime>
  <endTime>2025-07-15T06:28:31.2509754Z</endTime>
  <complete>True</complete>
  <is_temp>False</is_temp>
  <is_readonly>True</is_readonly>
  <buildSummary />
</deployment>