<step title="BackgroundTrace" date="2025-05-21T19:12:31.409" instance="e0f283" url="/api/zipdeploy" method="POST" >
  <step title="Creating temporary deployment - FetchDeploymentManager" date="2025-05-21T19:12:31.507" /><!-- duration: 4ms -->
  <step title="Creating temporary deployment" date="2025-05-21T19:12:31.516" /><!-- duration: 68ms -->
  <step title="Performing fetch based deployment" date="2025-05-21T19:12:31.613" >
    <step title="Cleaning up temp folders from previous zip deployments and extracting pushed zip file /tmp/zipdeploy/b50d1042-7e36-442b-9074-e753c8dc9551.zip (0.02 MB) to /tmp/zipdeploy/extracted" date="2025-05-21T19:12:32.768" >
      <step title="ChmodRecursive Process exited with total time taken in ms: 58" date="2025-05-21T19:12:32.897" /><!-- duration: 11ms -->
    </step><!-- duration: 143ms -->
    <step title="Deployment timer started" date="2025-05-21T19:12:34.940" >
      <step title="DeploymentManager.Deploy(id:6b080e30-7d42-41b3-adbc-6ec3c2198844)" date="2025-05-21T19:12:34.950" >
        <step title="Collecting changeset information" date="2025-05-21T19:12:35.001" /><!-- duration: 108ms -->
        <step title="Updating submodules" date="2025-05-21T19:12:35.119" /><!-- duration: 1129ms -->
        <step title="Determining deployment builder" date="2025-05-21T19:12:36.969" >
          <step title="Builder is OryxBuilder" date="2025-05-21T19:12:36.991" /><!-- duration: 10ms -->
        </step><!-- duration: 51ms -->
        <step title="PreDeployment: context.CleanOutputPath False" date="2025-05-21T19:12:37.060" >
          <step title="PreDeployment: context.OutputPath /home/site/wwwroot" date="2025-05-21T19:12:37.150" >
            <step title="Building" date="2025-05-21T19:12:37.287" >
              <step title="Executing external process" date="2025-05-21T19:12:37.670" type="process" path="bash" arguments="-c &quot;oryx build /tmp/zipdeploy/extracted -o /home/site/wwwroot --platform python --platform-version 3.11 -p virtualenv_name=antenv --log-file /tmp/build-debug.log  -i /tmp/8dd989b72d3be63 --compress-destination-dir | tee /tmp/oryx-build.log ; exit $PIPESTATUS &quot;" /><!-- duration: 61087ms -->
              <step title="Using PythonDeploymentLogParser" date="2025-05-21T19:13:39.071" /><!-- duration: 11ms -->
              <step title="Triggering recycle (preview mode disabled)." date="2025-05-21T19:13:39.945" /><!-- duration: 20ms -->
              <step title="Modified file to trigger a restart of the app container." date="2025-05-21T19:13:39.988" /><!-- duration: 19ms -->
              <step title="Skip function trigger and logicapp sync because function is not enabled." date="2025-05-21T19:13:40.011" /><!-- duration: 14ms -->
              <step title="Purge deployment items" date="2025-05-21T19:13:40.932" >
                <step title="Remove ee30db2f-, Success, received at 05/21/2025 17:46:55" date="2025-05-21T19:13:40.989" /><!-- duration: 8ms -->
              </step><!-- duration: 68ms -->
            </step><!-- duration: 63759ms -->
          </step><!-- duration: 63899ms -->
          <step title="Cleaning up temp files" date="2025-05-21T19:13:41.053" /><!-- duration: 354ms -->
          <step title="Cleaning up temp files" date="2025-05-21T19:13:41.415" /><!-- duration: 512ms -->
          <step title="Reloading status file with latest updates" date="2025-05-21T19:13:41.962" >
            <step title="WebHooksManager.PublishEventAsync: PostDeployment" date="2025-05-21T19:13:41.975" /><!-- duration: 53ms -->
          </step><!-- duration: 70ms -->
          <step title="Cleaning up temporary deployment - fetch deployment was successful" date="2025-05-21T19:13:42.037" /><!-- duration: 3ms -->
        </step><!-- duration: 65021ms -->
      </step><!-- duration: 67149ms -->
