<step title="Incoming Request" date="2025-07-31T18:18:19.978" instance="a45adb" url="/api/deployments/latest" method="GET" type="request" pid="769,1,60" Accept="*/*" Host="la-zeiterfassung-fyd4cge3d9e3cac4.scm.azurewebsites.net" User-Agent="AZURECLI/2.75.0 (HOMEBREW)" Accept-Encoding="gzip, deflate" Authorization="Bas..." x-ms-client-request-id="b67692dc-6e3a-11f0-bd32-3ecdac25f1e6" X-ARR-LOG-ID="b67692dc-6e3a-11f0-bd32-3ecdac25f1e6" CLIENT-IP="84.138.86.68:63917" X-SITE-DEPLOYMENT-ID="la-zeiterfassung-fyd4cge3d9e3cac4" WAS-DEFAULT-HOSTNAME="la-zeiterfassung-fyd4cge3d9e3cac4.scm.azurewebsites.net" X-Forwarded-Proto="https" X-AppService-Proto="https" X-Forwarded-TlsVersion="1.3" X-WAWS-Unencoded-URL="/api/deployments/latest" X-Client-IP="84.138.86.68" X-Client-Port="63917" >
  <step title="Cleanup Xml Logs" date="2025-07-31T18:18:19.983" >
    <step title="Cleanup Infos" date="2025-07-31T18:18:19.993" totalFiles="254" totalCleanup="94" /><!-- duration: 3ms -->
  </step><!-- duration: 16ms -->
  <step title="DeploymentService.GetResult" date="2025-07-31T18:18:20.031" >
    <step title="DeploymentService.GetLatestDeployment" date="2025-07-31T18:18:20.034" >
      <step title="DeploymentManager.GetResults" date="2025-07-31T18:18:20.063" /><!-- duration: 480ms -->
    </step><!-- duration: 516ms -->
  </step><!-- duration: 523ms -->
  <step title="Outgoing response" date="2025-07-31T18:18:20.558" type="response" statusCode="202" statusText="Accepted" /><!-- duration: 2ms -->
</step><!-- duration: 585ms -->
