<step title="Incoming Request" date="2025-07-31T14:16:08.831" instance="a45adb" url="/api/zipdeploy?isAsync=true" method="POST" type="request" pid="769,1,7" Accept="*/*" Host="la-zeiterfassung-fyd4cge3d9e3cac4.scm.azurewebsites.net" User-Agent="AZURECLI/2.75.0 (HOMEBREW)" Accept-Encoding="gzip, deflate" Authorization="Bas..." Cache-Control="no-cache" Content-Type="application/octet-stream" Cookie="ARRAffinity=a45adbe19489ea2b14e790f681e17ad6f03a5528ca730625ec513d016d2b4c91; ARRAffinitySameSite=a45adbe19489ea2b14e790f681e17ad6f03a5528ca730625ec513d016d2b4c91" Content-Length="29566" x-ms-client-request-id="e35db928-6e18-11f0-982d-3ecdac25f1e6" x-ms-artifact-checksum="ed14248e6c1ea34c8ead32b9ca5c564479c70677eb3b9d65b5f1160ee04cb931" X-ARR-LOG-ID="e35db928-6e18-11f0-982d-3ecdac25f1e6" CLIENT-IP="84.138.86.68:65107" X-SITE-DEPLOYMENT-ID="la-zeiterfassung-fyd4cge3d9e3cac4" WAS-DEFAULT-HOSTNAME="la-zeiterfassung-fyd4cge3d9e3cac4.scm.azurewebsites.net" X-Forwarded-Proto="https" X-AppService-Proto="https" X-Forwarded-TlsVersion="1.3" X-WAWS-Unencoded-URL="/api/zipdeploy?isAsync=true" X-Client-IP="84.138.86.68" X-Client-Port="65107" >
  <step title="ZipPushDeploy" date="2025-07-31T14:16:08.843" >
    <step title="ZipDeploy. Extract zip. Remote build." date="2025-07-31T14:16:08.851" /><!-- duration: 3ms -->
    <step title="Starting PushDeployAsync" date="2025-07-31T14:16:08.859" /><!-- duration: 3ms -->
    <step title="Writing artifact to /tmp/zipdeploy/3a617b6b-d96b-4acc-a270-bf72553f67dc.zip" date="2025-07-31T14:16:08.878" >
      <step title="Writing multipart request body to /tmp/zipdeploy/3a617b6b-d96b-4acc-a270-bf72553f67dc.zip" date="2025-07-31T14:16:08.882" /><!-- duration: 7ms -->
    </step><!-- duration: 50ms -->
    <step title="Removing previous build artifact&apos;s manifest file" date="2025-07-31T14:16:08.935" >
      <step title="Start deployment in the background" date="2025-07-31T14:16:08.957" >
        <step title="Acquiring Deployment Lock" date="2025-07-31T14:16:08.980" /><!-- duration: 10ms -->
        <step title="Acquired Deployment Lock" date="2025-07-31T14:16:09.026" /><!-- duration: 3ms -->
      </step><!-- duration: 179ms -->
    </step><!-- duration: 212ms -->
    <step title="Outgoing response" date="2025-07-31T14:16:09.152" type="response" statusCode="202" statusText="Accepted" /><!-- duration: 4ms -->
  </step><!-- duration: 317ms -->
