<step title="Incoming Request" date="2025-07-31T18:21:29.863" instance="a45adb" url="/api/deployments/latest" method="GET" type="request" pid="769,1,61" Accept="*/*" Host="la-zeiterfassung-fyd4cge3d9e3cac4.scm.azurewebsites.net" User-Agent="AZURECLI/2.75.0 (HOMEBREW)" Accept-Encoding="gzip, deflate" Authorization="Bas..." x-ms-client-request-id="27780880-6e3b-11f0-927a-3ecdac25f1e6" X-ARR-LOG-ID="27780880-6e3b-11f0-927a-3ecdac25f1e6" CLIENT-IP="84.138.86.68:60504" X-SITE-DEPLOYMENT-ID="la-zeiterfassung-fyd4cge3d9e3cac4" WAS-DEFAULT-HOSTNAME="la-zeiterfassung-fyd4cge3d9e3cac4.scm.azurewebsites.net" X-Forwarded-Proto="https" X-AppService-Proto="https" X-Forwarded-TlsVersion="1.3" X-WAWS-Unencoded-URL="/api/deployments/latest" X-Client-IP="84.138.86.68" X-Client-Port="60504" >
  <step title="Cleanup Xml Logs" date="2025-07-31T18:21:29.872" >
    <step title="Cleanup Infos" date="2025-07-31T18:21:29.914" totalFiles="263" totalCleanup="103" /><!-- duration: 10ms -->
  </step><!-- duration: 61ms -->
  <step title="DeploymentService.GetResult" date="2025-07-31T18:21:29.964" >
    <step title="DeploymentService.GetLatestDeployment" date="2025-07-31T18:21:29.976" >
      <step title="DeploymentManager.GetResults" date="2025-07-31T18:21:29.995" /><!-- duration: 879ms -->
    </step><!-- duration: 917ms -->
  </step><!-- duration: 949ms -->
  <step title="Outgoing response" date="2025-07-31T18:21:30.934" type="response" statusCode="202" statusText="Accepted" /><!-- duration: 10ms -->
</step><!-- duration: 1090ms -->
