<step title="Incoming Request" date="2025-07-31T20:38:35.644" instance="a45adb" url="/api/deployments/latest" method="GET" type="request" pid="770,1,22" Accept="*/*" Host="la-zeiterfassung-fyd4cge3d9e3cac4.scm.azurewebsites.net" User-Agent="AZURECLI/2.75.0 (HOMEBREW)" Accept-Encoding="gzip, deflate" Authorization="Bas..." x-ms-client-request-id="4e556584-6e4e-11f0-8018-3ecdac25f1e6" X-ARR-LOG-ID="4e556584-6e4e-11f0-8018-3ecdac25f1e6" CLIENT-IP="84.138.86.68:61783" X-SITE-DEPLOYMENT-ID="la-zeiterfassung-fyd4cge3d9e3cac4" WAS-DEFAULT-HOSTNAME="la-zeiterfassung-fyd4cge3d9e3cac4.scm.azurewebsites.net" X-Forwarded-Proto="https" X-AppService-Proto="https" X-Forwarded-TlsVersion="1.3" X-WAWS-Unencoded-URL="/api/deployments/latest" X-Client-IP="84.138.86.68" X-Client-Port="61783" >
  <step title="Cleanup Xml Logs" date="2025-07-31T20:38:35.679" >
    <step title="Cleanup Infos" date="2025-07-31T20:38:35.775" totalFiles="383" totalCleanup="223" /><!-- duration: 8ms -->
  </step><!-- duration: 114ms -->
  <step title="DeploymentService.GetResult" date="2025-07-31T20:38:35.826" >
    <step title="DeploymentService.GetLatestDeployment" date="2025-07-31T20:38:35.830" >
      <step title="DeploymentManager.GetResults" date="2025-07-31T20:38:35.839" /><!-- duration: 808ms -->
    </step><!-- duration: 825ms -->
  </step><!-- duration: 833ms -->
  <step title="Outgoing response" date="2025-07-31T20:38:36.664" type="response" statusCode="202" statusText="Accepted" /><!-- duration: 4ms -->
</step><!-- duration: 1030ms -->
