<step title="Incoming Request" date="2025-05-21T20:30:11.252" instance="e0f283" url="/api/zipdeploy?author=ms-azuretools-vscode&amp;deployer=ms-azuretools-vscode&amp;isAsync=true&amp;trackDeploymentId=true" method="POST" type="request" pid="770,1,3" Host="la-zeiterfassung-fyd4cge3d9e3cac4.scm.germanywestcentral-01.azurewebsites.net" User-Agent="vscode-azureappservice/0.26.1 core-rest-pipeline/1.19.1 Node/20.19.0 OS/(arm64-Darwin-24.3.0)" Accept-Encoding="gzip,deflate" Accept-Language="de" Authorization="Bea..." Transfer-Encoding="chunked" x-ms-correlation-request-id="33254208-ff55-4c08-a234-124e397e96cc" x-ms-client-request-id="ffd9e5dd-ebdc-40b2-9472-00d19f652fb4" X-ARR-LOG-ID="ffd9e5dd-ebdc-40b2-9472-00d19f652fb4" CLIENT-IP="84.138.91.166:62889" X-SITE-DEPLOYMENT-ID="LA-Zeiterfassung" WAS-DEFAULT-HOSTNAME="la-zeiterfassung-fyd4cge3d9e3cac4.scm.germanywestcentral-01.azurewebsites.net" X-Forwarded-Proto="https" X-AppService-Proto="https" X-Forwarded-TlsVersion="1.3" X-WAWS-Unencoded-URL="/api/zipdeploy?author=ms-azuretools-vscode&amp;deployer=ms-azuretools-vscode&amp;isAsync=true&amp;trackDeploymentId=true" X-Client-IP="84.138.91.166" X-Client-Port="62889" >
  <step title="Cleanup Xml Logs" date="2025-05-21T20:30:11.263" >
    <step title="Cleanup Infos" date="2025-05-21T20:30:11.278" totalFiles="390" totalCleanup="230" /><!-- duration: 15ms -->
  </step><!-- duration: 34ms -->
  <step title="ZipPushDeploy" date="2025-05-21T20:30:11.443" >
    <step title="ZipDeploy. Extract zip." date="2025-05-21T20:30:11.463" /><!-- duration: 3ms -->
    <step title="None repository commit" date="2025-05-21T20:30:11.487" >
      <step title="Commit id: b532cde3-0bff-4cf6-9180-49a13194c32c" date="2025-05-21T20:30:11.489" Message="N/A" AuthorName="N/A" AuthorEmail="N/A" /><!-- duration: 3ms -->
    </step><!-- duration: 8ms -->
    <step title="Starting PushDeployAsync" date="2025-05-21T20:30:11.498" /><!-- duration: 2ms -->
    <step title="Error occurred" date="2025-05-21T20:30:11.577" type="error" text="Error removing symlink: Path doesn&apos;t exist!" stackTrace="   at Mono.Unix.UnixFileSystemInfo.AssertValid()
   at Mono.Unix.UnixFileSystemInfo.get_FileType()
   at Kudu.Services.Deployment.PushDeploymentController.PushDeployAsync(ArtifactDeploymentInfo deploymentInfo, Boolean isAsync, HttpContext context, JObject requestJson) in /tmp/KuduLite/Kudu.Services/Deployment/PushDeploymentController.cs:line 740" /><!-- duration: 3ms -->
    <step title="Writing artifact to /tmp/zipdeploy/8b293f1f-eb03-495b-87dc-ec1279b434e9.zip" date="2025-05-21T20:30:11.588" >
      <step title="Writing multipart request body to /tmp/zipdeploy/8b293f1f-eb03-495b-87dc-ec1279b434e9.zip" date="2025-05-21T20:30:11.601" /><!-- duration: 9ms -->
    </step><!-- duration: 152ms -->
    <step title="Start deployment in the background" date="2025-05-21T20:30:11.772" >
      <step title="Acquiring Deployment Lock" date="2025-05-21T20:30:11.811" /><!-- duration: 2ms -->
      <step title="Acquired Deployment Lock" date="2025-05-21T20:30:11.889" /><!-- duration: 5ms -->
    </step><!-- duration: 230ms -->
  </step><!-- duration: 566ms -->
  <step title="Outgoing response" date="2025-05-21T20:30:12.027" type="response" statusCode="202" statusText="Accepted" /><!-- duration: 2ms -->
</step><!-- duration: 784ms -->
