<step title="BackgroundTrace" date="2025-07-31T18:45:40.324" instance="a45adb" url="/api/zipdeploy" method="POST" >
  <step title="Creating temporary deployment - FetchDeploymentManager" date="2025-07-31T18:45:40.389" /><!-- duration: 4ms -->
  <step title="Creating temporary deployment" date="2025-07-31T18:45:40.399" /><!-- duration: 69ms -->
  <step title="Performing fetch based deployment" date="2025-07-31T18:45:40.504" >
    <step title="Cleaning up temp folders from previous zip deployments and extracting pushed zip file /tmp/zipdeploy/04ae1729-70b7-4102-9cdd-15a34cc75a81.zip (0.03 MB) to /tmp/zipdeploy/extracted" date="2025-07-31T18:45:41.661" >
      <step title="ChmodRecursive Process exited with total time taken in ms: 52" date="2025-07-31T18:45:41.779" /><!-- duration: 28ms -->
    </step><!-- duration: 166ms -->
    <step title="Deployment timer started" date="2025-07-31T18:45:43.851" >
      <step title="DeploymentManager.Deploy(id:c3d90e87-6259-4648-a526-38feb84cf0ff)" date="2025-07-31T18:45:43.872" >
        <step title="Collecting changeset information" date="2025-07-31T18:45:43.913" /><!-- duration: 108ms -->
        <step title="Updating submodules" date="2025-07-31T18:45:44.027" /><!-- duration: 1129ms -->
        <step title="Determining deployment builder" date="2025-07-31T18:45:45.365" >
          <step title="Builder is OryxBuilder" date="2025-07-31T18:45:45.393" /><!-- duration: 3ms -->
        </step><!-- duration: 34ms -->
        <step title="PreDeployment: context.CleanOutputPath False" date="2025-07-31T18:45:45.456" >
          <step title="PreDeployment: context.OutputPath /home/site/wwwroot" date="2025-07-31T18:45:45.576" >
            <step title="Building" date="2025-07-31T18:45:45.706" >
              <step title="Executing external process" date="2025-07-31T18:45:46.093" type="process" path="bash" arguments="-c &quot;oryx build /tmp/zipdeploy/extracted -o /home/site/wwwroot --platform python --platform-version 3.11 -p virtualenv_name=antenv --log-file /tmp/build-debug.log  -i /tmp/8ddd062758d00db --compress-destination-dir | tee /tmp/oryx-build.log ; exit $PIPESTATUS &quot;" /><!-- duration: 71402ms -->
              <step title="Using PythonDeploymentLogParser" date="2025-07-31T18:46:57.834" /><!-- duration: 4ms -->
              <step title="Triggering recycle (preview mode disabled)." date="2025-07-31T18:46:58.852" /><!-- duration: 12ms -->
              <step title="Modified file to trigger a restart of the app container." date="2025-07-31T18:46:58.893" /><!-- duration: 3ms -->
              <step title="Skip function trigger and logicapp sync because function is not enabled." date="2025-07-31T18:46:58.900" /><!-- duration: 3ms -->
              <step title="Purge deployment items" date="2025-07-31T18:46:59.935" >
                <step title="Remove 00c271c3-, Success, received at 07/31/2025 14:58:08" date="2025-07-31T18:46:59.992" /><!-- duration: 3ms -->
              </step><!-- duration: 63ms -->
            </step><!-- duration: 74362ms -->
          </step><!-- duration: 74501ms -->
          <step title="Cleaning up temp files" date="2025-07-31T18:47:00.080" /><!-- duration: 2493ms -->
          <step title="Cleaning up temp files" date="2025-07-31T18:47:02.593" /><!-- duration: 533ms -->
          <step title="Reloading status file with latest updates" date="2025-07-31T18:47:03.171" >
            <step title="WebHooksManager.PublishEventAsync: PostDeployment" date="2025-07-31T18:47:03.183" /><!-- duration: 66ms -->
          </step><!-- duration: 80ms -->
          <step title="Cleaning up temporary deployment - fetch deployment was successful" date="2025-07-31T18:47:03.258" /><!-- duration: 3ms -->
        </step><!-- duration: 77864ms -->
      </step><!-- duration: 79467ms -->
