<step title="Incoming Request" date="2025-05-21T21:18:19.056" instance="e0f283" url="/api/deployments/latest?deployer=ms-azuretools-vscode&amp;time=2025-05-21_21-18-12Z" method="GET" type="request" pid="772,1,19" Host="la-zeiterfassung-fyd4cge3d9e3cac4.scm.germanywestcentral-01.azurewebsites.net" User-Agent="vscode-azureappservice/0.26.1 core-rest-pipeline/1.19.1 Node/20.19.0 OS/(arm64-Darwin-24.3.0)" Accept-Encoding="gzip,deflate" Accept-Language="de" Authorization="Bea..." x-ms-correlation-request-id="29d1fb5d-89f0-4e3f-94fb-3128844c84a9" x-ms-client-request-id="265af909-2a11-4e8d-a3fb-d4cf81ad2f3b" X-ARR-LOG-ID="265af909-2a11-4e8d-a3fb-d4cf81ad2f3b" CLIENT-IP="84.138.91.166:64239" X-SITE-DEPLOYMENT-ID="LA-Zeiterfassung" WAS-DEFAULT-HOSTNAME="la-zeiterfassung-fyd4cge3d9e3cac4.scm.germanywestcentral-01.azurewebsites.net" X-Forwarded-Proto="https" X-AppService-Proto="https" X-Forwarded-TlsVersion="1.3" X-WAWS-Unencoded-URL="/api/deployments/latest?deployer=ms-azuretools-vscode&amp;time=2025-05-21_21-18-12Z" X-Client-IP="84.138.91.166" X-Client-Port="64239" >
  <step title="Cleanup Xml Logs" date="2025-05-21T21:18:19.079" >
    <step title="Cleanup Infos" date="2025-05-21T21:18:19.152" totalFiles="484" totalCleanup="324" /><!-- duration: 7ms -->
  </step><!-- duration: 84ms -->
  <step title="DeploymentService.GetResult" date="2025-05-21T21:18:19.200" >
    <step title="DeploymentService.GetLatestDeployment" date="2025-05-21T21:18:19.221" >
      <step title="DeploymentManager.GetResults" date="2025-05-21T21:18:19.232" /><!-- duration: 551ms -->
    </step><!-- duration: 569ms -->
  </step><!-- duration: 593ms -->
  <step title="Outgoing response" date="2025-05-21T21:18:19.800" type="response" statusCode="202" statusText="Accepted" /><!-- duration: 2ms -->
</step><!-- duration: 749ms -->
