<step title="BackgroundTrace" date="2025-05-21T16:07:14.660" instance="e0f283" url="/api/zipdeploy" method="POST" >
  <step title="Creating temporary deployment - FetchDeploymentManager" date="2025-05-21T16:07:15.054" /><!-- duration: 3ms -->
  <step title="Creating temporary deployment" date="2025-05-21T16:07:15.062" /><!-- duration: 588ms -->
  <step title="Performing fetch based deployment" date="2025-05-21T16:07:15.807" >
    <step title="Cleaning up temp folders from previous zip deployments and extracting pushed zip file /tmp/zipdeploy/c0b70654-c6e9-4702-b285-19f5bc73c346.zip (0.01 MB) to /tmp/zipdeploy/extracted" date="2025-05-21T16:07:18.140" >
      <step title="ChmodRecursive Process exited with total time taken in ms: 842" date="2025-05-21T16:07:19.155" /><!-- duration: 10ms -->
    </step><!-- duration: 1046ms -->
    <step title="Deployment timer started" date="2025-05-21T16:07:21.288" >
      <step title="DeploymentManager.Deploy(id:48060dbe-2f18-45d3-90f0-a67b51d14f31)" date="2025-05-21T16:07:21.320" >
        <step title="Collecting changeset information" date="2025-05-21T16:07:21.490" /><!-- duration: 252ms -->
        <step title="Updating submodules" date="2025-05-21T16:07:21.783" /><!-- duration: 1238ms -->
        <step title="Determining deployment builder" date="2025-05-21T16:07:23.211" >
          <step title="Builder is OryxBuilder" date="2025-05-21T16:07:23.235" /><!-- duration: 9ms -->
        </step><!-- duration: 43ms -->
        <step title="PreDeployment: context.CleanOutputPath False" date="2025-05-21T16:07:23.311" >
          <step title="PreDeployment: context.OutputPath /home/site/wwwroot" date="2025-05-21T16:07:23.425" >
            <step title="Building" date="2025-05-21T16:07:23.547" >
              <step title="Executing external process" date="2025-05-21T16:07:23.800" type="process" path="bash" arguments="-c &quot;oryx build /tmp/zipdeploy/extracted -o /home/site/wwwroot --platform python --platform-version 3.11 -p virtualenv_name=antenv --log-file /tmp/build-debug.log  -i /tmp/8dd9881928157ff --compress-destination-dir | tee /tmp/oryx-build.log ; exit $PIPESTATUS &quot;" /><!-- duration: 96072ms -->
              <step title="Using PythonDeploymentLogParser" date="2025-05-21T16:09:00.626" /><!-- duration: 21ms -->
              <step title="Triggering recycle (preview mode disabled)." date="2025-05-21T16:09:02.768" /><!-- duration: 21ms -->
              <step title="Modified file to trigger a restart of the app container." date="2025-05-21T16:09:02.872" /><!-- duration: 18ms -->
              <step title="Skip function trigger and logicapp sync because function is not enabled." date="2025-05-21T16:09:02.931" /><!-- duration: 20ms -->
            </step><!-- duration: 100580ms -->
          </step><!-- duration: 100722ms -->
          <step title="Cleaning up temp files" date="2025-05-21T16:09:04.157" /><!-- duration: 1065ms -->
          <step title="Cleaning up temp files" date="2025-05-21T16:09:05.235" /><!-- duration: 520ms -->
          <step title="Reloading status file with latest updates" date="2025-05-21T16:09:05.815" >
            <step title="WebHooksManager.PublishEventAsync: PostDeployment" date="2025-05-21T16:09:05.845" /><!-- duration: 253ms -->
          </step><!-- duration: 293ms -->
          <step title="Cleaning up temporary deployment - fetch deployment was successful" date="2025-05-21T16:09:06.158" /><!-- duration: 32ms -->
        </step><!-- duration: 103057ms -->
      </step><!-- duration: 105117ms -->
