<step title="Incoming Request" date="2025-07-31T18:45:44.298" instance="a45adb" url="/api/deployments/latest" method="GET" type="request" pid="769,1,51" Accept="*/*" Host="la-zeiterfassung-fyd4cge3d9e3cac4.scm.azurewebsites.net" User-Agent="AZURECLI/2.75.0 (HOMEBREW)" Accept-Encoding="gzip, deflate" Authorization="Bas..." x-ms-client-request-id="8b137d86-6e3e-11f0-af55-3ecdac25f1e6" X-ARR-LOG-ID="8b137d86-6e3e-11f0-af55-3ecdac25f1e6" CLIENT-IP="84.138.86.68:64776" X-SITE-DEPLOYMENT-ID="la-zeiterfassung-fyd4cge3d9e3cac4" WAS-DEFAULT-HOSTNAME="la-zeiterfassung-fyd4cge3d9e3cac4.scm.azurewebsites.net" X-Forwarded-Proto="https" X-AppService-Proto="https" X-Forwarded-TlsVersion="1.3" X-WAWS-Unencoded-URL="/api/deployments/latest" X-Client-IP="84.138.86.68" X-Client-Port="64776" >
  <step title="Cleanup Xml Logs" date="2025-07-31T18:45:44.302" >
    <step title="Cleanup Infos" date="2025-07-31T18:45:44.316" totalFiles="299" totalCleanup="139" /><!-- duration: 3ms -->
  </step><!-- duration: 20ms -->
  <step title="DeploymentService.GetResult" date="2025-07-31T18:45:44.334" >
    <step title="DeploymentService.GetLatestDeployment" date="2025-07-31T18:45:44.338" >
      <step title="DeploymentManager.GetResults" date="2025-07-31T18:45:44.342" /><!-- duration: 441ms -->
    </step><!-- duration: 450ms -->
  </step><!-- duration: 458ms -->
  <step title="Outgoing response" date="2025-07-31T18:45:44.796" type="response" statusCode="202" statusText="Accepted" /><!-- duration: 4ms -->
</step><!-- duration: 506ms -->
