<step title="Incoming Request" date="2025-07-31T13:12:57.326" instance="a45adb" url="/api/zipdeploy?isAsync=true" method="POST" type="request" pid="769,1,18" Accept="*/*" Host="la-zeiterfassung-fyd4cge3d9e3cac4.scm.azurewebsites.net" User-Agent="AZURECLI/2.75.0 (HOMEBREW)" Accept-Encoding="gzip, deflate" Authorization="Bas..." Cache-Control="no-cache" Content-Type="application/octet-stream" Cookie="ARRAffinity=a45adbe19489ea2b14e790f681e17ad6f03a5528ca730625ec513d016d2b4c91; ARRAffinitySameSite=a45adbe19489ea2b14e790f681e17ad6f03a5528ca730625ec513d016d2b4c91" Content-Length="10612" x-ms-client-request-id="0f523d8c-6e10-11f0-923d-3ecdac25f1e6" x-ms-artifact-checksum="fff14c2b1a84ea36a6a5d4a138212f00df14aa9e91282deb3cc968cb15b49013" X-ARR-LOG-ID="0f523d8c-6e10-11f0-923d-3ecdac25f1e6" CLIENT-IP="84.138.86.68:63346" X-SITE-DEPLOYMENT-ID="la-zeiterfassung-fyd4cge3d9e3cac4" WAS-DEFAULT-HOSTNAME="la-zeiterfassung-fyd4cge3d9e3cac4.scm.azurewebsites.net" X-Forwarded-Proto="https" X-AppService-Proto="https" X-Forwarded-TlsVersion="1.3" X-WAWS-Unencoded-URL="/api/zipdeploy?isAsync=true" X-Client-IP="84.138.86.68" X-Client-Port="63346" >
  <step title="ZipPushDeploy" date="2025-07-31T13:12:57.336" >
    <step title="ZipDeploy. Extract zip. Remote build." date="2025-07-31T13:12:57.343" /><!-- duration: 4ms -->
    <step title="Starting PushDeployAsync" date="2025-07-31T13:12:57.352" /><!-- duration: 3ms -->
    <step title="Writing artifact to /tmp/zipdeploy/5c0049d7-07dd-41d9-8e2f-3d9acb90d21f.zip" date="2025-07-31T13:12:57.373" >
      <step title="Writing multipart request body to /tmp/zipdeploy/5c0049d7-07dd-41d9-8e2f-3d9acb90d21f.zip" date="2025-07-31T13:12:57.376" /><!-- duration: 3ms -->
    </step><!-- duration: 46ms -->
    <step title="Removing previous build artifact&apos;s manifest file" date="2025-07-31T13:12:57.431" >
      <step title="Start deployment in the background" date="2025-07-31T13:12:57.461" >
        <step title="Acquiring Deployment Lock" date="2025-07-31T13:12:57.480" /><!-- duration: 3ms -->
        <step title="Acquired Deployment Lock" date="2025-07-31T13:12:57.523" /><!-- duration: 3ms -->
      </step><!-- duration: 154ms -->
    </step><!-- duration: 195ms -->
    <step title="Outgoing response" date="2025-07-31T13:12:57.631" type="response" statusCode="202" statusText="Accepted" /><!-- duration: 4ms -->
  </step><!-- duration: 303ms -->
