<step title="BackgroundTrace" date="2025-07-31T14:21:50.769" instance="a45adb" url="/api/zipdeploy" method="POST" >
  <step title="Creating temporary deployment - FetchDeploymentManager" date="2025-07-31T14:21:50.930" /><!-- duration: 10ms -->
  <step title="Creating temporary deployment" date="2025-07-31T14:21:50.943" /><!-- duration: 68ms -->
  <step title="Performing fetch based deployment" date="2025-07-31T14:21:51.075" >
    <step title="Cleaning up temp folders from previous zip deployments and extracting pushed zip file /tmp/zipdeploy/67187508-2fe2-4ab5-965d-9ebd12f7a939.zip (0.03 MB) to /tmp/zipdeploy/extracted" date="2025-07-31T14:21:52.303" >
      <step title="ChmodRecursive Process exited with total time taken in ms: 152" date="2025-07-31T14:21:52.571" /><!-- duration: 9ms -->
    </step><!-- duration: 289ms -->
    <step title="Deployment timer started" date="2025-07-31T14:21:54.619" >
      <step title="DeploymentManager.Deploy(id:d6370e97-a10b-4c5d-9fb1-0520a56e74eb)" date="2025-07-31T14:21:54.633" >
        <step title="Collecting changeset information" date="2025-07-31T14:21:54.665" /><!-- duration: 115ms -->
        <step title="Updating submodules" date="2025-07-31T14:21:54.786" /><!-- duration: 1114ms -->
        <step title="Determining deployment builder" date="2025-07-31T14:21:56.100" >
          <step title="Builder is OryxBuilder" date="2025-07-31T14:21:56.146" /><!-- duration: 4ms -->
        </step><!-- duration: 53ms -->
        <step title="PreDeployment: context.CleanOutputPath False" date="2025-07-31T14:21:56.192" >
          <step title="PreDeployment: context.OutputPath /home/site/wwwroot" date="2025-07-31T14:21:56.305" >
            <step title="Building" date="2025-07-31T14:21:56.435" >
              <step title="Executing external process" date="2025-07-31T14:21:56.851" type="process" path="bash" arguments="-c &quot;oryx build /tmp/zipdeploy/extracted -o /home/site/wwwroot --platform python --platform-version 3.11 -p virtualenv_name=antenv --log-file /tmp/build-debug.log  -i /tmp/8ddd03d9a9746a5 --compress-destination-dir | tee /tmp/oryx-build.log ; exit $PIPESTATUS &quot;" /><!-- duration: 86433ms -->
              <step title="Using PythonDeploymentLogParser" date="2025-07-31T14:23:23.668" /><!-- duration: 9ms -->
              <step title="Triggering recycle (preview mode disabled)." date="2025-07-31T14:23:24.684" /><!-- duration: 11ms -->
              <step title="Modified file to trigger a restart of the app container." date="2025-07-31T14:23:24.729" /><!-- duration: 4ms -->
              <step title="Skip function trigger and logicapp sync because function is not enabled." date="2025-07-31T14:23:24.740" /><!-- duration: 22ms -->
              <step title="Purge deployment items" date="2025-07-31T14:23:25.752" >
                <step title="Remove 5a88332c-, Success, received at 07/31/2025 13:13:01" date="2025-07-31T14:23:25.817" /><!-- duration: 2ms -->
              </step><!-- duration: 84ms -->
            </step><!-- duration: 89475ms -->
          </step><!-- duration: 89610ms -->
          <step title="Cleaning up temp files" date="2025-07-31T14:23:25.918" /><!-- duration: 2002ms -->
          <step title="Cleaning up temp files" date="2025-07-31T14:23:27.927" /><!-- duration: 511ms -->
          <step title="Reloading status file with latest updates" date="2025-07-31T14:23:28.480" >
            <step title="WebHooksManager.PublishEventAsync: PostDeployment" date="2025-07-31T14:23:28.488" /><!-- duration: 38ms -->
          </step><!-- duration: 49ms -->
          <step title="Cleaning up temporary deployment - fetch deployment was successful" date="2025-07-31T14:23:28.534" /><!-- duration: 3ms -->
        </step><!-- duration: 92386ms -->
      </step><!-- duration: 93957ms -->
