<step title="Incoming Request" date="2025-05-21T20:19:38.583" instance="e0f283" url="/api/zipdeploy?author=ms-azuretools-vscode&amp;deployer=ms-azuretools-vscode&amp;isAsync=true&amp;trackDeploymentId=true" method="POST" type="request" pid="770,1,3" Host="la-zeiterfassung-fyd4cge3d9e3cac4.scm.germanywestcentral-01.azurewebsites.net" User-Agent="vscode-azureappservice/0.26.1 core-rest-pipeline/1.19.1 Node/20.19.0 OS/(arm64-Darwin-24.3.0)" Accept-Encoding="gzip,deflate" Accept-Language="de" Authorization="Bea..." Transfer-Encoding="chunked" x-ms-correlation-request-id="845648e9-6840-455a-95b1-055c4a05efe0" x-ms-client-request-id="76beb559-c908-4fd8-b29c-c9ab88259bec" X-ARR-LOG-ID="76beb559-c908-4fd8-b29c-c9ab88259bec" CLIENT-IP="84.138.91.166:62175" X-SITE-DEPLOYMENT-ID="LA-Zeiterfassung" WAS-DEFAULT-HOSTNAME="la-zeiterfassung-fyd4cge3d9e3cac4.scm.germanywestcentral-01.azurewebsites.net" X-Forwarded-Proto="https" X-AppService-Proto="https" X-Forwarded-TlsVersion="1.3" X-WAWS-Unencoded-URL="/api/zipdeploy?author=ms-azuretools-vscode&amp;deployer=ms-azuretools-vscode&amp;isAsync=true&amp;trackDeploymentId=true" X-Client-IP="84.138.91.166" X-Client-Port="62175" >
  <step title="Cleanup Xml Logs" date="2025-05-21T20:19:38.615" >
    <step title="Cleanup Infos" date="2025-05-21T20:19:38.743" totalFiles="371" totalCleanup="211" /><!-- duration: 11ms -->
  </step><!-- duration: 150ms -->
  <step title="ZipPushDeploy" date="2025-05-21T20:19:39.185" >
    <step title="ZipDeploy. Extract zip." date="2025-05-21T20:19:39.315" /><!-- duration: 10ms -->
    <step title="None repository commit" date="2025-05-21T20:19:39.488" >
      <step title="Commit id: 78c74610-6754-461c-9d42-ba9cfa36f33f" date="2025-05-21T20:19:39.498" Message="N/A" AuthorName="N/A" AuthorEmail="N/A" /><!-- duration: 9ms -->
    </step><!-- duration: 20ms -->
    <step title="Starting PushDeployAsync" date="2025-05-21T20:19:39.527" /><!-- duration: 3ms -->
    <step title="Error occurred" date="2025-05-21T20:19:40.415" type="error" text="Error removing symlink: Path doesn&apos;t exist!" stackTrace="   at Mono.Unix.UnixFileSystemInfo.AssertValid()
   at Mono.Unix.UnixFileSystemInfo.get_FileType()
   at Kudu.Services.Deployment.PushDeploymentController.PushDeployAsync(ArtifactDeploymentInfo deploymentInfo, Boolean isAsync, HttpContext context, JObject requestJson) in /tmp/KuduLite/Kudu.Services/Deployment/PushDeploymentController.cs:line 740" /><!-- duration: 50ms -->
    <step title="Writing artifact to /tmp/zipdeploy/a1f9e7b7-8aa8-47f6-82ae-e54fe9d1f5d6.zip" date="2025-05-21T20:19:40.525" >
      <step title="Writing multipart request body to /tmp/zipdeploy/a1f9e7b7-8aa8-47f6-82ae-e54fe9d1f5d6.zip" date="2025-05-21T20:19:40.553" /><!-- duration: 2ms -->
    </step><!-- duration: 361ms -->
    <step title="Start deployment in the background" date="2025-05-21T20:19:41.006" >
      <step title="Acquiring Deployment Lock" date="2025-05-21T20:19:41.089" /><!-- duration: 10ms -->
      <step title="Acquired Deployment Lock" date="2025-05-21T20:19:41.240" /><!-- duration: 9ms -->
    </step><!-- duration: 493ms -->
  </step><!-- duration: 2344ms -->
  <step title="Outgoing response" date="2025-05-21T20:19:41.571" type="response" statusCode="202" statusText="Accepted" /><!-- duration: 9ms -->
</step><!-- duration: 2999ms -->
