<step title="BackgroundTrace" date="2025-05-21T19:19:56.002" instance="e0f283" url="/api/zipdeploy" method="POST" >
  <step title="Creating temporary deployment - FetchDeploymentManager" date="2025-05-21T19:19:56.118" /><!-- duration: 2ms -->
  <step title="Creating temporary deployment" date="2025-05-21T19:19:56.135" /><!-- duration: 65ms -->
  <step title="Performing fetch based deployment" date="2025-05-21T19:19:56.278" >
    <step title="Cleaning up temp folders from previous zip deployments and extracting pushed zip file /tmp/zipdeploy/5d8fd441-f85d-4809-85af-6b734e3cb6da.zip (0.02 MB) to /tmp/zipdeploy/extracted" date="2025-05-21T19:19:57.432" >
      <step title="ChmodRecursive Process exited with total time taken in ms: 100" date="2025-05-21T19:19:57.573" /><!-- duration: 10ms -->
    </step><!-- duration: 162ms -->
    <step title="Deployment timer started" date="2025-05-21T19:19:59.614" >
      <step title="DeploymentManager.Deploy(id:39a5c214-0321-4d99-bb3c-5fbd0c2a6884)" date="2025-05-21T19:19:59.623" >
        <step title="Collecting changeset information" date="2025-05-21T19:19:59.670" /><!-- duration: 163ms -->
        <step title="Updating submodules" date="2025-05-21T19:19:59.838" /><!-- duration: 1172ms -->
        <step title="Determining deployment builder" date="2025-05-21T19:20:01.224" >
          <step title="Builder is OryxBuilder" date="2025-05-21T19:20:01.265" /><!-- duration: 2ms -->
        </step><!-- duration: 47ms -->
        <step title="PreDeployment: context.CleanOutputPath False" date="2025-05-21T19:20:01.315" >
          <step title="PreDeployment: context.OutputPath /home/site/wwwroot" date="2025-05-21T19:20:01.409" >
            <step title="Building" date="2025-05-21T19:20:01.630" >
              <step title="Executing external process" date="2025-05-21T19:20:02.143" type="process" path="bash" arguments="-c &quot;oryx build /tmp/zipdeploy/extracted -o /home/site/wwwroot --platform python --platform-version 3.11 -p virtualenv_name=antenv --log-file /tmp/build-debug.log  -i /tmp/8dd989c7b9e4287 --compress-destination-dir | tee /tmp/oryx-build.log ; exit $PIPESTATUS &quot;" /><!-- duration: 85293ms -->
              <step title="Using PythonDeploymentLogParser" date="2025-05-21T19:21:27.762" /><!-- duration: 4ms -->
              <step title="Triggering recycle (preview mode disabled)." date="2025-05-21T19:21:28.510" /><!-- duration: 20ms -->
              <step title="Modified file to trigger a restart of the app container." date="2025-05-21T19:21:28.551" /><!-- duration: 10ms -->
              <step title="Skip function trigger and logicapp sync because function is not enabled." date="2025-05-21T19:21:28.590" /><!-- duration: 11ms -->
              <step title="Purge deployment items" date="2025-05-21T19:21:29.411" >
                <step title="Remove 0efbaaee-, Success, received at 05/21/2025 17:49:24" date="2025-05-21T19:21:29.458" /><!-- duration: 5ms -->
              </step><!-- duration: 58ms -->
            </step><!-- duration: 87897ms -->
          </step><!-- duration: 88125ms -->
          <step title="Cleaning up temp files" date="2025-05-21T19:21:29.536" /><!-- duration: 373ms -->
          <step title="Cleaning up temp files" date="2025-05-21T19:21:29.917" /><!-- duration: 512ms -->
          <step title="Reloading status file with latest updates" date="2025-05-21T19:21:30.452" >
            <step title="WebHooksManager.PublishEventAsync: PostDeployment" date="2025-05-21T19:21:30.465" /><!-- duration: 142ms -->
          </step><!-- duration: 164ms -->
          <step title="Cleaning up temporary deployment - fetch deployment was successful" date="2025-05-21T19:21:30.628" /><!-- duration: 3ms -->
        </step><!-- duration: 89348ms -->
      </step><!-- duration: 91060ms -->
