<step title="Incoming Request" date="2025-07-31T14:41:11.012" instance="a45adb" url="/api/deployments/latest" method="GET" type="request" pid="769,1,23" Accept="*/*" Host="la-zeiterfassung-fyd4cge3d9e3cac4.scm.azurewebsites.net" User-Agent="AZURECLI/2.75.0 (HOMEBREW)" Accept-Encoding="gzip, deflate" Authorization="Bas..." x-ms-client-request-id="5ce9e26e-6e1c-11f0-8aef-3ecdac25f1e6" X-ARR-LOG-ID="5ce9e26e-6e1c-11f0-8aef-3ecdac25f1e6" CLIENT-IP="84.138.86.68:62250" X-SITE-DEPLOYMENT-ID="la-zeiterfassung-fyd4cge3d9e3cac4" WAS-DEFAULT-HOSTNAME="la-zeiterfassung-fyd4cge3d9e3cac4.scm.azurewebsites.net" X-Forwarded-Proto="https" X-AppService-Proto="https" X-Forwarded-TlsVersion="1.3" X-WAWS-Unencoded-URL="/api/deployments/latest" X-Client-IP="84.138.86.68" X-Client-Port="62250" >
  <step title="Cleanup Xml Logs" date="2025-07-31T14:41:11.023" >
    <step title="Cleanup Infos" date="2025-07-31T14:41:11.062" totalFiles="204" totalCleanup="44" /><!-- duration: 20ms -->
  </step><!-- duration: 62ms -->
  <step title="DeploymentService.GetResult" date="2025-07-31T14:41:11.123" >
    <step title="DeploymentService.GetLatestDeployment" date="2025-07-31T14:41:11.132" >
      <step title="DeploymentManager.GetResults" date="2025-07-31T14:41:11.142" /><!-- duration: 799ms -->
    </step><!-- duration: 813ms -->
  </step><!-- duration: 826ms -->
  <step title="Outgoing response" date="2025-07-31T14:41:11.955" type="response" statusCode="202" statusText="Accepted" /><!-- duration: 3ms -->
</step><!-- duration: 951ms -->
