<step title="Incoming Request" date="2025-07-28T22:38:52.212" instance="a45adb" url="/api/zipdeploy" method="POST" type="request" pid="769,1,5" Accept="*/*" Host="la-zeiterfassung-fyd4cge3d9e3cac4.scm.azurewebsites.net" User-Agent="curl/8.7.1" Authorization="Bas..." Content-Length="19230" X-ARR-LOG-ID="8c977bbb-6f70-4561-bafb-1bdeabc8e2ba" CLIENT-IP="84.138.86.68:62178" X-SITE-DEPLOYMENT-ID="la-zeiterfassung-fyd4cge3d9e3cac4" WAS-DEFAULT-HOSTNAME="la-zeiterfassung-fyd4cge3d9e3cac4.scm.azurewebsites.net" X-Forwarded-Proto="https" X-AppService-Proto="https" X-Forwarded-TlsVersion="1.3" X-WAWS-Unencoded-URL="/api/zipdeploy" X-Client-IP="84.138.86.68" X-Client-Port="62178" >
  <step title="ZipPushDeploy" date="2025-07-28T22:38:52.733" >
    <step title="ZipDeploy. Extract zip. Remote build." date="2025-07-28T22:38:52.743" /><!-- duration: 4ms -->
    <step title="None repository commit" date="2025-07-28T22:38:52.757" >
      <step title="Commit id: b4419493-43c2-42a7-9491-9c488b69b62f" date="2025-07-28T22:38:52.764" Message="N/A" AuthorName="N/A" AuthorEmail="N/A" /><!-- duration: 3ms -->
    </step><!-- duration: 14ms -->
    <step title="Starting PushDeployAsync" date="2025-07-28T22:38:52.774" /><!-- duration: 3ms -->
    <step title="Writing artifact to /tmp/zipdeploy/7e843bb4-1b02-4916-aeb5-c416ee39e0f0.zip" date="2025-07-28T22:38:52.791" >
      <step title="Writing multipart request body to /tmp/zipdeploy/7e843bb4-1b02-4916-aeb5-c416ee39e0f0.zip" date="2025-07-28T22:38:52.795" /><!-- duration: 3ms -->
    </step><!-- duration: 52ms -->
    <step title="Attempting to fetch target branch HEAD" date="2025-07-28T22:38:52.883" /><!-- duration: 9ms -->
    <step title="Acquiring Deployment Lock" date="2025-07-28T22:38:52.896" /><!-- duration: 3ms -->
    <step title="Acquired Deployment Lock" date="2025-07-28T22:38:52.932" /><!-- duration: 3ms -->
    <step title="Performing fetch based deployment" date="2025-07-28T22:38:52.943" >
      <step title="Creating temporary deployment" date="2025-07-28T22:38:52.947" /><!-- duration: 51ms -->
      <step title="Releasing Deployment Lock" date="2025-07-28T22:38:54.230" /><!-- duration: 27ms -->
      <step title="Cleaning up temp folders from previous zip deployments and extracting pushed zip file /tmp/zipdeploy/7e843bb4-1b02-4916-aeb5-c416ee39e0f0.zip (0.02 MB) to /tmp/zipdeploy/extracted" date="2025-07-28T22:38:54.357" >
        <step title="ChmodRecursive Process exited with total time taken in ms: 71" date="2025-07-28T22:38:54.491" /><!-- duration: 9ms -->
      </step><!-- duration: 152ms -->
      <step title="None repository commit" date="2025-07-28T22:38:54.521" >
        <step title="Commit id: b4419493-43c2-42a7-9491-9c488b69b62f" date="2025-07-28T22:38:54.531" Message="Created via a push deployment" AuthorName="N/A" AuthorEmail="N/A" /><!-- duration: 4ms -->
      </step><!-- duration: 17ms -->
      <step title="Deployment timer started" date="2025-07-28T22:38:56.545" >
        <step title="DeploymentManager.Deploy(id:b4419493-43c2-42a7-9491-9c488b69b62f)" date="2025-07-28T22:38:56.556" >
          <step title="Collecting changeset information" date="2025-07-28T22:38:56.570" /><!-- duration: 96ms -->
          <step title="Updating submodules" date="2025-07-28T22:38:56.674" /><!-- duration: 1287ms -->
          <step title="Determining deployment builder" date="2025-07-28T22:38:58.230" >
            <step title="Builder is OryxBuilder" date="2025-07-28T22:38:58.241" /><!-- duration: 3ms -->
          </step><!-- duration: 17ms -->
          <step title="PreDeployment: context.CleanOutputPath False" date="2025-07-28T22:38:58.295" >
            <step title="PreDeployment: context.OutputPath /home/site/wwwroot" date="2025-07-28T22:38:58.405" >
              <step title="Building" date="2025-07-28T22:38:58.550" >
                <step title="Executing external process" date="2025-07-28T22:38:59.234" type="process" path="bash" arguments="-c &quot;oryx build /tmp/zipdeploy/extracted -o /home/site/wwwroot --platform python --platform-version 3.11 -p virtualenv_name=antenv --log-file /tmp/build-debug.log  -i /tmp/8ddce278ab2daae --compress-destination-dir | tee /tmp/oryx-build.log ; exit $PIPESTATUS &quot;" /><!-- duration: 114148ms -->
                <step title="Using PythonDeploymentLogParser" date="2025-07-28T22:40:53.879" /><!-- duration: 9ms -->
                <step title="Triggering recycle (preview mode disabled)." date="2025-07-28T22:40:55.148" /><!-- duration: 5ms -->
                <step title="Modified file to trigger a restart of the app container." date="2025-07-28T22:40:55.194" /><!-- duration: 8ms -->
                <step title="Skip function trigger and logicapp sync because function is not enabled." date="2025-07-28T22:40:55.219" /><!-- duration: 18ms -->
                <step title="Purge deployment items" date="2025-07-28T22:40:56.057" >
                  <step title="Remove 5bb7eeaf-, Failed, received at 07/28/2025 22:35:47" date="2025-07-28T22:40:56.139" /><!-- duration: 27ms -->
                  <step title="Remove temp-acee, Failed, received at 07/28/2025 22:35:43" date="2025-07-28T22:40:56.273" /><!-- duration: 8ms -->
                </step><!-- duration: 228ms -->
              </step><!-- duration: 117822ms -->
            </step><!-- duration: 117973ms -->
            <step title="Cleaning up temp files" date="2025-07-28T22:40:56.384" /><!-- duration: 2272ms -->
            <step title="Cleaning up temp files" date="2025-07-28T22:40:58.667" /><!-- duration: 506ms -->
            <step title="Reloading status file with latest updates" date="2025-07-28T22:40:59.212" >
              <step title="WebHooksManager.PublishEventAsync: PostDeployment" date="2025-07-28T22:40:59.223" /><!-- duration: 143ms -->
            </step><!-- duration: 157ms -->
            <step title="Cleaning up temporary deployment - fetch deployment was successful" date="2025-07-28T22:40:59.383" /><!-- duration: 7ms -->
          </step><!-- duration: 121180ms -->
        </step><!-- duration: 122939ms -->
        <step title="Outgoing response" date="2025-07-28T22:40:59.540" type="response" statusCode="200" statusText="OK" /><!-- duration: 3ms -->
      </step><!-- duration: 123001ms -->
