<step title="BackgroundTrace" date="2025-05-21T20:09:14.156" instance="e0f283" url="/api/zipdeploy" method="POST" >
  <step title="Creating temporary deployment - FetchDeploymentManager" date="2025-05-21T20:09:14.240" /><!-- duration: 5ms -->
  <step title="Creating temporary deployment" date="2025-05-21T20:09:14.259" /><!-- duration: 296ms -->
  <step title="Performing fetch based deployment" date="2025-05-21T20:09:14.648" >
    <step title="Cleaning up temp folders from previous zip deployments and extracting pushed zip file /tmp/zipdeploy/d98023e7-9c24-4b5f-8234-db02e08231c2.zip (0.02 MB) to /tmp/zipdeploy/extracted" date="2025-05-21T20:09:15.863" >
      <step title="ChmodRecursive Process exited with total time taken in ms: 120" date="2025-05-21T20:09:16.034" /><!-- duration: 11ms -->
    </step><!-- duration: 192ms -->
    <step title="Deployment timer started" date="2025-05-21T20:09:18.090" >
      <step title="DeploymentManager.Deploy(id:fe6a38c9-ff55-46eb-8635-959a9330a9a0)" date="2025-05-21T20:09:18.095" >
        <step title="Collecting changeset information" date="2025-05-21T20:09:18.132" /><!-- duration: 144ms -->
        <step title="Updating submodules" date="2025-05-21T20:09:18.286" /><!-- duration: 1146ms -->
        <step title="Determining deployment builder" date="2025-05-21T20:09:20.180" >
          <step title="Builder is OryxBuilder" date="2025-05-21T20:09:20.232" /><!-- duration: 22ms -->
        </step><!-- duration: 78ms -->
        <step title="PreDeployment: context.CleanOutputPath False" date="2025-05-21T20:09:20.307" >
          <step title="PreDeployment: context.OutputPath /home/site/wwwroot" date="2025-05-21T20:09:20.409" >
            <step title="Building" date="2025-05-21T20:09:20.539" >
              <step title="Executing external process" date="2025-05-21T20:09:20.971" type="process" path="bash" arguments="-c &quot;oryx build /tmp/zipdeploy/extracted -o /home/site/wwwroot --platform python --platform-version 3.11 -p virtualenv_name=antenv --log-file /tmp/build-debug.log  -i /tmp/8dd98a35f510654 --compress-destination-dir | tee /tmp/oryx-build.log ; exit $PIPESTATUS &quot;" /><!-- duration: 184921ms -->
              <step title="Using PythonDeploymentLogParser" date="2025-05-21T20:12:26.839" /><!-- duration: 18ms -->
              <step title="Triggering recycle (preview mode disabled)." date="2025-05-21T20:12:28.737" /><!-- duration: 23ms -->
              <step title="Modified file to trigger a restart of the app container." date="2025-05-21T20:12:28.838" /><!-- duration: 20ms -->
              <step title="Skip function trigger and logicapp sync because function is not enabled." date="2025-05-21T20:12:28.929" /><!-- duration: 19ms -->
              <step title="Purge deployment items" date="2025-05-21T20:12:31.011" >
                <step title="Remove f0daa1b8-, Failed, received at 05/21/2025 20:01:16" date="2025-05-21T20:12:31.201" /><!-- duration: 11ms -->
                <step title="Remove temp-f79f, Failed, received at 05/21/2025 20:01:12" date="2025-05-21T20:12:31.341" /><!-- duration: 20ms -->
                <step title="Remove 63226262-, Success, received at 05/21/2025 17:58:56" date="2025-05-21T20:12:31.505" /><!-- duration: 17ms -->
              </step><!-- duration: 551ms -->
            </step><!-- duration: 191126ms -->
          </step><!-- duration: 191265ms -->
          <step title="Cleaning up temp files" date="2025-05-21T20:12:31.684" /><!-- duration: 522ms -->
          <step title="Cleaning up temp files" date="2025-05-21T20:12:32.216" /><!-- duration: 538ms -->
          <step title="Reloading status file with latest updates" date="2025-05-21T20:12:32.785" >
            <step title="WebHooksManager.PublishEventAsync: PostDeployment" date="2025-05-21T20:12:32.808" /><!-- duration: 113ms -->
          </step><!-- duration: 144ms -->
          <step title="Cleaning up temporary deployment - fetch deployment was successful" date="2025-05-21T20:12:32.950" /><!-- duration: 6ms -->
        </step><!-- duration: 192716ms -->
      </step><!-- duration: 194951ms -->
