<step title="Incoming Request" date="2025-05-21T20:34:57.538" instance="e0f283" url="/api/deployments/latest?deployer=ms-azuretools-vscode&amp;time=2025-05-21_20-34-53Z" method="GET" type="request" pid="770,1,7" Host="la-zeiterfassung-fyd4cge3d9e3cac4.scm.germanywestcentral-01.azurewebsites.net" User-Agent="vscode-azureappservice/0.26.1 core-rest-pipeline/1.19.1 Node/20.19.0 OS/(arm64-Darwin-24.3.0)" Accept-Encoding="gzip,deflate" Accept-Language="de" Authorization="Bea..." x-ms-correlation-request-id="0c6e2b40-c7cd-4542-861b-2e837415c07d" x-ms-client-request-id="5adff087-7b5f-47ce-a13f-6b346fd714fc" X-ARR-LOG-ID="5adff087-7b5f-47ce-a13f-6b346fd714fc" CLIENT-IP="84.138.91.166:61060" X-SITE-DEPLOYMENT-ID="LA-Zeiterfassung" WAS-DEFAULT-HOSTNAME="la-zeiterfassung-fyd4cge3d9e3cac4.scm.germanywestcentral-01.azurewebsites.net" X-Forwarded-Proto="https" X-AppService-Proto="https" X-Forwarded-TlsVersion="1.3" X-WAWS-Unencoded-URL="/api/deployments/latest?deployer=ms-azuretools-vscode&amp;time=2025-05-21_20-34-53Z" X-Client-IP="84.138.91.166" X-Client-Port="61060" >
  <step title="Cleanup Xml Logs" date="2025-05-21T20:34:57.586" >
    <step title="Cleanup Infos" date="2025-05-21T20:34:57.652" totalFiles="409" totalCleanup="249" /><!-- duration: 4ms -->
  </step><!-- duration: 73ms -->
  <step title="DeploymentService.GetResult" date="2025-05-21T20:34:57.669" >
    <step title="DeploymentService.GetLatestDeployment" date="2025-05-21T20:34:57.671" >
      <step title="DeploymentManager.GetResults" date="2025-05-21T20:34:57.674" /><!-- duration: 684ms -->
    </step><!-- duration: 695ms -->
  </step><!-- duration: 700ms -->
  <step title="Outgoing response" date="2025-05-21T20:34:58.373" type="response" statusCode="202" statusText="Accepted" /><!-- duration: 2ms -->
</step><!-- duration: 842ms -->
