<step title="BackgroundTrace" date="2025-05-21T18:18:11.814" instance="e0f283" url="/api/zipdeploy" method="POST" >
  <step title="Creating temporary deployment - FetchDeploymentManager" date="2025-05-21T18:18:11.952" /><!-- duration: 3ms -->
  <step title="Creating temporary deployment" date="2025-05-21T18:18:11.967" /><!-- duration: 67ms -->
  <step title="Performing fetch based deployment" date="2025-05-21T18:18:12.061" >
    <step title="Cleaning up temp folders from previous zip deployments and extracting pushed zip file /tmp/zipdeploy/a0ac6108-cb66-4a77-935b-b70ccce5c2e4.zip (0.01 MB) to /tmp/zipdeploy/extracted" date="2025-05-21T18:18:13.556" >
      <step title="ChmodRecursive Process exited with total time taken in ms: 220" date="2025-05-21T18:18:13.983" /><!-- duration: 28ms -->
    </step><!-- duration: 475ms -->
    <step title="Deployment timer started" date="2025-05-21T18:18:16.065" >
      <step title="DeploymentManager.Deploy(id:74706c09-054b-4ab8-9c84-22e86df1a411)" date="2025-05-21T18:18:16.077" >
        <step title="Collecting changeset information" date="2025-05-21T18:18:16.159" /><!-- duration: 365ms -->
        <step title="Updating submodules" date="2025-05-21T18:18:16.539" /><!-- duration: 1100ms -->
        <step title="Determining deployment builder" date="2025-05-21T18:18:17.810" >
          <step title="Builder is OryxBuilder" date="2025-05-21T18:18:17.836" /><!-- duration: 3ms -->
        </step><!-- duration: 39ms -->
        <step title="PreDeployment: context.CleanOutputPath False" date="2025-05-21T18:18:17.902" >
          <step title="PreDeployment: context.OutputPath /home/site/wwwroot" date="2025-05-21T18:18:18.059" >
            <step title="Building" date="2025-05-21T18:18:18.221" >
              <step title="Executing external process" date="2025-05-21T18:18:19.095" type="process" path="bash" arguments="-c &quot;oryx build /tmp/zipdeploy/extracted -o /home/site/wwwroot --platform python --platform-version 3.11 -p virtualenv_name=antenv --log-file /tmp/build-debug.log  -i /tmp/8dd9893dc35bb4f --compress-destination-dir | tee /tmp/oryx-build.log ; exit $PIPESTATUS &quot;" /><!-- duration: 58637ms -->
              <step title="Using PythonDeploymentLogParser" date="2025-05-21T18:19:18.065" /><!-- duration: 9ms -->
              <step title="Triggering recycle (preview mode disabled)." date="2025-05-21T18:19:18.979" /><!-- duration: 15ms -->
              <step title="Modified file to trigger a restart of the app container." date="2025-05-21T18:19:19.022" /><!-- duration: 10ms -->
              <step title="Skip function trigger and logicapp sync because function is not enabled." date="2025-05-21T18:19:19.038" /><!-- duration: 14ms -->
              <step title="Purge deployment items" date="2025-05-21T18:19:19.916" >
                <step title="Remove dd0d080f-, Success, received at 05/21/2025 16:18:20" date="2025-05-21T18:19:19.979" /><!-- duration: 4ms -->
              </step><!-- duration: 72ms -->
            </step><!-- duration: 61840ms -->
          </step><!-- duration: 62005ms -->
          <step title="Cleaning up temp files" date="2025-05-21T18:19:20.067" /><!-- duration: 428ms -->
          <step title="Cleaning up temp files" date="2025-05-21T18:19:20.505" /><!-- duration: 528ms -->
          <step title="Reloading status file with latest updates" date="2025-05-21T18:19:21.114" >
            <step title="WebHooksManager.PublishEventAsync: PostDeployment" date="2025-05-21T18:19:21.118" /><!-- duration: 48ms -->
          </step><!-- duration: 56ms -->
          <step title="Cleaning up temporary deployment - fetch deployment was successful" date="2025-05-21T18:19:21.176" /><!-- duration: 3ms -->
        </step><!-- duration: 63316ms -->
      </step><!-- duration: 65175ms -->
