<step title="BackgroundTrace" date="2025-07-31T13:07:27.594" instance="a45adb" url="/api/zipdeploy" method="POST" >
  <step title="Creating temporary deployment - FetchDeploymentManager" date="2025-07-31T13:07:27.827" /><!-- duration: 4ms -->
  <step title="Creating temporary deployment" date="2025-07-31T13:07:27.845" /><!-- duration: 122ms -->
  <step title="Performing fetch based deployment" date="2025-07-31T13:07:28.154" >
    <step title="Cleaning up temp folders from previous zip deployments and extracting pushed zip file /tmp/zipdeploy/b2302077-7690-4705-ae7d-7f6c3dda9c94.zip (0.01 MB) to /tmp/zipdeploy/extracted" date="2025-07-31T13:07:29.362" >
      <step title="ChmodRecursive Process exited with total time taken in ms: 158" date="2025-07-31T13:07:29.608" /><!-- duration: 4ms -->
    </step><!-- duration: 267ms -->
    <step title="Deployment timer started" date="2025-07-31T13:07:31.682" >
      <step title="DeploymentManager.Deploy(id:d5309eb6-b8e9-4acc-bcd5-da3ebf643adb)" date="2025-07-31T13:07:31.701" >
        <step title="Collecting changeset information" date="2025-07-31T13:07:31.733" /><!-- duration: 180ms -->
        <step title="Updating submodules" date="2025-07-31T13:07:31.919" /><!-- duration: 1180ms -->
        <step title="Determining deployment builder" date="2025-07-31T13:07:33.656" >
          <step title="Builder is OryxBuilder" date="2025-07-31T13:07:33.709" /><!-- duration: 18ms -->
        </step><!-- duration: 100ms -->
        <step title="PreDeployment: context.CleanOutputPath False" date="2025-07-31T13:07:33.839" >
          <step title="PreDeployment: context.OutputPath /home/site/wwwroot" date="2025-07-31T13:07:34.013" >
            <step title="Building" date="2025-07-31T13:07:34.414" >
              <step title="Executing external process" date="2025-07-31T13:07:34.793" type="process" path="bash" arguments="-c &quot;oryx build /tmp/zipdeploy/extracted -o /home/site/wwwroot --platform python --platform-version 3.11 -p virtualenv_name=antenv --log-file /tmp/build-debug.log  -i /tmp/8ddd03336c9faf1 --compress-destination-dir | tee /tmp/oryx-build.log ; exit $PIPESTATUS &quot;" /><!-- duration: 72876ms -->
              <step title="Using PythonDeploymentLogParser" date="2025-07-31T13:08:48.097" /><!-- duration: 4ms -->
              <step title="Triggering recycle (preview mode disabled)." date="2025-07-31T13:08:49.692" /><!-- duration: 24ms -->
              <step title="Modified file to trigger a restart of the app container." date="2025-07-31T13:08:49.776" /><!-- duration: 17ms -->
              <step title="Skip function trigger and logicapp sync because function is not enabled." date="2025-07-31T13:08:49.823" /><!-- duration: 11ms -->
              <step title="Purge deployment items" date="2025-07-31T13:08:51.223" >
                <step title="Remove 7c469531-, Success, received at 07/29/2025 09:10:40" date="2025-07-31T13:08:51.285" /><!-- duration: 4ms -->
              </step><!-- duration: 76ms -->
            </step><!-- duration: 76958ms -->
          </step><!-- duration: 77363ms -->
          <step title="Cleaning up temp files" date="2025-07-31T13:08:51.380" /><!-- duration: 2057ms -->
          <step title="Cleaning up temp files" date="2025-07-31T13:08:53.452" /><!-- duration: 535ms -->
          <step title="Reloading status file with latest updates" date="2025-07-31T13:08:54.048" >
            <step title="WebHooksManager.PublishEventAsync: PostDeployment" date="2025-07-31T13:08:54.063" /><!-- duration: 53ms -->
          </step><!-- duration: 72ms -->
          <step title="Cleaning up temporary deployment - fetch deployment was successful" date="2025-07-31T13:08:54.126" /><!-- duration: 3ms -->
        </step><!-- duration: 80351ms -->
      </step><!-- duration: 82511ms -->
