<step title="Incoming Request" date="2025-05-21T20:13:47.029" instance="e0f283" url="/api/deployments/latest" method="GET" type="request" pid="773,1,24" Host="la-zeiterfassung-fyd4cge3d9e3cac4.scm.germanywestcentral-01.azurewebsites.net" User-Agent="vscode-azureappservice/0.26.1 core-rest-pipeline/1.19.1 Node/20.19.0 OS/(arm64-Darwin-24.3.0)" Accept-Encoding="gzip,deflate" Accept-Language="de" Authorization="Bea..." x-ms-correlation-request-id="9eea99d2-2d2c-4ac2-94d9-d236d9dec560" x-ms-client-request-id="b6b767f5-38d9-4280-aee4-9aa09dd1250b" X-ARR-LOG-ID="b6b767f5-38d9-4280-aee4-9aa09dd1250b" CLIENT-IP="84.138.91.166:60986" X-SITE-DEPLOYMENT-ID="LA-Zeiterfassung" WAS-DEFAULT-HOSTNAME="la-zeiterfassung-fyd4cge3d9e3cac4.scm.germanywestcentral-01.azurewebsites.net" X-Forwarded-Proto="https" X-AppService-Proto="https" X-Forwarded-TlsVersion="1.3" X-WAWS-Unencoded-URL="/api/deployments/latest" X-Client-IP="84.138.91.166" X-Client-Port="60986" >
  <step title="Cleanup Xml Logs" date="2025-05-21T20:13:47.066" >
    <step title="Cleanup Infos" date="2025-05-21T20:13:47.197" totalFiles="369" totalCleanup="209" /><!-- duration: 3ms -->
  </step><!-- duration: 152ms -->
  <step title="DeploymentService.GetResult" date="2025-05-21T20:13:47.298" >
    <step title="DeploymentService.GetLatestDeployment" date="2025-05-21T20:13:47.318" >
      <step title="DeploymentManager.GetResults" date="2025-05-21T20:13:47.360" /><!-- duration: 945ms -->
    </step><!-- duration: 1018ms -->
  </step><!-- duration: 1086ms -->
  <step title="Outgoing response" date="2025-05-21T20:13:48.423" type="response" statusCode="202" statusText="Accepted" /><!-- duration: 20ms -->
</step><!-- duration: 1434ms -->
