<step title="BackgroundTrace" date="2025-07-31T20:49:07.905" instance="a45adb" url="/api/zipdeploy" method="POST" >
  <step title="Creating temporary deployment - FetchDeploymentManager" date="2025-07-31T20:49:08.266" /><!-- duration: 23ms -->
  <step title="Creating temporary deployment" date="2025-07-31T20:49:08.488" /><!-- duration: 383ms -->
  <step title="Performing fetch based deployment" date="2025-07-31T20:49:09.201" >
    <step title="Cleaning up temp folders from previous zip deployments and extracting pushed zip file /tmp/zipdeploy/c8e5c592-9ad1-4abd-a922-ae1f28137b05.zip (0.39 MB) to /tmp/zipdeploy/extracted" date="2025-07-31T20:49:10.860" >
      <step title="ChmodRecursive Process exited with total time taken in ms: 383" date="2025-07-31T20:49:11.918" /><!-- duration: 58ms -->
    </step><!-- duration: 1135ms -->
    <step title="Deployment timer started" date="2025-07-31T20:49:14.136" >
      <step title="DeploymentManager.Deploy(id:46463507-5305-4892-91ca-5be6a2786709)" date="2025-07-31T20:49:14.344" >
        <step title="Collecting changeset information" date="2025-07-31T20:49:14.654" /><!-- duration: 1011ms -->
        <step title="Updating submodules" date="2025-07-31T20:49:15.895" /><!-- duration: 1869ms -->
        <step title="Determining deployment builder" date="2025-07-31T20:49:18.148" >
          <step title="Builder is OryxBuilder" date="2025-07-31T20:49:18.256" /><!-- duration: 23ms -->
        </step><!-- duration: 189ms -->
        <step title="PreDeployment: context.CleanOutputPath False" date="2025-07-31T20:49:18.498" >
          <step title="PreDeployment: context.OutputPath /home/site/wwwroot" date="2025-07-31T20:49:18.738" >
            <step title="Building" date="2025-07-31T20:49:18.978" >
              <step title="Executing external process" date="2025-07-31T20:49:19.926" type="process" path="bash" arguments="-c &quot;oryx build /tmp/zipdeploy/extracted -o /home/site/wwwroot --platform python --platform-version 3.11 -p virtualenv_name=antenv --log-file /tmp/build-debug.log  -i /tmp/8ddd073b808ac0c --compress-destination-dir | tee /tmp/oryx-build.log ; exit $PIPESTATUS &quot;" /><!-- duration: 54063ms -->
              <step title="Using PythonDeploymentLogParser" date="2025-07-31T20:50:14.292" /><!-- duration: 3ms -->
              <step title="Triggering recycle (preview mode disabled)." date="2025-07-31T20:50:15.277" /><!-- duration: 9ms -->
              <step title="Modified file to trigger a restart of the app container." date="2025-07-31T20:50:15.315" /><!-- duration: 3ms -->
              <step title="Skip function trigger and logicapp sync because function is not enabled." date="2025-07-31T20:50:15.322" /><!-- duration: 3ms -->
              <step title="Purge deployment items" date="2025-07-31T20:50:16.374" >
                <step title="Remove 1d6d4646-, Success, received at 07/31/2025 18:30:32" date="2025-07-31T20:50:16.477" /><!-- duration: 4ms -->
              </step><!-- duration: 192ms -->
            </step><!-- duration: 57714ms -->
          </step><!-- duration: 57959ms -->
          <step title="Cleaning up temp files" date="2025-07-31T20:50:16.699" /><!-- duration: 2502ms -->
          <step title="Cleaning up temp files" date="2025-07-31T20:50:19.205" /><!-- duration: 508ms -->
          <step title="Reloading status file with latest updates" date="2025-07-31T20:50:19.746" >
            <step title="WebHooksManager.PublishEventAsync: PostDeployment" date="2025-07-31T20:50:19.758" /><!-- duration: 37ms -->
          </step><!-- duration: 52ms -->
          <step title="Cleaning up temporary deployment - fetch deployment was successful" date="2025-07-31T20:50:19.803" /><!-- duration: 3ms -->
        </step><!-- duration: 61356ms -->
      </step><!-- duration: 65524ms -->
