<step title="Incoming Request" date="2025-07-28T22:35:43.526" instance="a45adb" url="/api/publish?type=zip" method="POST" type="request" pid="770,1,5" Accept="*/*" Host="la-zeiterfassung-fyd4cge3d9e3cac4.scm.azurewebsites.net" User-Agent="AZURECLI/2.75.0 (HOMEBREW)" Accept-Encoding="gzip, deflate" Authorization="Bas..." Cache-Control="no-cache" Content-Type="application/octet-stream" Cookie="ARRAffinity=a45adbe19489ea2b14e790f681e17ad6f03a5528ca730625ec513d016d2b4c91; ARRAffinitySameSite=a45adbe19489ea2b14e790f681e17ad6f03a5528ca730625ec513d016d2b4c91" Content-Length="19230" x-ms-client-request-id="2e293c38-6c03-11f0-8b42-3ecdac25f1e6" x-ms-artifact-checksum="272a3552118bf6020c795ecff26c0bcdac0e7f8d114f2e4ba78c7dae0fc29566" X-ARR-LOG-ID="2e293c38-6c03-11f0-8b42-3ecdac25f1e6" CLIENT-IP="84.138.86.68:61151" X-SITE-DEPLOYMENT-ID="la-zeiterfassung-fyd4cge3d9e3cac4" WAS-DEFAULT-HOSTNAME="la-zeiterfassung-fyd4cge3d9e3cac4.scm.azurewebsites.net" X-Forwarded-Proto="https" X-AppService-Proto="https" X-Forwarded-TlsVersion="1.3" X-WAWS-Unencoded-URL="/api/publish?type=zip" X-Client-IP="84.138.86.68" X-Client-Port="61151" >
  <step title="OneDeploy" date="2025-07-28T22:35:43.576" >
    <step title="Starting PushDeployAsync" date="2025-07-28T22:35:43.600" /><!-- duration: 2ms -->
    <step title="Writing artifact to /tmp/zipdeploy/db2ac2b5-8d6c-4229-954e-19a804a81e27.zip" date="2025-07-28T22:35:43.616" >
      <step title="Writing multipart request body to /tmp/zipdeploy/db2ac2b5-8d6c-4229-954e-19a804a81e27.zip" date="2025-07-28T22:35:43.622" /><!-- duration: 14ms -->
    </step><!-- duration: 31ms -->
    <step title="Removing previous build artifact&apos;s manifest file" date="2025-07-28T22:35:43.665" >
      <step title="Attempting to fetch target branch HEAD" date="2025-07-28T22:35:43.685" /><!-- duration: 2ms -->
      <step title="Acquiring Deployment Lock" date="2025-07-28T22:35:43.690" /><!-- duration: 5ms -->
      <step title="Acquired Deployment Lock" date="2025-07-28T22:35:43.729" /><!-- duration: 3ms -->
      <step title="Performing fetch based deployment" date="2025-07-28T22:35:43.740" >
        <step title="Creating temporary deployment" date="2025-07-28T22:35:43.745" /><!-- duration: 72ms -->
        <step title="Releasing Deployment Lock" date="2025-07-28T22:35:45.067" /><!-- duration: 19ms -->
        <step title="Cleaning up temp folders from previous zip deployments and extracting pushed zip file /tmp/zipdeploy/db2ac2b5-8d6c-4229-954e-19a804a81e27.zip (0.02 MB) to /tmp/zipdeploy/extracted" date="2025-07-28T22:35:45.143" >
          <step title="ChmodRecursive Process exited with total time taken in ms: 118" date="2025-07-28T22:35:45.321" /><!-- duration: 21ms -->
        </step><!-- duration: 210ms -->
        <step title="None repository commit" date="2025-07-28T22:35:45.381" >
          <step title="Commit id: 5bb7eeaf-fbf8-46d9-8def-0489e6ef1cf4" date="2025-07-28T22:35:45.386" Message="OneDeploy" AuthorName="N/A" AuthorEmail="N/A" /><!-- duration: 4ms -->
        </step><!-- duration: 11ms -->
        <step title="Deployment timer started" date="2025-07-28T22:35:47.404" >
          <step title="DeploymentManager.Deploy(id:5bb7eeaf-fbf8-46d9-8def-0489e6ef1cf4)" date="2025-07-28T22:35:47.462" >
            <step title="Collecting changeset information" date="2025-07-28T22:35:47.542" /><!-- duration: 141ms -->
            <step title="Updating submodules" date="2025-07-28T22:35:47.703" /><!-- duration: 1140ms -->
            <step title="Determining deployment builder" date="2025-07-28T22:35:49.058" >
              <step title="Builder is OryxBuilder" date="2025-07-28T22:35:49.073" /><!-- duration: 4ms -->
            </step><!-- duration: 26ms -->
            <step title="PreDeployment: context.CleanOutputPath False" date="2025-07-28T22:35:49.125" >
              <step title="PreDeployment: context.OutputPath /home/site/wwwroot" date="2025-07-28T22:35:49.251" >
                <step title="Building" date="2025-07-28T22:35:49.363" >
                  <step title="Executing external process" date="2025-07-28T22:35:49.720" type="process" path="bash" arguments="-c &quot;oryx build /tmp/zipdeploy/extracted -o /home/site/wwwroot --platform python --platform-version 3.11 -p virtualenv_name=antenv --log-file /tmp/build-debug.log  -i /tmp/8ddce2719f2ff5f --compress-destination-dir | tee /tmp/oryx-build.log ; exit $PIPESTATUS &quot;" >
                    <step title="Cpu: python(1080,15.080s)+ts(1081,0.090s)+build.sh(1079,0.000s)+build.sh(1078,0.000s)+build.sh(994,0.020s)+oryx(977,3.930s)+tee(978,0.000s)+bash(976,0.000s)=total(19.120s)" date="2025-07-28T22:37:20.454" /><!-- duration: 59ms -->
                    <step title="bash: no io activity for 60s, prev-cpu=-1.000s, current-cpu=19.120s" date="2025-07-28T22:37:20.581" /><!-- duration: 31ms -->
