<step title="BackgroundTrace" date="2025-07-31T20:22:25.377" instance="a45adb" url="/api/zipdeploy" method="POST" >
  <step title="Creating temporary deployment - FetchDeploymentManager" date="2025-07-31T20:22:25.454" /><!-- duration: 5ms -->
  <step title="Creating temporary deployment" date="2025-07-31T20:22:25.468" /><!-- duration: 83ms -->
  <step title="Performing fetch based deployment" date="2025-07-31T20:22:25.634" >
    <step title="Cleaning up temp folders from previous zip deployments and extracting pushed zip file /tmp/zipdeploy/185c905f-47ca-4e50-b14b-7b5f53eae733.zip (0.39 MB) to /tmp/zipdeploy/extracted" date="2025-07-31T20:22:26.834" >
      <step title="ChmodRecursive Process exited with total time taken in ms: 137" date="2025-07-31T20:22:27.090" /><!-- duration: 9ms -->
    </step><!-- duration: 285ms -->
    <step title="Deployment timer started" date="2025-07-31T20:22:29.159" >
      <step title="DeploymentManager.Deploy(id:0971104b-b3a9-45cd-931f-7e0bd4906c16)" date="2025-07-31T20:22:29.178" >
        <step title="Collecting changeset information" date="2025-07-31T20:22:29.232" /><!-- duration: 107ms -->
        <step title="Updating submodules" date="2025-07-31T20:22:29.346" /><!-- duration: 1138ms -->
        <step title="Determining deployment builder" date="2025-07-31T20:22:31.229" >
          <step title="Builder is OryxBuilder" date="2025-07-31T20:22:31.270" /><!-- duration: 4ms -->
        </step><!-- duration: 52ms -->
        <step title="PreDeployment: context.CleanOutputPath False" date="2025-07-31T20:22:31.330" >
          <step title="PreDeployment: context.OutputPath /home/site/wwwroot" date="2025-07-31T20:22:31.448" >
            <step title="Building" date="2025-07-31T20:22:31.583" >
              <step title="Executing external process" date="2025-07-31T20:22:31.993" type="process" path="bash" arguments="-c &quot;oryx build /tmp/zipdeploy/extracted -o /home/site/wwwroot --platform python --platform-version 3.11 -p virtualenv_name=antenv --log-file /tmp/build-debug.log  -i /tmp/8ddd06ffa209f3c --compress-destination-dir | tee /tmp/oryx-build.log ; exit $PIPESTATUS &quot;" /><!-- duration: 82812ms -->
              <step title="Using PythonDeploymentLogParser" date="2025-07-31T20:23:55.357" /><!-- duration: 3ms -->
              <step title="Triggering recycle (preview mode disabled)." date="2025-07-31T20:23:57.040" /><!-- duration: 53ms -->
              <step title="Modified file to trigger a restart of the app container." date="2025-07-31T20:23:57.162" /><!-- duration: 12ms -->
              <step title="Skip function trigger and logicapp sync because function is not enabled." date="2025-07-31T20:23:57.254" /><!-- duration: 48ms -->
              <step title="Purge deployment items" date="2025-07-31T20:23:59.097" >
                <step title="Remove 8f66c298-, Success, received at 07/31/2025 18:18:19" date="2025-07-31T20:23:59.298" /><!-- duration: 9ms -->
              </step><!-- duration: 230ms -->
            </step><!-- duration: 87883ms -->
          </step><!-- duration: 88050ms -->
          <step title="Cleaning up temp files" date="2025-07-31T20:23:59.517" /><!-- duration: 3054ms -->
          <step title="Cleaning up temp files" date="2025-07-31T20:24:02.620" /><!-- duration: 566ms -->
          <step title="Reloading status file with latest updates" date="2025-07-31T20:24:03.259" >
            <step title="WebHooksManager.PublishEventAsync: PostDeployment" date="2025-07-31T20:24:03.297" /><!-- duration: 411ms -->
          </step><!-- duration: 459ms -->
          <step title="Cleaning up temporary deployment - fetch deployment was successful" date="2025-07-31T20:24:03.749" /><!-- duration: 39ms -->
        </step><!-- duration: 92567ms -->
      </step><!-- duration: 94798ms -->
