<step title="Incoming Request" date="2025-07-29T09:32:20.232" instance="a45adb" url="/api/publish?type=zip" method="POST" type="request" pid="769,1,24" Accept="*/*" Host="la-zeiterfassung-fyd4cge3d9e3cac4.scm.azurewebsites.net" User-Agent="AZURECLI/2.75.0 (HOMEBREW)" Accept-Encoding="gzip, deflate" Authorization="Bas..." Cache-Control="no-cache" Content-Type="application/octet-stream" Cookie="ARRAffinity=a45adbe19489ea2b14e790f681e17ad6f03a5528ca730625ec513d016d2b4c91; ARRAffinitySameSite=a45adbe19489ea2b14e790f681e17ad6f03a5528ca730625ec513d016d2b4c91" Content-Length="3191" x-ms-client-request-id="e753d0d2-6c5e-11f0-ae93-3ecdac25f1e6" x-ms-artifact-checksum="96e9c39d9fb37e22efada8ed6d304fad1c5df8cefdd4038bc3bfc7951a4de31c" X-ARR-LOG-ID="e753d0d2-6c5e-11f0-ae93-3ecdac25f1e6" CLIENT-IP="84.138.86.68:64309" X-SITE-DEPLOYMENT-ID="la-zeiterfassung-fyd4cge3d9e3cac4" WAS-DEFAULT-HOSTNAME="la-zeiterfassung-fyd4cge3d9e3cac4.scm.azurewebsites.net" X-Forwarded-Proto="https" X-AppService-Proto="https" X-Forwarded-TlsVersion="1.3" X-WAWS-Unencoded-URL="/api/publish?type=zip" X-Client-IP="84.138.86.68" X-Client-Port="64309" >
  <step title="OneDeploy" date="2025-07-29T09:32:20.349" >
    <step title="Starting PushDeployAsync" date="2025-07-29T09:32:20.371" /><!-- duration: 18ms -->
    <step title="Writing artifact to /tmp/zipdeploy/0df66ef8-4189-49aa-85cb-1985bdc62f40.zip" date="2025-07-29T09:32:20.431" >
      <step title="Writing multipart request body to /tmp/zipdeploy/0df66ef8-4189-49aa-85cb-1985bdc62f40.zip" date="2025-07-29T09:32:20.449" /><!-- duration: 4ms -->
    </step><!-- duration: 163ms -->
    <step title="Removing previous build artifact&apos;s manifest file" date="2025-07-29T09:32:20.632" >
      <step title="Attempting to fetch target branch HEAD" date="2025-07-29T09:32:20.683" /><!-- duration: 19ms -->
      <step title="Acquiring Deployment Lock" date="2025-07-29T09:32:20.721" /><!-- duration: 22ms -->
      <step title="Acquired Deployment Lock" date="2025-07-29T09:32:20.855" /><!-- duration: 17ms -->
      <step title="Performing fetch based deployment" date="2025-07-29T09:32:20.922" >
        <step title="Creating temporary deployment" date="2025-07-29T09:32:20.972" /><!-- duration: 181ms -->
        <step title="Releasing Deployment Lock" date="2025-07-29T09:32:22.674" /><!-- duration: 41ms -->
        <step title="Cleaning up temp folders from previous zip deployments and extracting pushed zip file /tmp/zipdeploy/0df66ef8-4189-49aa-85cb-1985bdc62f40.zip (0.00 MB) to /tmp/zipdeploy/extracted" date="2025-07-29T09:32:22.860" >
          <step title="ChmodRecursive Process exited with total time taken in ms: 169" date="2025-07-29T09:32:23.142" /><!-- duration: 3ms -->
        </step><!-- duration: 364ms -->
        <step title="None repository commit" date="2025-07-29T09:32:23.264" >
          <step title="Commit id: e46d357b-b9c4-4f99-bcf5-bea576a30ed6" date="2025-07-29T09:32:23.273" Message="OneDeploy" AuthorName="N/A" AuthorEmail="N/A" /><!-- duration: 18ms -->
        </step><!-- duration: 48ms -->
        <step title="Deployment timer started" date="2025-07-29T09:32:25.323" >
          <step title="DeploymentManager.Deploy(id:e46d357b-b9c4-4f99-bcf5-bea576a30ed6)" date="2025-07-29T09:32:25.363" >
            <step title="Collecting changeset information" date="2025-07-29T09:32:25.452" /><!-- duration: 152ms -->
            <step title="Updating submodules" date="2025-07-29T09:32:25.625" /><!-- duration: 1253ms -->
            <step title="Determining deployment builder" date="2025-07-29T09:32:27.127" >
              <step title="Builder is OryxBuilder" date="2025-07-29T09:32:27.156" /><!-- duration: 3ms -->
            </step><!-- duration: 48ms -->
            <step title="PreDeployment: context.CleanOutputPath False" date="2025-07-29T09:32:27.224" >
              <step title="PreDeployment: context.OutputPath /home/site/wwwroot" date="2025-07-29T09:32:27.346" >
                <step title="Building" date="2025-07-29T09:32:27.480" >
                  <step title="Executing external process" date="2025-07-29T09:32:27.825" type="process" path="bash" arguments="-c &quot;oryx build /tmp/zipdeploy/extracted -o /home/site/wwwroot --platform python --platform-version 3.11 -p virtualenv_name=antenv --log-file /tmp/build-debug.log  -i /tmp/8ddce82d50a6f3b --compress-destination-dir | tee /tmp/oryx-build.log ; exit $PIPESTATUS &quot;" /><!-- duration: 65067ms -->
                  <step title="Using PythonDeploymentLogParser" date="2025-07-29T09:33:33.324" /><!-- duration: 4ms -->
                  <step title="Modified file to trigger a restart of the app container." date="2025-07-29T09:33:34.708" /><!-- duration: 5ms -->
                  <step title="Skip function trigger and logicapp sync because function is not enabled." date="2025-07-29T09:33:34.717" /><!-- duration: 8ms -->
                  <step title="Purge deployment items" date="2025-07-29T09:33:35.753" >
                    <step title="Remove 73cfad70-, Success, received at 07/29/2025 07:42:28" date="2025-07-29T09:33:35.811" /><!-- duration: 3ms -->
                  </step><!-- duration: 63ms -->
                </step><!-- duration: 68404ms -->
              </step><!-- duration: 68542ms -->
              <step title="Cleaning up temp files" date="2025-07-29T09:33:35.892" /><!-- duration: 2091ms -->
              <step title="Cleaning up temp files" date="2025-07-29T09:33:37.991" /><!-- duration: 513ms -->
              <step title="Reloading status file with latest updates" date="2025-07-29T09:33:38.532" >
                <step title="WebHooksManager.PublishEventAsync: PostDeployment" date="2025-07-29T09:33:38.543" /><!-- duration: 46ms -->
              </step><!-- duration: 61ms -->
              <step title="Cleaning up temporary deployment - fetch deployment was successful" date="2025-07-29T09:33:38.603" /><!-- duration: 6ms -->
            </step><!-- duration: 71492ms -->
          </step><!-- duration: 73364ms -->
          <step title="Outgoing response" date="2025-07-29T09:33:38.824" type="response" statusCode="200" statusText="OK" /><!-- duration: 18ms -->
        </step><!-- duration: 73552ms -->
