<step title="BackgroundTrace" date="2025-07-31T15:03:27.496" instance="a45adb" url="/api/zipdeploy" method="POST" >
  <step title="Creating temporary deployment - FetchDeploymentManager" date="2025-07-31T15:03:27.633" /><!-- duration: 10ms -->
  <step title="Creating temporary deployment" date="2025-07-31T15:03:27.662" /><!-- duration: 111ms -->
  <step title="Performing fetch based deployment" date="2025-07-31T15:03:27.864" >
    <step title="Cleaning up temp folders from previous zip deployments and extracting pushed zip file /tmp/zipdeploy/37d38b67-9779-4211-b70b-5600044c9fa1.zip (0.03 MB) to /tmp/zipdeploy/extracted" date="2025-07-31T15:03:29.074" >
      <step title="ChmodRecursive Process exited with total time taken in ms: 69" date="2025-07-31T15:03:29.199" /><!-- duration: 11ms -->
    </step><!-- duration: 154ms -->
    <step title="Deployment timer started" date="2025-07-31T15:03:31.261" >
      <step title="DeploymentManager.Deploy(id:6ee2319d-35e1-4908-a518-0b28a95f5473)" date="2025-07-31T15:03:31.273" >
        <step title="Collecting changeset information" date="2025-07-31T15:03:31.345" /><!-- duration: 140ms -->
        <step title="Updating submodules" date="2025-07-31T15:03:31.490" /><!-- duration: 1136ms -->
        <step title="Determining deployment builder" date="2025-07-31T15:03:32.825" >
          <step title="Builder is OryxBuilder" date="2025-07-31T15:03:32.859" /><!-- duration: 9ms -->
        </step><!-- duration: 46ms -->
        <step title="PreDeployment: context.CleanOutputPath False" date="2025-07-31T15:03:32.911" >
          <step title="PreDeployment: context.OutputPath /home/site/wwwroot" date="2025-07-31T15:03:33.032" >
            <step title="Building" date="2025-07-31T15:03:33.194" >
              <step title="Executing external process" date="2025-07-31T15:03:33.600" type="process" path="bash" arguments="-c &quot;oryx build /tmp/zipdeploy/extracted -o /home/site/wwwroot --platform python --platform-version 3.11 -p virtualenv_name=antenv --log-file /tmp/build-debug.log  -i /tmp/8ddd0436abf11a1 --compress-destination-dir | tee /tmp/oryx-build.log ; exit $PIPESTATUS &quot;" /><!-- duration: 70701ms -->
              <step title="Using PythonDeploymentLogParser" date="2025-07-31T15:04:44.718" /><!-- duration: 12ms -->
              <step title="Triggering recycle (preview mode disabled)." date="2025-07-31T15:04:45.763" /><!-- duration: 6ms -->
              <step title="Modified file to trigger a restart of the app container." date="2025-07-31T15:04:45.823" /><!-- duration: 3ms -->
              <step title="Skip function trigger and logicapp sync because function is not enabled." date="2025-07-31T15:04:45.854" /><!-- duration: 39ms -->
              <step title="Purge deployment items" date="2025-07-31T15:04:46.919" >
                <step title="Remove 0d75d7e3-, Success, received at 07/31/2025 13:37:22" date="2025-07-31T15:04:46.983" /><!-- duration: 5ms -->
              </step><!-- duration: 77ms -->
            </step><!-- duration: 73866ms -->
          </step><!-- duration: 74034ms -->
          <step title="Cleaning up temp files" date="2025-07-31T15:04:47.070" /><!-- duration: 1927ms -->
          <step title="Cleaning up temp files" date="2025-07-31T15:04:49.005" /><!-- duration: 531ms -->
          <step title="Reloading status file with latest updates" date="2025-07-31T15:04:49.597" >
            <step title="WebHooksManager.PublishEventAsync: PostDeployment" date="2025-07-31T15:04:49.606" /><!-- duration: 27ms -->
          </step><!-- duration: 39ms -->
          <step title="Cleaning up temporary deployment - fetch deployment was successful" date="2025-07-31T15:04:49.640" /><!-- duration: 3ms -->
        </step><!-- duration: 76772ms -->
      </step><!-- duration: 78427ms -->
