<step title="Incoming Request" date="2025-05-21T20:01:19.189" instance="e0f283" url="/api/deployments/latest?deployer=ms-azuretools-vscode&amp;time=2025-05-21_20-01-12Z" method="GET" type="request" pid="772,1,7" Host="la-zeiterfassung-fyd4cge3d9e3cac4.scm.germanywestcentral-01.azurewebsites.net" User-Agent="vscode-azureappservice/0.26.1 core-rest-pipeline/1.19.1 Node/20.19.0 OS/(arm64-Darwin-24.3.0)" Accept-Encoding="gzip,deflate" Accept-Language="de" Authorization="Bea..." x-ms-correlation-request-id="e2fdff24-57d5-4ebd-93d7-797da94c8366" x-ms-client-request-id="0daf61b4-47a0-481b-bacc-c3eee2fe995a" X-ARR-LOG-ID="0daf61b4-47a0-481b-bacc-c3eee2fe995a" CLIENT-IP="84.138.91.166:60089" X-SITE-DEPLOYMENT-ID="LA-Zeiterfassung" WAS-DEFAULT-HOSTNAME="la-zeiterfassung-fyd4cge3d9e3cac4.scm.germanywestcentral-01.azurewebsites.net" X-Forwarded-Proto="https" X-AppService-Proto="https" X-Forwarded-TlsVersion="1.3" X-WAWS-Unencoded-URL="/api/deployments/latest?deployer=ms-azuretools-vscode&amp;time=2025-05-21_20-01-12Z" X-Client-IP="84.138.91.166" X-Client-Port="60089" >
  <step title="Cleanup Xml Logs" date="2025-05-21T20:01:19.219" >
    <step title="Cleanup Infos" date="2025-05-21T20:01:19.234" totalFiles="334" totalCleanup="174" /><!-- duration: 10ms -->
  </step><!-- duration: 34ms -->
  <step title="DeploymentService.GetResult" date="2025-05-21T20:01:19.291" >
    <step title="DeploymentService.GetLatestDeployment" date="2025-05-21T20:01:19.293" >
      <step title="DeploymentManager.GetResults" date="2025-05-21T20:01:19.311" /><!-- duration: 716ms -->
    </step><!-- duration: 752ms -->
  </step><!-- duration: 764ms -->
  <step title="Outgoing response" date="2025-05-21T20:01:20.078" type="response" statusCode="202" statusText="Accepted" /><!-- duration: 8ms -->
</step><!-- duration: 907ms -->
