<step title="Incoming Request" date="2025-07-31T20:49:13.031" instance="a45adb" url="/api/deployments/latest" method="GET" type="request" pid="770,1,3" Accept="*/*" Host="la-zeiterfassung-fyd4cge3d9e3cac4.scm.azurewebsites.net" User-Agent="AZURECLI/2.75.0 (HOMEBREW)" Accept-Encoding="gzip, deflate" Authorization="Bas..." x-ms-client-request-id="c7fc6314-6e4f-11f0-a3ec-3ecdac25f1e6" X-ARR-LOG-ID="c7fc6314-6e4f-11f0-a3ec-3ecdac25f1e6" CLIENT-IP="84.138.86.68:60249" X-SITE-DEPLOYMENT-ID="la-zeiterfassung-fyd4cge3d9e3cac4" WAS-DEFAULT-HOSTNAME="la-zeiterfassung-fyd4cge3d9e3cac4.scm.azurewebsites.net" X-Forwarded-Proto="https" X-AppService-Proto="https" X-Forwarded-TlsVersion="1.3" X-WAWS-Unencoded-URL="/api/deployments/latest" X-Client-IP="84.138.86.68" X-Client-Port="60249" >
  <step title="Cleanup Xml Logs" date="2025-07-31T20:49:13.051" >
    <step title="Cleanup Infos" date="2025-07-31T20:49:13.332" totalFiles="401" totalCleanup="241" /><!-- duration: 51ms -->
  </step><!-- duration: 399ms -->
  <step title="DeploymentService.GetResult" date="2025-07-31T20:49:13.743" >
    <step title="DeploymentService.GetLatestDeployment" date="2025-07-31T20:49:13.763" >
      <step title="DeploymentManager.GetResults" date="2025-07-31T20:49:13.893" /><!-- duration: 3593ms -->
    </step><!-- duration: 3762ms -->
  </step><!-- duration: 3802ms -->
  <step title="Outgoing response" date="2025-07-31T20:49:17.615" type="response" statusCode="202" statusText="Accepted" /><!-- duration: 41ms -->
</step><!-- duration: 4644ms -->
