<step title="Incoming Request" date="2025-05-21T16:07:12.521" instance="e0f283" url="/api/zipdeploy?author=ms-azuretools-vscode&amp;deployer=ms-azuretools-vscode&amp;isAsync=true&amp;trackDeploymentId=true" method="POST" type="request" pid="768,1,16" Host="la-zeiterfassung-fyd4cge3d9e3cac4.scm.germanywestcentral-01.azurewebsites.net" User-Agent="vscode-azureappservice/0.26.1 core-rest-pipeline/1.19.1 Node/20.19.0 OS/(arm64-Darwin-24.3.0)" Accept-Encoding="gzip,deflate" Accept-Language="de" Authorization="Bea..." Transfer-Encoding="chunked" x-ms-correlation-request-id="df51ece0-af83-4758-90d3-447058b4394e" x-ms-client-request-id="76769d68-1a69-4b27-a9da-237936976e0b" X-ARR-LOG-ID="76769d68-1a69-4b27-a9da-237936976e0b" CLIENT-IP="84.138.91.166:61586" X-SITE-DEPLOYMENT-ID="LA-Zeiterfassung" WAS-DEFAULT-HOSTNAME="la-zeiterfassung-fyd4cge3d9e3cac4.scm.germanywestcentral-01.azurewebsites.net" X-Forwarded-Proto="https" X-AppService-Proto="https" X-Forwarded-TlsVersion="1.3" X-WAWS-Unencoded-URL="/api/zipdeploy?author=ms-azuretools-vscode&amp;deployer=ms-azuretools-vscode&amp;isAsync=true&amp;trackDeploymentId=true" X-Client-IP="84.138.91.166" X-Client-Port="61586" >
  <step title="ZipPushDeploy" date="2025-05-21T16:07:13.797" >
    <step title="ZipDeploy. Extract zip." date="2025-05-21T16:07:13.855" /><!-- duration: 10ms -->
    <step title="None repository commit" date="2025-05-21T16:07:13.947" >
      <step title="Commit id: 48060dbe-2f18-45d3-90f0-a67b51d14f31" date="2025-05-21T16:07:13.969" Message="N/A" AuthorName="N/A" AuthorEmail="N/A" /><!-- duration: 9ms -->
    </step><!-- duration: 38ms -->
    <step title="Starting PushDeployAsync" date="2025-05-21T16:07:13.988" /><!-- duration: 9ms -->
    <step title="Error occurred" date="2025-05-21T16:07:14.199" type="error" text="Error removing symlink: Path doesn&apos;t exist!" stackTrace="   at Mono.Unix.UnixFileSystemInfo.AssertValid()
   at Mono.Unix.UnixFileSystemInfo.get_FileType()
   at Kudu.Services.Deployment.PushDeploymentController.PushDeployAsync(ArtifactDeploymentInfo deploymentInfo, Boolean isAsync, HttpContext context, JObject requestJson) in /tmp/KuduLite/Kudu.Services/Deployment/PushDeploymentController.cs:line 740" /><!-- duration: 18ms -->
    <step title="Writing artifact to /tmp/zipdeploy/c0b70654-c6e9-4702-b285-19f5bc73c346.zip" date="2025-05-21T16:07:14.259" >
      <step title="Writing multipart request body to /tmp/zipdeploy/c0b70654-c6e9-4702-b285-19f5bc73c346.zip" date="2025-05-21T16:07:14.278" /><!-- duration: 20ms -->
    </step><!-- duration: 300ms -->
    <step title="Start deployment in the background" date="2025-05-21T16:07:14.621" >
      <step title="Acquiring Deployment Lock" date="2025-05-21T16:07:14.763" /><!-- duration: 30ms -->
      <step title="Acquired Deployment Lock" date="2025-05-21T16:07:15.049" /><!-- duration: 2ms -->
    </step><!-- duration: 1041ms -->
  </step><!-- duration: 1934ms -->
  <step title="Outgoing response" date="2025-05-21T16:07:15.761" type="response" statusCode="202" statusText="Accepted" /><!-- duration: 9ms -->
</step><!-- duration: 3253ms -->
