<step title="Incoming Request" date="2025-05-21T20:13:43.263" instance="e0f283" url="/api/deployments/latest?deployer=ms-azuretools-vscode&amp;time=2025-05-21_20-13-34Z" method="GET" type="request" pid="773,1,24" Host="la-zeiterfassung-fyd4cge3d9e3cac4.scm.germanywestcentral-01.azurewebsites.net" User-Agent="vscode-azureappservice/0.26.1 core-rest-pipeline/1.19.1 Node/20.19.0 OS/(arm64-Darwin-24.3.0)" Accept-Encoding="gzip,deflate" Accept-Language="de" Authorization="Bea..." x-ms-correlation-request-id="88eb5b41-b65f-423f-98d8-adad4cf60082" x-ms-client-request-id="cc6d333e-0048-4a6c-b888-3629fad1b844" X-ARR-LOG-ID="cc6d333e-0048-4a6c-b888-3629fad1b844" CLIENT-IP="84.138.91.166:60713" X-SITE-DEPLOYMENT-ID="LA-Zeiterfassung" WAS-DEFAULT-HOSTNAME="la-zeiterfassung-fyd4cge3d9e3cac4.scm.germanywestcentral-01.azurewebsites.net" X-Forwarded-Proto="https" X-AppService-Proto="https" X-Forwarded-TlsVersion="1.3" X-WAWS-Unencoded-URL="/api/deployments/latest?deployer=ms-azuretools-vscode&amp;time=2025-05-21_20-13-34Z" X-Client-IP="84.138.91.166" X-Client-Port="60713" >
  <step title="Cleanup Xml Logs" date="2025-05-21T20:13:43.295" >
    <step title="Cleanup Infos" date="2025-05-21T20:13:43.385" totalFiles="366" totalCleanup="206" /><!-- duration: 11ms -->
  </step><!-- duration: 111ms -->
  <step title="DeploymentService.GetResult" date="2025-05-21T20:13:43.436" >
    <step title="DeploymentService.GetLatestDeployment" date="2025-05-21T20:13:43.445" >
      <step title="DeploymentManager.GetResults" date="2025-05-21T20:13:43.454" /><!-- duration: 834ms -->
    </step><!-- duration: 926ms -->
  </step><!-- duration: 954ms -->
  <step title="Outgoing response" date="2025-05-21T20:13:44.402" type="response" statusCode="202" statusText="Accepted" /><!-- duration: 9ms -->
</step><!-- duration: 1151ms -->
