<step title="Incoming Request" date="2025-07-29T08:30:54.896" instance="a45adb" url="/api/publish?type=zip" method="POST" type="request" pid="769,1,24" Accept="*/*" Host="la-zeiterfassung-fyd4cge3d9e3cac4.scm.azurewebsites.net" User-Agent="AZURECLI/2.75.0 (HOMEBREW)" Accept-Encoding="gzip, deflate" Authorization="Bas..." Cache-Control="no-cache" Content-Type="application/octet-stream" Cookie="ARRAffinity=a45adbe19489ea2b14e790f681e17ad6f03a5528ca730625ec513d016d2b4c91; ARRAffinitySameSite=a45adbe19489ea2b14e790f681e17ad6f03a5528ca730625ec513d016d2b4c91" Content-Length="4651" x-ms-client-request-id="526ba8f8-6c56-11f0-a273-3ecdac25f1e6" x-ms-artifact-checksum="14e0b42fe8c563f5115f485ba8c71bad63d8b747336862a0be5d780b1d8d1e93" X-ARR-LOG-ID="526ba8f8-6c56-11f0-a273-3ecdac25f1e6" CLIENT-IP="84.138.86.68:63640" X-SITE-DEPLOYMENT-ID="la-zeiterfassung-fyd4cge3d9e3cac4" WAS-DEFAULT-HOSTNAME="la-zeiterfassung-fyd4cge3d9e3cac4.scm.azurewebsites.net" X-Forwarded-Proto="https" X-AppService-Proto="https" X-Forwarded-TlsVersion="1.3" X-WAWS-Unencoded-URL="/api/publish?type=zip" X-Client-IP="84.138.86.68" X-Client-Port="63640" >
  <step title="OneDeploy" date="2025-07-29T08:30:54.907" >
    <step title="Starting PushDeployAsync" date="2025-07-29T08:30:54.916" /><!-- duration: 5ms -->
    <step title="Writing artifact to /tmp/zipdeploy/587d6502-46c3-4a32-a735-63460c518486.zip" date="2025-07-29T08:30:54.950" >
      <step title="Writing multipart request body to /tmp/zipdeploy/587d6502-46c3-4a32-a735-63460c518486.zip" date="2025-07-29T08:30:54.954" /><!-- duration: 3ms -->
    </step><!-- duration: 54ms -->
    <step title="Removing previous build artifact&apos;s manifest file" date="2025-07-29T08:30:55.010" >
      <step title="Attempting to fetch target branch HEAD" date="2025-07-29T08:30:55.028" /><!-- duration: 3ms -->
      <step title="Acquiring Deployment Lock" date="2025-07-29T08:30:55.034" /><!-- duration: 3ms -->
      <step title="Acquired Deployment Lock" date="2025-07-29T08:30:55.066" /><!-- duration: 3ms -->
      <step title="Performing fetch based deployment" date="2025-07-29T08:30:55.078" >
        <step title="Creating temporary deployment" date="2025-07-29T08:30:55.086" /><!-- duration: 81ms -->
        <step title="Releasing Deployment Lock" date="2025-07-29T08:30:56.315" /><!-- duration: 11ms -->
        <step title="Cleaning up temp folders from previous zip deployments and extracting pushed zip file /tmp/zipdeploy/587d6502-46c3-4a32-a735-63460c518486.zip (0.00 MB) to /tmp/zipdeploy/extracted" date="2025-07-29T08:30:56.347" >
          <step title="ChmodRecursive Process exited with total time taken in ms: 101" date="2025-07-29T08:30:56.487" /><!-- duration: 10ms -->
        </step><!-- duration: 168ms -->
        <step title="None repository commit" date="2025-07-29T08:30:56.526" >
          <step title="Commit id: 96ebe1b2-d21a-43bf-b99a-b7bd96241340" date="2025-07-29T08:30:56.538" Message="OneDeploy" AuthorName="N/A" AuthorEmail="N/A" /><!-- duration: 4ms -->
        </step><!-- duration: 20ms -->
        <step title="Deployment timer started" date="2025-07-29T08:30:58.551" >
          <step title="DeploymentManager.Deploy(id:96ebe1b2-d21a-43bf-b99a-b7bd96241340)" date="2025-07-29T08:30:58.558" >
            <step title="Collecting changeset information" date="2025-07-29T08:30:58.598" /><!-- duration: 102ms -->
            <step title="Updating submodules" date="2025-07-29T08:30:58.705" /><!-- duration: 1195ms -->
            <step title="Determining deployment builder" date="2025-07-29T08:31:00.204" >
              <step title="Builder is OryxBuilder" date="2025-07-29T08:31:00.217" /><!-- duration: 3ms -->
            </step><!-- duration: 19ms -->
            <step title="PreDeployment: context.CleanOutputPath False" date="2025-07-29T08:31:00.267" >
              <step title="PreDeployment: context.OutputPath /home/site/wwwroot" date="2025-07-29T08:31:00.371" >
                <step title="Building" date="2025-07-29T08:31:00.522" >
                  <step title="Executing external process" date="2025-07-29T08:31:00.842" type="process" path="bash" arguments="-c &quot;oryx build /tmp/zipdeploy/extracted -o /home/site/wwwroot --platform python --platform-version 3.11 -p virtualenv_name=antenv --log-file /tmp/build-debug.log  -i /tmp/8ddce7a3f723012 --compress-destination-dir | tee /tmp/oryx-build.log ; exit $PIPESTATUS &quot;" /><!-- duration: 55726ms -->
                  <step title="Using PythonDeploymentLogParser" date="2025-07-29T08:31:56.984" /><!-- duration: 4ms -->
                  <step title="Modified file to trigger a restart of the app container." date="2025-07-29T08:31:58.117" /><!-- duration: 4ms -->
                  <step title="Skip function trigger and logicapp sync because function is not enabled." date="2025-07-29T08:31:58.125" /><!-- duration: 3ms -->
                  <step title="Purge deployment items" date="2025-07-29T08:31:59.102" >
                    <step title="Remove 8a6f5d5a-, Success, received at 07/29/2025 06:19:40" date="2025-07-29T08:31:59.148" /><!-- duration: 5ms -->
                  </step><!-- duration: 54ms -->
                </step><!-- duration: 58711ms -->
              </step><!-- duration: 58867ms -->
              <step title="Cleaning up temp files" date="2025-07-29T08:31:59.241" /><!-- duration: 1837ms -->
              <step title="Cleaning up temp files" date="2025-07-29T08:32:01.088" /><!-- duration: 518ms -->
              <step title="Reloading status file with latest updates" date="2025-07-29T08:32:01.643" >
                <step title="WebHooksManager.PublishEventAsync: PostDeployment" date="2025-07-29T08:32:01.650" /><!-- duration: 35ms -->
              </step><!-- duration: 44ms -->
              <step title="Cleaning up temporary deployment - fetch deployment was successful" date="2025-07-29T08:32:01.693" /><!-- duration: 2ms -->
            </step><!-- duration: 61515ms -->
          </step><!-- duration: 63234ms -->
          <step title="Outgoing response" date="2025-07-29T08:32:01.812" type="response" statusCode="200" statusText="OK" /><!-- duration: 3ms -->
        </step><!-- duration: 63274ms -->
