<step title="Incoming Request" date="2025-07-31T19:36:40.645" instance="a45adb" url="/api/deployments/latest" method="GET" type="request" pid="769,1,46" Accept="*/*" Host="la-zeiterfassung-fyd4cge3d9e3cac4.scm.azurewebsites.net" User-Agent="AZURECLI/2.75.0 (HOMEBREW)" Accept-Encoding="gzip, deflate" Authorization="Bas..." x-ms-client-request-id="a8fdd2c2-6e45-11f0-8f98-3ecdac25f1e6" X-ARR-LOG-ID="a8fdd2c2-6e45-11f0-8f98-3ecdac25f1e6" CLIENT-IP="84.138.86.68:63029" X-SITE-DEPLOYMENT-ID="la-zeiterfassung-fyd4cge3d9e3cac4" WAS-DEFAULT-HOSTNAME="la-zeiterfassung-fyd4cge3d9e3cac4.scm.azurewebsites.net" X-Forwarded-Proto="https" X-AppService-Proto="https" X-Forwarded-TlsVersion="1.3" X-WAWS-Unencoded-URL="/api/deployments/latest" X-Client-IP="84.138.86.68" X-Client-Port="63029" >
  <step title="Cleanup Xml Logs" date="2025-07-31T19:36:40.650" >
    <step title="Cleanup Infos" date="2025-07-31T19:36:40.669" totalFiles="343" totalCleanup="183" /><!-- duration: 4ms -->
  </step><!-- duration: 25ms -->
  <step title="DeploymentService.GetResult" date="2025-07-31T19:36:40.683" >
    <step title="DeploymentService.GetLatestDeployment" date="2025-07-31T19:36:40.685" >
      <step title="DeploymentManager.GetResults" date="2025-07-31T19:36:40.689" /><!-- duration: 551ms -->
    </step><!-- duration: 558ms -->
  </step><!-- duration: 565ms -->
  <step title="Outgoing response" date="2025-07-31T19:36:41.251" type="response" statusCode="202" statusText="Accepted" /><!-- duration: 3ms -->
</step><!-- duration: 613ms -->
