<step title="BackgroundTrace" date="2025-05-21T16:22:36.027" instance="e0f283" url="/api/zipdeploy" method="POST" >
  <step title="Creating temporary deployment - FetchDeploymentManager" date="2025-05-21T16:22:36.085" /><!-- duration: 4ms -->
  <step title="Creating temporary deployment" date="2025-05-21T16:22:36.104" /><!-- duration: 52ms -->
  <step title="Performing fetch based deployment" date="2025-05-21T16:22:36.176" >
    <step title="Cleaning up temp folders from previous zip deployments and extracting pushed zip file /tmp/zipdeploy/2f1b9ac8-7b5c-4112-8ece-22e38df7fa71.zip (0.01 MB) to /tmp/zipdeploy/extracted" date="2025-05-21T16:22:37.624" >
      <step title="ChmodRecursive Process exited with total time taken in ms: 231" date="2025-05-21T16:22:38.016" /><!-- duration: 12ms -->
    </step><!-- duration: 423ms -->
    <step title="Deployment timer started" date="2025-05-21T16:22:40.068" >
      <step title="DeploymentManager.Deploy(id:0a6d9638-30fa-45b0-9eee-fe54809468da)" date="2025-05-21T16:22:40.089" >
        <step title="Collecting changeset information" date="2025-05-21T16:22:40.207" /><!-- duration: 401ms -->
        <step title="Updating submodules" date="2025-05-21T16:22:40.614" /><!-- duration: 1102ms -->
        <step title="Determining deployment builder" date="2025-05-21T16:22:41.903" >
          <step title="Builder is OryxBuilder" date="2025-05-21T16:22:41.937" /><!-- duration: 10ms -->
        </step><!-- duration: 47ms -->
        <step title="PreDeployment: context.CleanOutputPath False" date="2025-05-21T16:22:42.002" >
          <step title="PreDeployment: context.OutputPath /home/site/wwwroot" date="2025-05-21T16:22:42.099" >
            <step title="Building" date="2025-05-21T16:22:42.224" >
              <step title="Executing external process" date="2025-05-21T16:22:42.494" type="process" path="bash" arguments="-c &quot;oryx build /tmp/zipdeploy/extracted -o /home/site/wwwroot --platform python --platform-version 3.11 -p virtualenv_name=antenv --log-file /tmp/build-debug.log  -i /tmp/8dd9883b616bc25 --compress-destination-dir | tee /tmp/oryx-build.log ; exit $PIPESTATUS &quot;" /><!-- duration: 62120ms -->
              <step title="Using PythonDeploymentLogParser" date="2025-05-21T16:23:44.892" /><!-- duration: 13ms -->
              <step title="Triggering recycle (preview mode disabled)." date="2025-05-21T16:23:45.693" /><!-- duration: 17ms -->
              <step title="Modified file to trigger a restart of the app container." date="2025-05-21T16:23:45.750" /><!-- duration: 3ms -->
              <step title="Skip function trigger and logicapp sync because function is not enabled." date="2025-05-21T16:23:45.757" /><!-- duration: 5ms -->
            </step><!-- duration: 64165ms -->
          </step><!-- duration: 64294ms -->
          <step title="Cleaning up temp files" date="2025-05-21T16:23:46.396" /><!-- duration: 611ms -->
          <step title="Cleaning up temp files" date="2025-05-21T16:23:47.028" /><!-- duration: 531ms -->
          <step title="Reloading status file with latest updates" date="2025-05-21T16:23:47.585" >
            <step title="WebHooksManager.PublishEventAsync: PostDeployment" date="2025-05-21T16:23:47.594" /><!-- duration: 49ms -->
          </step><!-- duration: 62ms -->
          <step title="Cleaning up temporary deployment - fetch deployment was successful" date="2025-05-21T16:23:47.663" /><!-- duration: 3ms -->
        </step><!-- duration: 65712ms -->
      </step><!-- duration: 67639ms -->
