<step title="Incoming Request" date="2025-07-29T06:02:52.453" instance="a45adb" url="/api/publish?type=zip" method="POST" type="request" pid="769,1,3" Accept="*/*" Host="la-zeiterfassung-fyd4cge3d9e3cac4.scm.azurewebsites.net" User-Agent="AZURECLI/2.75.0 (HOMEBREW)" Accept-Encoding="gzip, deflate" Authorization="Bas..." Cache-Control="no-cache" Content-Type="application/octet-stream" Cookie="ARRAffinity=a45adbe19489ea2b14e790f681e17ad6f03a5528ca730625ec513d016d2b4c91; ARRAffinitySameSite=a45adbe19489ea2b14e790f681e17ad6f03a5528ca730625ec513d016d2b4c91" Content-Length="1456" x-ms-client-request-id="a475c846-6c41-11f0-99d2-3ecdac25f1e6" x-ms-artifact-checksum="9da7f400fc40a0308864b3b86fc94194daaf719db8dbf7ddacd9641485a3945b" X-ARR-LOG-ID="a475c846-6c41-11f0-99d2-3ecdac25f1e6" CLIENT-IP="84.138.86.68:61006" X-SITE-DEPLOYMENT-ID="la-zeiterfassung-fyd4cge3d9e3cac4" WAS-DEFAULT-HOSTNAME="la-zeiterfassung-fyd4cge3d9e3cac4.scm.azurewebsites.net" X-Forwarded-Proto="https" X-AppService-Proto="https" X-Forwarded-TlsVersion="1.3" X-WAWS-Unencoded-URL="/api/publish?type=zip" X-Client-IP="84.138.86.68" X-Client-Port="61006" >
  <step title="OneDeploy" date="2025-07-29T06:02:52.520" >
    <step title="Starting PushDeployAsync" date="2025-07-29T06:02:52.569" /><!-- duration: 3ms -->
    <step title="Writing artifact to /tmp/zipdeploy/4269a405-e6dd-4f4f-aec2-8edaba7a5247.zip" date="2025-07-29T06:02:52.634" >
      <step title="Writing multipart request body to /tmp/zipdeploy/4269a405-e6dd-4f4f-aec2-8edaba7a5247.zip" date="2025-07-29T06:02:52.644" /><!-- duration: 15ms -->
    </step><!-- duration: 81ms -->
    <step title="Removing previous build artifact&apos;s manifest file" date="2025-07-29T06:02:52.722" >
      <step title="Attempting to fetch target branch HEAD" date="2025-07-29T06:02:52.751" /><!-- duration: 7ms -->
      <step title="Acquiring Deployment Lock" date="2025-07-29T06:02:52.798" /><!-- duration: 11ms -->
      <step title="Acquired Deployment Lock" date="2025-07-29T06:02:52.909" /><!-- duration: 10ms -->
      <step title="Performing fetch based deployment" date="2025-07-29T06:02:52.950" >
        <step title="Creating temporary deployment" date="2025-07-29T06:02:52.987" /><!-- duration: 204ms -->
        <step title="Releasing Deployment Lock" date="2025-07-29T06:02:54.582" >
        <step title="Cleaning up temp folders from previous zip deployments and extracting pushed zip file /tmp/zipdeploy/4269a405-e6dd-4f4f-aec2-8edaba7a5247.zip (0.00 MB) to /tmp/zipdeploy/extracted" date="2025-07-29T06:02:54.625" >
          <step title="ChmodRecursive Process exited with total time taken in ms: 134" date="2025-07-29T06:02:54.853" /><!-- duration: 12ms -->
        </step><!-- duration: 245ms -->
        <step title="None repository commit" date="2025-07-29T06:02:54.882" >
          <step title="Commit id: fad43ab8-133c-4906-b532-209b8aa07a48" date="2025-07-29T06:02:54.888" Message="OneDeploy" AuthorName="N/A" AuthorEmail="N/A" /><!-- duration: 8ms -->
        </step><!-- duration: 18ms -->
        <step title="Deployment timer started" date="2025-07-29T06:02:56.911" >
          <step title="DeploymentManager.Deploy(id:fad43ab8-133c-4906-b532-209b8aa07a48)" date="2025-07-29T06:02:56.919" >
            <step title="Collecting changeset information" date="2025-07-29T06:02:56.956" /><!-- duration: 133ms -->
            <step title="Updating submodules" date="2025-07-29T06:02:57.096" /><!-- duration: 1140ms -->
            <step title="Determining deployment builder" date="2025-07-29T06:02:58.489" >
              <step title="Builder is OryxBuilder" date="2025-07-29T06:02:58.507" /><!-- duration: 4ms -->
            </step><!-- duration: 25ms -->
            <step title="PreDeployment: context.CleanOutputPath False" date="2025-07-29T06:02:58.569" >
              <step title="PreDeployment: context.OutputPath /home/site/wwwroot" date="2025-07-29T06:02:58.744" >
                <step title="Building" date="2025-07-29T06:02:58.896" >
                  <step title="Executing external process" date="2025-07-29T06:02:59.304" type="process" path="bash" arguments="-c &quot;oryx build /tmp/zipdeploy/extracted -o /home/site/wwwroot --platform python --platform-version 3.11 -p virtualenv_name=antenv --log-file /tmp/build-debug.log  -i /tmp/8ddce65918949bf --compress-destination-dir | tee /tmp/oryx-build.log ; exit $PIPESTATUS &quot;" /><!-- duration: 87605ms -->
                  <step title="Using PythonDeploymentLogParser" date="2025-07-29T06:04:27.321" /><!-- duration: 3ms -->
                  <step title="Modified file to trigger a restart of the app container." date="2025-07-29T06:04:28.505" /><!-- duration: 4ms -->
                  <step title="Skip function trigger and logicapp sync because function is not enabled." date="2025-07-29T06:04:28.513" /><!-- duration: 5ms -->
                </step><!-- duration: 90650ms -->
              </step><!-- duration: 90811ms -->
              <step title="Cleaning up temp files" date="2025-07-29T06:04:29.560" /><!-- duration: 2035ms -->
              <step title="Cleaning up temp files" date="2025-07-29T06:04:31.610" /><!-- duration: 515ms -->
              <step title="Reloading status file with latest updates" date="2025-07-29T06:04:32.168" >
                <step title="WebHooksManager.PublishEventAsync: PostDeployment" date="2025-07-29T06:04:32.181" /><!-- duration: 57ms -->
              </step><!-- duration: 74ms -->
              <step title="Cleaning up temporary deployment - fetch deployment was successful" date="2025-07-29T06:04:32.251" /><!-- duration: 3ms -->
            </step><!-- duration: 93741ms -->
          </step><!-- duration: 95399ms -->
          <step title="Outgoing response" date="2025-07-29T06:04:32.332" type="response" statusCode="200" statusText="OK" /><!-- duration: 3ms -->
        </step><!-- duration: 95429ms -->
