<step title="Incoming Request" date="2025-05-21T18:36:15.876" instance="e0f283" url="/api/deployments/latest" method="GET" type="request" pid="776,1,16" Host="la-zeiterfassung-fyd4cge3d9e3cac4.scm.germanywestcentral-01.azurewebsites.net" User-Agent="vscode-azureappservice/0.26.1 core-rest-pipeline/1.19.1 Node/20.19.0 OS/(arm64-Darwin-24.3.0)" Accept-Encoding="gzip,deflate" Accept-Language="de" Authorization="Bea..." x-ms-correlation-request-id="5eb77d30-d1b3-4a47-aeb4-aa104e80658b" x-ms-client-request-id="761153e9-c74a-49e9-aedf-57412de0e6d4" X-ARR-LOG-ID="761153e9-c74a-49e9-aedf-57412de0e6d4" CLIENT-IP="84.138.91.166:59579" X-SITE-DEPLOYMENT-ID="LA-Zeiterfassung" WAS-DEFAULT-HOSTNAME="la-zeiterfassung-fyd4cge3d9e3cac4.scm.germanywestcentral-01.azurewebsites.net" X-Forwarded-Proto="https" X-AppService-Proto="https" X-Forwarded-TlsVersion="1.3" X-WAWS-Unencoded-URL="/api/deployments/latest" X-Client-IP="84.138.91.166" X-Client-Port="59579" >
  <step title="Cleanup Xml Logs" date="2025-05-21T18:36:15.907" >
    <step title="Cleanup Infos" date="2025-05-21T18:36:15.954" totalFiles="271" totalCleanup="111" /><!-- duration: 10ms -->
  </step><!-- duration: 70ms -->
  <step title="DeploymentService.GetResult" date="2025-05-21T18:36:16.017" >
    <step title="DeploymentService.GetLatestDeployment" date="2025-05-21T18:36:16.097" >
      <step title="DeploymentManager.GetResults" date="2025-05-21T18:36:16.108" /><!-- duration: 992ms -->
    </step><!-- duration: 1008ms -->
  </step><!-- duration: 1095ms -->
  <step title="Outgoing response" date="2025-05-21T18:36:17.124" type="response" statusCode="202" statusText="Accepted" /><!-- duration: 9ms -->
</step><!-- duration: 1274ms -->
