<step title="Incoming Request" date="2025-05-21T18:32:58.753" instance="e0f283" url="/api/deployments/latest" method="GET" type="request" pid="776,1,29" Host="la-zeiterfassung-fyd4cge3d9e3cac4.scm.germanywestcentral-01.azurewebsites.net" User-Agent="vscode-azureappservice/0.26.1 core-rest-pipeline/1.19.1 Node/20.19.0 OS/(arm64-Darwin-24.3.0)" Accept-Encoding="gzip,deflate" Accept-Language="de" Authorization="Bea..." x-ms-correlation-request-id="e3cc1354-cf57-4745-8600-04d4b9abd832" x-ms-client-request-id="f10e1200-389d-4eae-8b81-2fa1154d0cc5" X-ARR-LOG-ID="f10e1200-389d-4eae-8b81-2fa1154d0cc5" CLIENT-IP="84.138.91.166:64519" X-SITE-DEPLOYMENT-ID="LA-Zeiterfassung" WAS-DEFAULT-HOSTNAME="la-zeiterfassung-fyd4cge3d9e3cac4.scm.germanywestcentral-01.azurewebsites.net" X-Forwarded-Proto="https" X-AppService-Proto="https" X-Forwarded-TlsVersion="1.3" X-WAWS-Unencoded-URL="/api/deployments/latest" X-Client-IP="84.138.91.166" X-Client-Port="64519" >
  <step title="Cleanup Xml Logs" date="2025-05-21T18:32:58.757" >
    <step title="Cleanup Infos" date="2025-05-21T18:32:58.791" totalFiles="257" totalCleanup="97" /><!-- duration: 20ms -->
  </step><!-- duration: 64ms -->
  <step title="DeploymentService.GetResult" date="2025-05-21T18:32:58.850" >
    <step title="DeploymentService.GetLatestDeployment" date="2025-05-21T18:32:58.854" >
      <step title="DeploymentManager.GetResults" date="2025-05-21T18:32:58.863" /><!-- duration: 483ms -->
    </step><!-- duration: 502ms -->
  </step><!-- duration: 509ms -->
  <step title="Outgoing response" date="2025-05-21T18:32:59.365" type="response" statusCode="202" statusText="Accepted" /><!-- duration: 3ms -->
</step><!-- duration: 617ms -->
