<step title="Incoming Request" date="2025-07-31T18:14:17.329" instance="a45adb" url="/api/zipdeploy?isAsync=true" method="POST" type="request" pid="769,1,66" Accept="*/*" Host="la-zeiterfassung-fyd4cge3d9e3cac4.scm.azurewebsites.net" User-Agent="AZURECLI/2.75.0 (HOMEBREW)" Accept-Encoding="gzip, deflate" Authorization="Bas..." Cache-Control="no-cache" Content-Type="application/octet-stream" Cookie="ARRAffinity=a45adbe19489ea2b14e790f681e17ad6f03a5528ca730625ec513d016d2b4c91; ARRAffinitySameSite=a45adbe19489ea2b14e790f681e17ad6f03a5528ca730625ec513d016d2b4c91" Content-Length="33863" x-ms-client-request-id="28078fe2-6e3a-11f0-ad27-3ecdac25f1e6" x-ms-artifact-checksum="8244af64d8303685d5d00eb66861540bf951fda3d4e2e548906cc44491bba892" X-ARR-LOG-ID="28078fe2-6e3a-11f0-ad27-3ecdac25f1e6" CLIENT-IP="84.138.86.68:61286" X-SITE-DEPLOYMENT-ID="la-zeiterfassung-fyd4cge3d9e3cac4" WAS-DEFAULT-HOSTNAME="la-zeiterfassung-fyd4cge3d9e3cac4.scm.azurewebsites.net" X-Forwarded-Proto="https" X-AppService-Proto="https" X-Forwarded-TlsVersion="1.3" X-WAWS-Unencoded-URL="/api/zipdeploy?isAsync=true" X-Client-IP="84.138.86.68" X-Client-Port="61286" >
  <step title="ZipPushDeploy" date="2025-07-31T18:14:17.370" >
    <step title="ZipDeploy. Extract zip. Remote build." date="2025-07-31T18:14:17.383" /><!-- duration: 3ms -->
    <step title="Starting PushDeployAsync" date="2025-07-31T18:14:17.392" /><!-- duration: 3ms -->
    <step title="Writing artifact to /tmp/zipdeploy/b65c9cc0-ef04-447b-934d-9ae9ce188699.zip" date="2025-07-31T18:14:17.409" >
      <step title="Writing multipart request body to /tmp/zipdeploy/b65c9cc0-ef04-447b-934d-9ae9ce188699.zip" date="2025-07-31T18:14:17.416" /><!-- duration: 7ms -->
    </step><!-- duration: 57ms -->
    <step title="Removing previous build artifact&apos;s manifest file" date="2025-07-31T18:14:17.472" >
      <step title="Start deployment in the background" date="2025-07-31T18:14:17.485" >
        <step title="Acquiring Deployment Lock" date="2025-07-31T18:14:17.506" /><!-- duration: 3ms -->
        <step title="Acquired Deployment Lock" date="2025-07-31T18:14:17.546" /><!-- duration: 8ms -->
      </step><!-- duration: 172ms -->
    </step><!-- duration: 191ms -->
    <step title="Outgoing response" date="2025-07-31T18:14:17.668" type="response" statusCode="202" statusText="Accepted" /><!-- duration: 4ms -->
  </step><!-- duration: 305ms -->
