<step title="Incoming Request" date="2025-05-21T16:59:25.951" instance="e0f283" url="/api/deployments/latest" method="GET" type="request" pid="768,1,25" Host="la-zeiterfassung-fyd4cge3d9e3cac4.scm.germanywestcentral-01.azurewebsites.net" User-Agent="vscode-azureappservice/0.26.1 core-rest-pipeline/1.19.1 Node/20.19.0 OS/(arm64-Darwin-24.3.0)" Accept-Encoding="gzip,deflate" Accept-Language="de" Authorization="Bea..." x-ms-correlation-request-id="013546fb-132d-4247-81f5-8458f4d60517" x-ms-client-request-id="fcb9c771-51ca-4d0d-a5b0-44b4271e20f6" X-ARR-LOG-ID="fcb9c771-51ca-4d0d-a5b0-44b4271e20f6" CLIENT-IP="84.138.91.166:61038" X-SITE-DEPLOYMENT-ID="LA-Zeiterfassung" WAS-DEFAULT-HOSTNAME="la-zeiterfassung-fyd4cge3d9e3cac4.scm.germanywestcentral-01.azurewebsites.net" X-Forwarded-Proto="https" X-AppService-Proto="https" X-Forwarded-TlsVersion="1.3" X-WAWS-Unencoded-URL="/api/deployments/latest" X-Client-IP="84.138.91.166" X-Client-Port="61038" >
  <step title="Cleanup Xml Logs" date="2025-05-21T16:59:25.954" /><!-- duration: 5ms -->
  <step title="DeploymentService.GetResult" date="2025-05-21T16:59:25.969" >
    <step title="DeploymentService.GetLatestDeployment" date="2025-05-21T16:59:25.976" >
      <step title="DeploymentManager.GetResults" date="2025-05-21T16:59:25.980" /><!-- duration: 479ms -->
      <step title="Deployment 83210939-af65-4bde-a058-d860bbc19aab is Building" date="2025-05-21T16:59:26.482" /><!-- duration: 60ms -->
    </step><!-- duration: 593ms -->
  </step><!-- duration: 623ms -->
  <step title="Outgoing response" date="2025-05-21T16:59:26.610" type="response" statusCode="202" statusText="Accepted" /><!-- duration: 3ms -->
</step><!-- duration: 678ms -->
