<step title="BackgroundTrace" date="2025-07-31T13:48:48.448" instance="a45adb" url="/api/zipdeploy" method="POST" >
  <step title="Creating temporary deployment - FetchDeploymentManager" date="2025-07-31T13:48:48.579" /><!-- duration: 8ms -->
  <step title="Creating temporary deployment" date="2025-07-31T13:48:48.605" /><!-- duration: 102ms -->
  <step title="Performing fetch based deployment" date="2025-07-31T13:48:48.837" >
    <step title="Cleaning up temp folders from previous zip deployments and extracting pushed zip file /tmp/zipdeploy/df5e99e7-024e-4389-9f90-77b94d0855ed.zip (0.02 MB) to /tmp/zipdeploy/extracted" date="2025-07-31T13:48:50.124" >
      <step title="ChmodRecursive Process exited with total time taken in ms: 71" date="2025-07-31T13:48:50.265" /><!-- duration: 11ms -->
    </step><!-- duration: 171ms -->
    <step title="Deployment timer started" date="2025-07-31T13:48:52.316" >
      <step title="DeploymentManager.Deploy(id:d55555a9-6ceb-4f76-b233-b3f6a5ce3848)" date="2025-07-31T13:48:52.329" >
        <step title="Collecting changeset information" date="2025-07-31T13:48:52.358" /><!-- duration: 108ms -->
        <step title="Updating submodules" date="2025-07-31T13:48:52.473" /><!-- duration: 1138ms -->
        <step title="Determining deployment builder" date="2025-07-31T13:48:53.853" >
          <step title="Builder is OryxBuilder" date="2025-07-31T13:48:53.872" /><!-- duration: 9ms -->
        </step><!-- duration: 30ms -->
        <step title="PreDeployment: context.CleanOutputPath False" date="2025-07-31T13:48:53.948" >
          <step title="PreDeployment: context.OutputPath /home/site/wwwroot" date="2025-07-31T13:48:54.088" >
            <step title="Building" date="2025-07-31T13:48:54.222" >
              <step title="Executing external process" date="2025-07-31T13:48:54.616" type="process" path="bash" arguments="-c &quot;oryx build /tmp/zipdeploy/extracted -o /home/site/wwwroot --platform python --platform-version 3.11 -p virtualenv_name=antenv --log-file /tmp/build-debug.log  -i /tmp/8ddd038fd11ba11 --compress-destination-dir | tee /tmp/oryx-build.log ; exit $PIPESTATUS &quot;" /><!-- duration: 66258ms -->
              <step title="Using PythonDeploymentLogParser" date="2025-07-31T13:50:01.239" /><!-- duration: 7ms -->
              <step title="Triggering recycle (preview mode disabled)." date="2025-07-31T13:50:02.600" /><!-- duration: 40ms -->
              <step title="Modified file to trigger a restart of the app container." date="2025-07-31T13:50:02.718" /><!-- duration: 10ms -->
              <step title="Skip function trigger and logicapp sync because function is not enabled." date="2025-07-31T13:50:02.749" /><!-- duration: 9ms -->
              <step title="Purge deployment items" date="2025-07-31T13:50:04.285" >
                <step title="Remove 59fcb6ab-, Success, received at 07/29/2025 09:48:20" date="2025-07-31T13:50:04.395" /><!-- duration: 10ms -->
              </step><!-- duration: 131ms -->
            </step><!-- duration: 70307ms -->
          </step><!-- duration: 70461ms -->
          <step title="Cleaning up temp files" date="2025-07-31T13:50:04.575" /><!-- duration: 3018ms -->
          <step title="Cleaning up temp files" date="2025-07-31T13:50:07.602" /><!-- duration: 512ms -->
          <step title="Reloading status file with latest updates" date="2025-07-31T13:50:08.285" >
            <step title="WebHooksManager.PublishEventAsync: PostDeployment" date="2025-07-31T13:50:08.290" /><!-- duration: 77ms -->
          </step><!-- duration: 91ms -->
          <step title="Cleaning up temporary deployment - fetch deployment was successful" date="2025-07-31T13:50:08.396" /><!-- duration: 11ms -->
        </step><!-- duration: 74528ms -->
      </step><!-- duration: 76191ms -->
