<step title="Incoming Request" date="2025-07-31T20:09:03.290" instance="a45adb" url="/api/deployments/latest" method="GET" type="request" pid="770,1,42" Accept="*/*" Host="la-zeiterfassung-fyd4cge3d9e3cac4.scm.azurewebsites.net" User-Agent="AZURECLI/2.75.0 (HOMEBREW)" Accept-Encoding="gzip, deflate" Authorization="Bas..." x-ms-client-request-id="2d41ad0c-6e4a-11f0-91d8-3ecdac25f1e6" X-ARR-LOG-ID="2d41ad0c-6e4a-11f0-91d8-3ecdac25f1e6" CLIENT-IP="84.138.86.68:64642" X-SITE-DEPLOYMENT-ID="la-zeiterfassung-fyd4cge3d9e3cac4" WAS-DEFAULT-HOSTNAME="la-zeiterfassung-fyd4cge3d9e3cac4.scm.azurewebsites.net" X-Forwarded-Proto="https" X-AppService-Proto="https" X-Forwarded-TlsVersion="1.3" X-WAWS-Unencoded-URL="/api/deployments/latest" X-Client-IP="84.138.86.68" X-Client-Port="64642" >
  <step title="Cleanup Xml Logs" date="2025-07-31T20:09:03.319" >
    <step title="Cleanup Infos" date="2025-07-31T20:09:03.334" totalFiles="351" totalCleanup="191" /><!-- duration: 3ms -->
  </step><!-- duration: 21ms -->
  <step title="DeploymentService.GetResult" date="2025-07-31T20:09:03.383" >
    <step title="DeploymentService.GetLatestDeployment" date="2025-07-31T20:09:03.386" >
      <step title="DeploymentManager.GetResults" date="2025-07-31T20:09:03.390" /><!-- duration: 736ms -->
    </step><!-- duration: 764ms -->
  </step><!-- duration: 773ms -->
  <step title="Outgoing response" date="2025-07-31T20:09:04.170" type="response" statusCode="202" statusText="Accepted" /><!-- duration: 22ms -->
</step><!-- duration: 907ms -->
