<step title="Incoming Request" date="2025-07-29T09:40:38.746" instance="a45adb" url="/api/publish?type=zip" method="POST" type="request" pid="769,1,23" Accept="*/*" Host="la-zeiterfassung-fyd4cge3d9e3cac4.scm.azurewebsites.net" User-Agent="AZURECLI/2.75.0 (HOMEBREW)" Accept-Encoding="gzip, deflate" Authorization="Bas..." Cache-Control="no-cache" Content-Type="application/octet-stream" Cookie="ARRAffinity=a45adbe19489ea2b14e790f681e17ad6f03a5528ca730625ec513d016d2b4c91; ARRAffinitySameSite=a45adbe19489ea2b14e790f681e17ad6f03a5528ca730625ec513d016d2b4c91" Content-Length="5356" x-ms-client-request-id="1067246e-6c60-11f0-8407-3ecdac25f1e6" x-ms-artifact-checksum="90e085764bc5dc2f498ba1b073b8bfcdc17091f530176eca8e12ded31755e846" X-ARR-LOG-ID="1067246e-6c60-11f0-8407-3ecdac25f1e6" CLIENT-IP="84.138.86.68:63568" X-SITE-DEPLOYMENT-ID="la-zeiterfassung-fyd4cge3d9e3cac4" WAS-DEFAULT-HOSTNAME="la-zeiterfassung-fyd4cge3d9e3cac4.scm.azurewebsites.net" X-Forwarded-Proto="https" X-AppService-Proto="https" X-Forwarded-TlsVersion="1.3" X-WAWS-Unencoded-URL="/api/publish?type=zip" X-Client-IP="84.138.86.68" X-Client-Port="63568" >
  <step title="OneDeploy" date="2025-07-29T09:40:38.786" >
    <step title="Starting PushDeployAsync" date="2025-07-29T09:40:38.812" /><!-- duration: 3ms -->
    <step title="Writing artifact to /tmp/zipdeploy/6469f4c6-4068-40f3-8165-7a108c83b913.zip" date="2025-07-29T09:40:38.844" >
      <step title="Writing multipart request body to /tmp/zipdeploy/6469f4c6-4068-40f3-8165-7a108c83b913.zip" date="2025-07-29T09:40:38.861" /><!-- duration: 4ms -->
    </step><!-- duration: 72ms -->
    <step title="Removing previous build artifact&apos;s manifest file" date="2025-07-29T09:40:38.925" >
      <step title="Attempting to fetch target branch HEAD" date="2025-07-29T09:40:38.953" /><!-- duration: 4ms -->
      <step title="Acquiring Deployment Lock" date="2025-07-29T09:40:38.973" /><!-- duration: 6ms -->
      <step title="Acquired Deployment Lock" date="2025-07-29T09:40:39.005" /><!-- duration: 4ms -->
      <step title="Performing fetch based deployment" date="2025-07-29T09:40:39.018" >
        <step title="Creating temporary deployment" date="2025-07-29T09:40:39.022" /><!-- duration: 90ms -->
        <step title="Releasing Deployment Lock" date="2025-07-29T09:40:40.293" /><!-- duration: 8ms -->
        <step title="Cleaning up temp folders from previous zip deployments and extracting pushed zip file /tmp/zipdeploy/6469f4c6-4068-40f3-8165-7a108c83b913.zip (0.01 MB) to /tmp/zipdeploy/extracted" date="2025-07-29T09:40:40.347" >
          <step title="ChmodRecursive Process exited with total time taken in ms: 92" date="2025-07-29T09:40:40.508" /><!-- duration: 9ms -->
        </step><!-- duration: 174ms -->
        <step title="None repository commit" date="2025-07-29T09:40:40.529" >
          <step title="Commit id: 1ddbc19d-fbef-4a0d-9b42-a5e435e6c306" date="2025-07-29T09:40:40.537" Message="OneDeploy" AuthorName="N/A" AuthorEmail="N/A" /><!-- duration: 3ms -->
        </step><!-- duration: 21ms -->
        <step title="Deployment timer started" date="2025-07-29T09:40:42.554" >
          <step title="DeploymentManager.Deploy(id:1ddbc19d-fbef-4a0d-9b42-a5e435e6c306)" date="2025-07-29T09:40:42.562" >
            <step title="Collecting changeset information" date="2025-07-29T09:40:42.586" /><!-- duration: 85ms -->
            <step title="Updating submodules" date="2025-07-29T09:40:42.677" /><!-- duration: 1144ms -->
            <step title="Determining deployment builder" date="2025-07-29T09:40:44.035" >
              <step title="Builder is OryxBuilder" date="2025-07-29T09:40:44.063" /><!-- duration: 13ms -->
            </step><!-- duration: 48ms -->
            <step title="PreDeployment: context.CleanOutputPath False" date="2025-07-29T09:40:44.113" >
              <step title="PreDeployment: context.OutputPath /home/site/wwwroot" date="2025-07-29T09:40:44.229" >
                <step title="Building" date="2025-07-29T09:40:44.373" >
                  <step title="Executing external process" date="2025-07-29T09:40:44.715" type="process" path="bash" arguments="-c &quot;oryx build /tmp/zipdeploy/extracted -o /home/site/wwwroot --platform python --platform-version 3.11 -p virtualenv_name=antenv --log-file /tmp/build-debug.log  -i /tmp/8ddce83fd38bc75 --compress-destination-dir | tee /tmp/oryx-build.log ; exit $PIPESTATUS &quot;" /><!-- duration: 65452ms -->
                  <step title="Using PythonDeploymentLogParser" date="2025-07-29T09:41:50.538" /><!-- duration: 3ms -->
                  <step title="Modified file to trigger a restart of the app container." date="2025-07-29T09:41:51.668" /><!-- duration: 5ms -->
                  <step title="Skip function trigger and logicapp sync because function is not enabled." date="2025-07-29T09:41:51.678" /><!-- duration: 6ms -->
                  <step title="Purge deployment items" date="2025-07-29T09:41:52.771" >
                    <step title="Remove 96ebe1b2-, Success, received at 07/29/2025 08:30:58" date="2025-07-29T09:41:52.814" /><!-- duration: 5ms -->
                  </step><!-- duration: 52ms -->
                </step><!-- duration: 68513ms -->
              </step><!-- duration: 68664ms -->
              <step title="Cleaning up temp files" date="2025-07-29T09:41:52.896" /><!-- duration: 1974ms -->
              <step title="Cleaning up temp files" date="2025-07-29T09:41:54.879" /><!-- duration: 520ms -->
              <step title="Reloading status file with latest updates" date="2025-07-29T09:41:55.481" >
                <step title="WebHooksManager.PublishEventAsync: PostDeployment" date="2025-07-29T09:41:55.490" /><!-- duration: 78ms -->
              </step><!-- duration: 90ms -->
              <step title="Cleaning up temporary deployment - fetch deployment was successful" date="2025-07-29T09:41:55.597" /><!-- duration: 3ms -->
            </step><!-- duration: 71774ms -->
          </step><!-- duration: 73337ms -->
          <step title="Outgoing response" date="2025-07-29T09:41:55.917" type="response" statusCode="200" statusText="OK" /><!-- duration: 3ms -->
        </step><!-- duration: 73374ms -->
