<step title="Incoming Request" date="2025-05-21T17:31:18.744" instance="e0f283" url="/api/zipdeploy?author=ms-azuretools-vscode&amp;deployer=ms-azuretools-vscode&amp;isAsync=true&amp;trackDeploymentId=true" method="POST" type="request" pid="772,1,16" Host="la-zeiterfassung-fyd4cge3d9e3cac4.scm.germanywestcentral-01.azurewebsites.net" User-Agent="vscode-azureappservice/0.26.1 core-rest-pipeline/1.19.1 Node/20.19.0 OS/(arm64-Darwin-24.3.0)" Accept-Encoding="gzip,deflate" Accept-Language="de" Authorization="Bea..." Transfer-Encoding="chunked" x-ms-correlation-request-id="02f9d0bc-938a-4527-9895-aba836b091dd" x-ms-client-request-id="3c8aebd1-0697-4290-9c91-cdcc6c584028" X-ARR-LOG-ID="3c8aebd1-0697-4290-9c91-cdcc6c584028" CLIENT-IP="84.138.91.166:60442" X-SITE-DEPLOYMENT-ID="LA-Zeiterfassung" WAS-DEFAULT-HOSTNAME="la-zeiterfassung-fyd4cge3d9e3cac4.scm.germanywestcentral-01.azurewebsites.net" X-Forwarded-Proto="https" X-AppService-Proto="https" X-Forwarded-TlsVersion="1.3" X-WAWS-Unencoded-URL="/api/zipdeploy?author=ms-azuretools-vscode&amp;deployer=ms-azuretools-vscode&amp;isAsync=true&amp;trackDeploymentId=true" X-Client-IP="84.138.91.166" X-Client-Port="60442" >
  <step title="Cleanup Xml Logs" date="2025-05-21T17:31:18.753" /><!-- duration: 11ms -->
  <step title="ZipPushDeploy" date="2025-05-21T17:31:18.791" >
    <step title="ZipDeploy. Extract zip." date="2025-05-21T17:31:18.801" /><!-- duration: 2ms -->
    <step title="Starting PushDeployAsync" date="2025-05-21T17:31:18.822" /><!-- duration: 2ms -->
    <step title="Error occurred" date="2025-05-21T17:31:18.863" type="error" text="Error removing symlink: Path doesn&apos;t exist!" stackTrace="   at Mono.Unix.UnixFileSystemInfo.AssertValid()
   at Mono.Unix.UnixFileSystemInfo.get_FileType()
   at Kudu.Services.Deployment.PushDeploymentController.PushDeployAsync(ArtifactDeploymentInfo deploymentInfo, Boolean isAsync, HttpContext context, JObject requestJson) in /tmp/KuduLite/Kudu.Services/Deployment/PushDeploymentController.cs:line 740" /><!-- duration: 3ms -->
    <step title="Writing artifact to /tmp/zipdeploy/9197da13-c16c-4d6c-8815-18c2557afb3f.zip" date="2025-05-21T17:31:18.873" >
      <step title="Writing multipart request body to /tmp/zipdeploy/9197da13-c16c-4d6c-8815-18c2557afb3f.zip" date="2025-05-21T17:31:18.876" /><!-- duration: 9ms -->
    </step><!-- duration: 63ms -->
    <step title="Removing previous build artifact&apos;s manifest file" date="2025-05-21T17:31:18.959" >
      <step title="Start deployment in the background" date="2025-05-21T17:31:19.029" >
        <step title="Acquiring Deployment Lock" date="2025-05-21T17:31:19.073" /><!-- duration: 36ms -->
        <step title="Acquired Deployment Lock" date="2025-05-21T17:31:19.142" /><!-- duration: 3ms -->
      </step><!-- duration: 216ms -->
    </step><!-- duration: 292ms -->
    <step title="Outgoing response" date="2025-05-21T17:31:19.254" type="response" statusCode="202" statusText="Accepted" /><!-- duration: 4ms -->
  </step><!-- duration: 471ms -->
