<step title="Incoming Request" date="2025-05-21T18:18:18.263" instance="e0f283" url="/api/deployments/latest?deployer=ms-azuretools-vscode&amp;time=2025-05-21_18-18-12Z" method="GET" type="request" pid="776,1,28" Host="la-zeiterfassung-fyd4cge3d9e3cac4.scm.germanywestcentral-01.azurewebsites.net" User-Agent="vscode-azureappservice/0.26.1 core-rest-pipeline/1.19.1 Node/20.19.0 OS/(arm64-Darwin-24.3.0)" Accept-Encoding="gzip,deflate" Accept-Language="de" Authorization="Bea..." x-ms-correlation-request-id="b5def85c-3717-4901-a937-c2e056b3d36b" x-ms-client-request-id="e391355b-a885-4a09-9b00-1cd4eb4612af" X-ARR-LOG-ID="e391355b-a885-4a09-9b00-1cd4eb4612af" CLIENT-IP="84.138.91.166:65169" X-SITE-DEPLOYMENT-ID="LA-Zeiterfassung" WAS-DEFAULT-HOSTNAME="la-zeiterfassung-fyd4cge3d9e3cac4.scm.germanywestcentral-01.azurewebsites.net" X-Forwarded-Proto="https" X-AppService-Proto="https" X-Forwarded-TlsVersion="1.3" X-WAWS-Unencoded-URL="/api/deployments/latest?deployer=ms-azuretools-vscode&amp;time=2025-05-21_18-18-12Z" X-Client-IP="84.138.91.166" X-Client-Port="65169" >
  <step title="Cleanup Xml Logs" date="2025-05-21T18:18:18.283" >
    <step title="Cleanup Infos" date="2025-05-21T18:18:18.326" totalFiles="215" totalCleanup="55" /><!-- duration: 5ms -->
  </step><!-- duration: 52ms -->
  <step title="DeploymentService.GetResult" date="2025-05-21T18:18:18.361" >
    <step title="DeploymentService.GetLatestDeployment" date="2025-05-21T18:18:18.363" >
      <step title="DeploymentManager.GetResults" date="2025-05-21T18:18:18.368" /><!-- duration: 432ms -->
    </step><!-- duration: 440ms -->
  </step><!-- duration: 445ms -->
  <step title="Outgoing response" date="2025-05-21T18:18:18.810" type="response" statusCode="202" statusText="Accepted" /><!-- duration: 3ms -->
</step><!-- duration: 554ms -->
