<step title="BackgroundTrace" date="2025-07-31T14:16:08.963" instance="a45adb" url="/api/zipdeploy" method="POST" >
  <step title="Creating temporary deployment - FetchDeploymentManager" date="2025-07-31T14:16:09.032" /><!-- duration: 3ms -->
  <step title="Creating temporary deployment" date="2025-07-31T14:16:09.042" /><!-- duration: 89ms -->
  <step title="Performing fetch based deployment" date="2025-07-31T14:16:09.175" >
    <step title="Cleaning up temp folders from previous zip deployments and extracting pushed zip file /tmp/zipdeploy/3a617b6b-d96b-4acc-a270-bf72553f67dc.zip (0.03 MB) to /tmp/zipdeploy/extracted" date="2025-07-31T14:16:10.329" >
      <step title="ChmodRecursive Process exited with total time taken in ms: 70" date="2025-07-31T14:16:10.477" /><!-- duration: 10ms -->
    </step><!-- duration: 176ms -->
    <step title="Deployment timer started" date="2025-07-31T14:16:12.527" >
      <step title="DeploymentManager.Deploy(id:5a1c7607-59c1-4bc1-8a2e-b57761c8dc59)" date="2025-07-31T14:16:12.534" >
        <step title="Collecting changeset information" date="2025-07-31T14:16:12.559" /><!-- duration: 130ms -->
        <step title="Updating submodules" date="2025-07-31T14:16:12.695" /><!-- duration: 1125ms -->
        <step title="Determining deployment builder" date="2025-07-31T14:16:14.010" >
          <step title="Builder is OryxBuilder" date="2025-07-31T14:16:14.035" /><!-- duration: 9ms -->
        </step><!-- duration: 43ms -->
        <step title="PreDeployment: context.CleanOutputPath False" date="2025-07-31T14:16:14.156" >
          <step title="PreDeployment: context.OutputPath /home/site/wwwroot" date="2025-07-31T14:16:14.289" >
            <step title="Building" date="2025-07-31T14:16:14.430" >
              <step title="Executing external process" date="2025-07-31T14:16:14.774" type="process" path="bash" arguments="-c &quot;oryx build /tmp/zipdeploy/extracted -o /home/site/wwwroot --platform python --platform-version 3.11 -p virtualenv_name=antenv --log-file /tmp/build-debug.log  -i /tmp/8ddd03ccead7ce3 --compress-destination-dir | tee /tmp/oryx-build.log ; exit $PIPESTATUS &quot;" /><!-- duration: 87208ms -->
              <step title="Using PythonDeploymentLogParser" date="2025-07-31T14:17:42.342" /><!-- duration: 5ms -->
              <step title="Triggering recycle (preview mode disabled)." date="2025-07-31T14:17:43.330" /><!-- duration: 11ms -->
              <step title="Modified file to trigger a restart of the app container." date="2025-07-31T14:17:43.373" /><!-- duration: 10ms -->
              <step title="Skip function trigger and logicapp sync because function is not enabled." date="2025-07-31T14:17:43.391" /><!-- duration: 10ms -->
              <step title="Purge deployment items" date="2025-07-31T14:17:44.437" >
                <step title="Remove d5309eb6-, Success, received at 07/31/2025 13:07:31" date="2025-07-31T14:17:44.492" /><!-- duration: 4ms -->
              </step><!-- duration: 72ms -->
            </step><!-- duration: 90172ms -->
          </step><!-- duration: 90319ms -->
          <step title="Cleaning up temp files" date="2025-07-31T14:17:44.611" /><!-- duration: 1921ms -->
          <step title="Cleaning up temp files" date="2025-07-31T14:17:46.537" /><!-- duration: 509ms -->
          <step title="Reloading status file with latest updates" date="2025-07-31T14:17:47.074" >
            <step title="WebHooksManager.PublishEventAsync: PostDeployment" date="2025-07-31T14:17:47.083" /><!-- duration: 28ms -->
          </step><!-- duration: 40ms -->
          <step title="Cleaning up temporary deployment - fetch deployment was successful" date="2025-07-31T14:17:47.133" /><!-- duration: 4ms -->
        </step><!-- duration: 93029ms -->
      </step><!-- duration: 94666ms -->
