<step title="Incoming Request" date="2025-07-31T14:58:03.999" instance="a45adb" url="/api/zipdeploy?isAsync=true" method="POST" type="request" pid="769,1,30" Accept="*/*" Host="la-zeiterfassung-fyd4cge3d9e3cac4.scm.azurewebsites.net" User-Agent="AZURECLI/2.75.0 (HOMEBREW)" Accept-Encoding="gzip, deflate" Authorization="Bas..." Cache-Control="no-cache" Content-Type="application/octet-stream" Cookie="ARRAffinity=a45adbe19489ea2b14e790f681e17ad6f03a5528ca730625ec513d016d2b4c91; ARRAffinitySameSite=a45adbe19489ea2b14e790f681e17ad6f03a5528ca730625ec513d016d2b4c91" Content-Length="34321" x-ms-client-request-id="be1b60a6-6e1e-11f0-bb12-3ecdac25f1e6" x-ms-artifact-checksum="8dc0e2dd378309e89bdd7911b5fc5e541e2a559ef884487681058620f0b7cafc" X-ARR-LOG-ID="be1b60a6-6e1e-11f0-bb12-3ecdac25f1e6" CLIENT-IP="84.138.86.68:59543" X-SITE-DEPLOYMENT-ID="la-zeiterfassung-fyd4cge3d9e3cac4" WAS-DEFAULT-HOSTNAME="la-zeiterfassung-fyd4cge3d9e3cac4.scm.azurewebsites.net" X-Forwarded-Proto="https" X-AppService-Proto="https" X-Forwarded-TlsVersion="1.3" X-WAWS-Unencoded-URL="/api/zipdeploy?isAsync=true" X-Client-IP="84.138.86.68" X-Client-Port="59543" >
  <step title="ZipPushDeploy" date="2025-07-31T14:58:04.070" >
    <step title="ZipDeploy. Extract zip. Remote build." date="2025-07-31T14:58:04.098" /><!-- duration: 10ms -->
    <step title="Starting PushDeployAsync" date="2025-07-31T14:58:04.122" /><!-- duration: 28ms -->
    <step title="Writing artifact to /tmp/zipdeploy/b33989de-9cc4-4b17-a86e-87d50fbceeeb.zip" date="2025-07-31T14:58:04.209" >
      <step title="Writing multipart request body to /tmp/zipdeploy/b33989de-9cc4-4b17-a86e-87d50fbceeeb.zip" date="2025-07-31T14:58:04.221" /><!-- duration: 10ms -->
    </step><!-- duration: 111ms -->
    <step title="Removing previous build artifact&apos;s manifest file" date="2025-07-31T14:58:04.328" >
      <step title="Start deployment in the background" date="2025-07-31T14:58:04.369" >
        <step title="Acquiring Deployment Lock" date="2025-07-31T14:58:04.474" /><!-- duration: 4ms -->
        <step title="Acquired Deployment Lock" date="2025-07-31T14:58:04.520" /><!-- duration: 3ms -->
      </step><!-- duration: 242ms -->
    </step><!-- duration: 292ms -->
    <step title="Outgoing response" date="2025-07-31T14:58:04.625" type="response" statusCode="202" statusText="Accepted" /><!-- duration: 3ms -->
  </step><!-- duration: 561ms -->
