<step title="Incoming Request" date="2025-07-29T09:26:13.094" instance="a45adb" url="/api/publish?type=zip" method="POST" type="request" pid="769,1,19" Accept="*/*" Host="la-zeiterfassung-fyd4cge3d9e3cac4.scm.azurewebsites.net" User-Agent="AZURECLI/2.75.0 (HOMEBREW)" Accept-Encoding="gzip, deflate" Authorization="Bas..." Cache-Control="no-cache" Content-Type="application/octet-stream" Cookie="ARRAffinity=a45adbe19489ea2b14e790f681e17ad6f03a5528ca730625ec513d016d2b4c91; ARRAffinitySameSite=a45adbe19489ea2b14e790f681e17ad6f03a5528ca730625ec513d016d2b4c91" Content-Length="5599" x-ms-client-request-id="0dddc952-6c5e-11f0-923f-3ecdac25f1e6" x-ms-artifact-checksum="45385ab53d24c227d30a88fcaa6f2a78c0c2491018a7aaa209ad3cb9179500d5" X-ARR-LOG-ID="0dddc952-6c5e-11f0-923f-3ecdac25f1e6" CLIENT-IP="84.138.86.68:62919" X-SITE-DEPLOYMENT-ID="la-zeiterfassung-fyd4cge3d9e3cac4" WAS-DEFAULT-HOSTNAME="la-zeiterfassung-fyd4cge3d9e3cac4.scm.azurewebsites.net" X-Forwarded-Proto="https" X-AppService-Proto="https" X-Forwarded-TlsVersion="1.3" X-WAWS-Unencoded-URL="/api/publish?type=zip" X-Client-IP="84.138.86.68" X-Client-Port="62919" >
  <step title="OneDeploy" date="2025-07-29T09:26:13.104" >
    <step title="Starting PushDeployAsync" date="2025-07-29T09:26:13.113" /><!-- duration: 3ms -->
    <step title="Writing artifact to /tmp/zipdeploy/4cc5b78a-0bea-4bcb-a9f2-254ed983f118.zip" date="2025-07-29T09:26:13.127" >
      <step title="Writing multipart request body to /tmp/zipdeploy/4cc5b78a-0bea-4bcb-a9f2-254ed983f118.zip" date="2025-07-29T09:26:13.130" /><!-- duration: 3ms -->
    </step><!-- duration: 84ms -->
    <step title="Removing previous build artifact&apos;s manifest file" date="2025-07-29T09:26:13.216" >
      <step title="Attempting to fetch target branch HEAD" date="2025-07-29T09:26:13.238" /><!-- duration: 7ms -->
      <step title="Acquiring Deployment Lock" date="2025-07-29T09:26:13.248" /><!-- duration: 4ms -->
      <step title="Acquired Deployment Lock" date="2025-07-29T09:26:13.309" /><!-- duration: 7ms -->
      <step title="Performing fetch based deployment" date="2025-07-29T09:26:13.325" >
        <step title="Creating temporary deployment" date="2025-07-29T09:26:13.329" /><!-- duration: 87ms -->
        <step title="Releasing Deployment Lock" date="2025-07-29T09:26:14.566" /><!-- duration: 7ms -->
        <step title="Cleaning up temp folders from previous zip deployments and extracting pushed zip file /tmp/zipdeploy/4cc5b78a-0bea-4bcb-a9f2-254ed983f118.zip (0.01 MB) to /tmp/zipdeploy/extracted" date="2025-07-29T09:26:14.637" >
          <step title="ChmodRecursive Process exited with total time taken in ms: 91" date="2025-07-29T09:26:14.780" /><!-- duration: 10ms -->
        </step><!-- duration: 191ms -->
        <step title="None repository commit" date="2025-07-29T09:26:14.848" >
          <step title="Commit id: 0af90e82-3455-4278-b49f-2d0bfb135d98" date="2025-07-29T09:26:14.859" Message="OneDeploy" AuthorName="N/A" AuthorEmail="N/A" /><!-- duration: 9ms -->
        </step><!-- duration: 32ms -->
        <step title="Deployment timer started" date="2025-07-29T09:26:16.892" >
          <step title="DeploymentManager.Deploy(id:0af90e82-3455-4278-b49f-2d0bfb135d98)" date="2025-07-29T09:26:16.901" >
            <step title="Collecting changeset information" date="2025-07-29T09:26:16.931" /><!-- duration: 127ms -->
            <step title="Updating submodules" date="2025-07-29T09:26:17.066" /><!-- duration: 1139ms -->
            <step title="Determining deployment builder" date="2025-07-29T09:26:18.460" >
              <step title="Builder is OryxBuilder" date="2025-07-29T09:26:18.487" /><!-- duration: 3ms -->
            </step><!-- duration: 45ms -->
            <step title="PreDeployment: context.CleanOutputPath False" date="2025-07-29T09:26:18.545" >
              <step title="PreDeployment: context.OutputPath /home/site/wwwroot" date="2025-07-29T09:26:18.659" >
                <step title="Building" date="2025-07-29T09:26:18.803" >
                  <step title="Executing external process" date="2025-07-29T09:26:19.112" type="process" path="bash" arguments="-c &quot;oryx build /tmp/zipdeploy/extracted -o /home/site/wwwroot --platform python --platform-version 3.11 -p virtualenv_name=antenv --log-file /tmp/build-debug.log  -i /tmp/8ddce81f94bd035 --compress-destination-dir | tee /tmp/oryx-build.log ; exit $PIPESTATUS &quot;" /><!-- duration: 88565ms -->
                  <step title="Using PythonDeploymentLogParser" date="2025-07-29T09:27:48.064" /><!-- duration: 4ms -->
                  <step title="Modified file to trigger a restart of the app container." date="2025-07-29T09:27:49.324" /><!-- duration: 7ms -->
                  <step title="Skip function trigger and logicapp sync because function is not enabled." date="2025-07-29T09:27:49.335" /><!-- duration: 4ms -->
                  <step title="Purge deployment items" date="2025-07-29T09:27:50.394" >
                    <step title="Remove 05948113-, Success, received at 07/29/2025 07:37:05" date="2025-07-29T09:27:50.442" /><!-- duration: 3ms -->
                  </step><!-- duration: 56ms -->
                </step><!-- duration: 91715ms -->
              </step><!-- duration: 91867ms -->
              <step title="Cleaning up temp files" date="2025-07-29T09:27:50.528" /><!-- duration: 1973ms -->
              <step title="Cleaning up temp files" date="2025-07-29T09:27:52.508" /><!-- duration: 515ms -->
              <step title="Reloading status file with latest updates" date="2025-07-29T09:27:53.056" >
                <step title="WebHooksManager.PublishEventAsync: PostDeployment" date="2025-07-29T09:27:53.072" /><!-- duration: 42ms -->
              </step><!-- duration: 62ms -->
              <step title="Cleaning up temporary deployment - fetch deployment was successful" date="2025-07-29T09:27:53.125" /><!-- duration: 3ms -->
            </step><!-- duration: 94647ms -->
          </step><!-- duration: 96296ms -->
          <step title="Outgoing response" date="2025-07-29T09:27:53.205" type="response" statusCode="200" statusText="OK" /><!-- duration: 3ms -->
        </step><!-- duration: 96321ms -->
