<step title="Incoming Request" date="2025-05-21T20:09:16.838" instance="e0f283" url="/api/deployments/latest?deployer=ms-azuretools-vscode&amp;time=2025-05-21_20-09-14Z" method="GET" type="request" pid="773,1,19" Host="la-zeiterfassung-fyd4cge3d9e3cac4.scm.germanywestcentral-01.azurewebsites.net" User-Agent="vscode-azureappservice/0.26.1 core-rest-pipeline/1.19.1 Node/20.19.0 OS/(arm64-Darwin-24.3.0)" Accept-Encoding="gzip,deflate" Accept-Language="de" Authorization="Bea..." x-ms-correlation-request-id="cf0e207d-8fff-4f80-90ab-9dddc1cdc7bf" x-ms-client-request-id="d48f23b0-e794-4416-9826-99d61d9df248" X-ARR-LOG-ID="d48f23b0-e794-4416-9826-99d61d9df248" CLIENT-IP="84.138.91.166:64527" X-SITE-DEPLOYMENT-ID="LA-Zeiterfassung" WAS-DEFAULT-HOSTNAME="la-zeiterfassung-fyd4cge3d9e3cac4.scm.germanywestcentral-01.azurewebsites.net" X-Forwarded-Proto="https" X-AppService-Proto="https" X-Forwarded-TlsVersion="1.3" X-WAWS-Unencoded-URL="/api/deployments/latest?deployer=ms-azuretools-vscode&amp;time=2025-05-21_20-09-14Z" X-Client-IP="84.138.91.166" X-Client-Port="64527" >
  <step title="Cleanup Xml Logs" date="2025-05-21T20:09:16.850" >
    <step title="Cleanup Infos" date="2025-05-21T20:09:16.874" totalFiles="343" totalCleanup="183" /><!-- duration: 8ms -->
  </step><!-- duration: 36ms -->
  <step title="DeploymentService.GetResult" date="2025-05-21T20:09:16.907" >
    <step title="DeploymentService.GetLatestDeployment" date="2025-05-21T20:09:16.909" >
      <step title="DeploymentManager.GetResults" date="2025-05-21T20:09:16.925" /><!-- duration: 500ms -->
    </step><!-- duration: 524ms -->
  </step><!-- duration: 536ms -->
  <step title="Outgoing response" date="2025-05-21T20:09:17.452" type="response" statusCode="202" statusText="Accepted" /><!-- duration: 2ms -->
</step><!-- duration: 619ms -->
