<step title="Incoming Request" date="2025-05-21T20:48:56.999" instance="e0f283" url="/api/zipdeploy?author=ms-azuretools-vscode&amp;deployer=ms-azuretools-vscode&amp;isAsync=true&amp;trackDeploymentId=true" method="POST" type="request" pid="770,1,40" Host="la-zeiterfassung-fyd4cge3d9e3cac4.scm.germanywestcentral-01.azurewebsites.net" User-Agent="vscode-azureappservice/0.26.1 core-rest-pipeline/1.19.1 Node/20.19.0 OS/(arm64-Darwin-24.3.0)" Accept-Encoding="gzip,deflate" Accept-Language="de" Authorization="Bea..." Transfer-Encoding="chunked" x-ms-correlation-request-id="2d83ee36-5cb9-4d3f-9a82-aeec75ece6e0" x-ms-client-request-id="198e430d-c5d8-4318-ac04-659ed4622944" X-ARR-LOG-ID="198e430d-c5d8-4318-ac04-659ed4622944" CLIENT-IP="84.138.91.166:63393" X-SITE-DEPLOYMENT-ID="LA-Zeiterfassung" WAS-DEFAULT-HOSTNAME="la-zeiterfassung-fyd4cge3d9e3cac4.scm.germanywestcentral-01.azurewebsites.net" X-Forwarded-Proto="https" X-AppService-Proto="https" X-Forwarded-TlsVersion="1.3" X-WAWS-Unencoded-URL="/api/zipdeploy?author=ms-azuretools-vscode&amp;deployer=ms-azuretools-vscode&amp;isAsync=true&amp;trackDeploymentId=true" X-Client-IP="84.138.91.166" X-Client-Port="63393" >
  <step title="Cleanup Xml Logs" date="2025-05-21T20:48:57.005" >
    <step title="Cleanup Infos" date="2025-05-21T20:48:57.022" totalFiles="442" totalCleanup="282" /><!-- duration: 5ms -->
  </step><!-- duration: 25ms -->
  <step title="ZipPushDeploy" date="2025-05-21T20:48:57.043" >
    <step title="ZipDeploy. Extract zip." date="2025-05-21T20:48:57.051" /><!-- duration: 2ms -->
    <step title="Starting PushDeployAsync" date="2025-05-21T20:48:57.060" /><!-- duration: 3ms -->
    <step title="Error occurred" date="2025-05-21T20:48:57.084" type="error" text="Error removing symlink: Path doesn&apos;t exist!" stackTrace="   at Mono.Unix.UnixFileSystemInfo.AssertValid()
   at Mono.Unix.UnixFileSystemInfo.get_FileType()
   at Kudu.Services.Deployment.PushDeploymentController.PushDeployAsync(ArtifactDeploymentInfo deploymentInfo, Boolean isAsync, HttpContext context, JObject requestJson) in /tmp/KuduLite/Kudu.Services/Deployment/PushDeploymentController.cs:line 740" /><!-- duration: 2ms -->
    <step title="Writing artifact to /tmp/zipdeploy/95c785d8-c692-4868-984e-aed72b89c43b.zip" date="2025-05-21T20:48:57.094" >
      <step title="Writing multipart request body to /tmp/zipdeploy/95c785d8-c692-4868-984e-aed72b89c43b.zip" date="2025-05-21T20:48:57.097" /><!-- duration: 5ms -->
    </step><!-- duration: 57ms -->
    <step title="Removing previous build artifact&apos;s manifest file" date="2025-05-21T20:48:57.201" >
      <step title="Start deployment in the background" date="2025-05-21T20:48:57.255" >
        <step title="Acquiring Deployment Lock" date="2025-05-21T20:48:57.298" /><!-- duration: 3ms -->
        <step title="Acquired Deployment Lock" date="2025-05-21T20:48:57.330" /><!-- duration: 3ms -->
      </step><!-- duration: 179ms -->
    </step><!-- duration: 238ms -->
    <step title="Outgoing response" date="2025-05-21T20:48:57.443" type="response" statusCode="202" statusText="Accepted" /><!-- duration: 3ms -->
  </step><!-- duration: 406ms -->
