<step title="Incoming Request" date="2025-05-21T20:34:53.801" instance="e0f283" url="/api/deployments/latest?deployer=ms-azuretools-vscode&amp;time=2025-05-21_20-34-53Z" method="GET" type="request" pid="770,1,7" Host="la-zeiterfassung-fyd4cge3d9e3cac4.scm.germanywestcentral-01.azurewebsites.net" User-Agent="vscode-azureappservice/0.26.1 core-rest-pipeline/1.19.1 Node/20.19.0 OS/(arm64-Darwin-24.3.0)" Accept-Encoding="gzip,deflate" Accept-Language="de" Authorization="Bea..." x-ms-correlation-request-id="0c6e2b40-c7cd-4542-861b-2e837415c07d" x-ms-client-request-id="c5bc8fc7-b1ef-4a0e-bbbd-55dfb8011a46" X-ARR-LOG-ID="c5bc8fc7-b1ef-4a0e-bbbd-55dfb8011a46" CLIENT-IP="84.138.91.166:61305" X-SITE-DEPLOYMENT-ID="LA-Zeiterfassung" WAS-DEFAULT-HOSTNAME="la-zeiterfassung-fyd4cge3d9e3cac4.scm.germanywestcentral-01.azurewebsites.net" X-Forwarded-Proto="https" X-AppService-Proto="https" X-Forwarded-TlsVersion="1.3" X-WAWS-Unencoded-URL="/api/deployments/latest?deployer=ms-azuretools-vscode&amp;time=2025-05-21_20-34-53Z" X-Client-IP="84.138.91.166" X-Client-Port="61305" >
  <step title="Cleanup Xml Logs" date="2025-05-21T20:34:53.823" >
    <step title="Cleanup Infos" date="2025-05-21T20:34:53.894" totalFiles="406" totalCleanup="246" /><!-- duration: 18ms -->
  </step><!-- duration: 99ms -->
  <step title="DeploymentService.GetResult" date="2025-05-21T20:34:54.165" >
    <step title="DeploymentService.GetLatestDeployment" date="2025-05-21T20:34:54.175" >
      <step title="DeploymentManager.GetResults" date="2025-05-21T20:34:54.185" /><!-- duration: 1192ms -->
    </step><!-- duration: 1213ms -->
  </step><!-- duration: 1233ms -->
  <step title="Outgoing response" date="2025-05-21T20:34:55.477" type="response" statusCode="202" statusText="Accepted" /><!-- duration: 22ms -->
</step><!-- duration: 1709ms -->
