<step title="Incoming Request" date="2025-07-31T19:36:36.825" instance="a45adb" url="/api/zipdeploy?isAsync=true" method="POST" type="request" pid="769,1,50" Accept="*/*" Host="la-zeiterfassung-fyd4cge3d9e3cac4.scm.azurewebsites.net" User-Agent="AZURECLI/2.75.0 (HOMEBREW)" Accept-Encoding="gzip, deflate" Authorization="Bas..." Cache-Control="no-cache" Content-Type="application/octet-stream" Cookie="ARRAffinity=a45adbe19489ea2b14e790f681e17ad6f03a5528ca730625ec513d016d2b4c91; ARRAffinitySameSite=a45adbe19489ea2b14e790f681e17ad6f03a5528ca730625ec513d016d2b4c91" Content-Length="32914" x-ms-client-request-id="a8fdd2c2-6e45-11f0-8f98-3ecdac25f1e6" x-ms-artifact-checksum="663682ada15e4c69205fccd8055a132771ae892d45775e2dd6c43c9c319428a6" X-ARR-LOG-ID="a8fdd2c2-6e45-11f0-8f98-3ecdac25f1e6" CLIENT-IP="84.138.86.68:60117" X-SITE-DEPLOYMENT-ID="la-zeiterfassung-fyd4cge3d9e3cac4" WAS-DEFAULT-HOSTNAME="la-zeiterfassung-fyd4cge3d9e3cac4.scm.azurewebsites.net" X-Forwarded-Proto="https" X-AppService-Proto="https" X-Forwarded-TlsVersion="1.3" X-WAWS-Unencoded-URL="/api/zipdeploy?isAsync=true" X-Client-IP="84.138.86.68" X-Client-Port="60117" >
  <step title="ZipPushDeploy" date="2025-07-31T19:36:36.834" >
    <step title="ZipDeploy. Extract zip. Remote build." date="2025-07-31T19:36:36.844" /><!-- duration: 3ms -->
    <step title="Starting PushDeployAsync" date="2025-07-31T19:36:36.851" /><!-- duration: 3ms -->
    <step title="Writing artifact to /tmp/zipdeploy/47d24d1b-7d88-4770-bc1c-d40747287807.zip" date="2025-07-31T19:36:36.864" >
      <step title="Writing multipart request body to /tmp/zipdeploy/47d24d1b-7d88-4770-bc1c-d40747287807.zip" date="2025-07-31T19:36:36.867" /><!-- duration: 6ms -->
    </step><!-- duration: 28ms -->
    <step title="Removing previous build artifact&apos;s manifest file" date="2025-07-31T19:36:36.904" >
      <step title="Start deployment in the background" date="2025-07-31T19:36:36.925" >
        <step title="Acquiring Deployment Lock" date="2025-07-31T19:36:36.953" /><!-- duration: 12ms -->
        <step title="Acquired Deployment Lock" date="2025-07-31T19:36:37.010" /><!-- duration: 15ms -->
      </step><!-- duration: 317ms -->
    </step><!-- duration: 460ms -->
    <step title="Outgoing response" date="2025-07-31T19:36:37.376" type="response" statusCode="202" statusText="Accepted" /><!-- duration: 10ms -->
  </step><!-- duration: 561ms -->
