<step title="BackgroundTrace" date="2025-05-21T20:41:29.255" instance="e0f283" url="/api/zipdeploy" method="POST" >
  <step title="Creating temporary deployment - FetchDeploymentManager" date="2025-05-21T20:41:29.337" /><!-- duration: 3ms -->
  <step title="Creating temporary deployment" date="2025-05-21T20:41:29.347" /><!-- duration: 85ms -->
  <step title="Performing fetch based deployment" date="2025-05-21T20:41:29.470" >
    <step title="Cleaning up temp folders from previous zip deployments and extracting pushed zip file /tmp/zipdeploy/5e2c6591-f4e6-4e2c-b20c-a127226afda4.zip (0.02 MB) to /tmp/zipdeploy/extracted" date="2025-05-21T20:41:30.617" >
      <step title="ChmodRecursive Process exited with total time taken in ms: 79" date="2025-05-21T20:41:30.756" /><!-- duration: 19ms -->
    </step><!-- duration: 169ms -->
    <step title="Deployment timer started" date="2025-05-21T20:41:32.813" >
      <step title="DeploymentManager.Deploy(id:a3f21060-4661-45fd-b36b-c6c8a997f59a)" date="2025-05-21T20:41:32.824" >
        <step title="Collecting changeset information" date="2025-05-21T20:41:32.864" /><!-- duration: 130ms -->
        <step title="Updating submodules" date="2025-05-21T20:41:33.002" /><!-- duration: 1140ms -->
        <step title="Determining deployment builder" date="2025-05-21T20:41:34.337" >
          <step title="Builder is OryxBuilder" date="2025-05-21T20:41:34.367" /><!-- duration: 10ms -->
        </step><!-- duration: 43ms -->
        <step title="PreDeployment: context.CleanOutputPath False" date="2025-05-21T20:41:34.431" >
          <step title="PreDeployment: context.OutputPath /home/site/wwwroot" date="2025-05-21T20:41:34.530" >
            <step title="Building" date="2025-05-21T20:41:34.663" >
              <step title="Executing external process" date="2025-05-21T20:41:34.934" type="process" path="bash" arguments="-c &quot;oryx build /tmp/zipdeploy/extracted -o /home/site/wwwroot --platform python --platform-version 3.11 -p virtualenv_name=antenv --log-file /tmp/build-debug.log  -i /tmp/8dd98a7e024153d --compress-destination-dir | tee /tmp/oryx-build.log ; exit $PIPESTATUS &quot;" /><!-- duration: 98494ms -->
              <step title="Using PythonDeploymentLogParser" date="2025-05-21T20:43:14.052" /><!-- duration: 12ms -->
              <step title="Triggering recycle (preview mode disabled)." date="2025-05-21T20:43:16.010" /><!-- duration: 32ms -->
              <step title="Modified file to trigger a restart of the app container." date="2025-05-21T20:43:16.081" /><!-- duration: 12ms -->
              <step title="Skip function trigger and logicapp sync because function is not enabled." date="2025-05-21T20:43:16.109" /><!-- duration: 9ms -->
              <step title="Purge deployment items" date="2025-05-21T20:43:16.969" >
                <step title="Remove 74706c09-, Success, received at 05/21/2025 18:18:16" date="2025-05-21T20:43:17.023" /><!-- duration: 5ms -->
              </step><!-- duration: 65ms -->
            </step><!-- duration: 102438ms -->
          </step><!-- duration: 102575ms -->
          <step title="Cleaning up temp files" date="2025-05-21T20:43:17.108" /><!-- duration: 512ms -->
          <step title="Cleaning up temp files" date="2025-05-21T20:43:17.623" /><!-- duration: 507ms -->
          <step title="Reloading status file with latest updates" date="2025-05-21T20:43:18.161" >
            <step title="WebHooksManager.PublishEventAsync: PostDeployment" date="2025-05-21T20:43:18.170" /><!-- duration: 45ms -->
          </step><!-- duration: 58ms -->
          <step title="Cleaning up temporary deployment - fetch deployment was successful" date="2025-05-21T20:43:18.247" /><!-- duration: 3ms -->
        </step><!-- duration: 103866ms -->
      </step><!-- duration: 105501ms -->
