<step title="Incoming Request" date="2025-07-31T18:30:29.293" instance="a45adb" url="/api/zipdeploy?isAsync=true" method="POST" type="request" pid="769,1,55" Accept="*/*" Host="la-zeiterfassung-fyd4cge3d9e3cac4.scm.azurewebsites.net" User-Agent="AZURECLI/2.75.0 (HOMEBREW)" Accept-Encoding="gzip, deflate" Authorization="Bas..." Cache-Control="no-cache" Content-Type="application/octet-stream" Cookie="ARRAffinity=a45adbe19489ea2b14e790f681e17ad6f03a5528ca730625ec513d016d2b4c91; ARRAffinitySameSite=a45adbe19489ea2b14e790f681e17ad6f03a5528ca730625ec513d016d2b4c91" Content-Length="33863" x-ms-client-request-id="6bd3f90c-6e3c-11f0-925f-3ecdac25f1e6" x-ms-artifact-checksum="54e272d6b5ae4c293aa423a05ff9c3b995a7904d7ed37d44a4286410e2d39c39" X-ARR-LOG-ID="6bd3f90c-6e3c-11f0-925f-3ecdac25f1e6" CLIENT-IP="84.138.86.68:61598" X-SITE-DEPLOYMENT-ID="la-zeiterfassung-fyd4cge3d9e3cac4" WAS-DEFAULT-HOSTNAME="la-zeiterfassung-fyd4cge3d9e3cac4.scm.azurewebsites.net" X-Forwarded-Proto="https" X-AppService-Proto="https" X-Forwarded-TlsVersion="1.3" X-WAWS-Unencoded-URL="/api/zipdeploy?isAsync=true" X-Client-IP="84.138.86.68" X-Client-Port="61598" >
  <step title="ZipPushDeploy" date="2025-07-31T18:30:29.302" >
    <step title="ZipDeploy. Extract zip. Remote build." date="2025-07-31T18:30:29.311" /><!-- duration: 3ms -->
    <step title="Starting PushDeployAsync" date="2025-07-31T18:30:29.319" /><!-- duration: 3ms -->
    <step title="Writing artifact to /tmp/zipdeploy/3b2a78e9-14df-4af7-b538-b2ae3227966c.zip" date="2025-07-31T18:30:29.335" >
      <step title="Writing multipart request body to /tmp/zipdeploy/3b2a78e9-14df-4af7-b538-b2ae3227966c.zip" date="2025-07-31T18:30:29.338" /><!-- duration: 3ms -->
    </step><!-- duration: 16ms -->
    <step title="Removing previous build artifact&apos;s manifest file" date="2025-07-31T18:30:29.368" >
      <step title="Start deployment in the background" date="2025-07-31T18:30:29.401" >
        <step title="Acquiring Deployment Lock" date="2025-07-31T18:30:29.411" /><!-- duration: 3ms -->
        <step title="Acquired Deployment Lock" date="2025-07-31T18:30:29.453" /><!-- duration: 3ms -->
      </step><!-- duration: 137ms -->
    </step><!-- duration: 176ms -->
    <step title="Outgoing response" date="2025-07-31T18:30:29.548" type="response" statusCode="202" statusText="Accepted" /><!-- duration: 3ms -->
  </step><!-- duration: 252ms -->
