<step title="Incoming Request" date="2025-07-31T13:23:43.209" instance="a45adb" url="/api/zipdeploy?isAsync=true" method="POST" type="request" pid="769,1,36" Accept="*/*" Host="la-zeiterfassung-fyd4cge3d9e3cac4.scm.azurewebsites.net" User-Agent="AZURECLI/2.75.0 (HOMEBREW)" Accept-Encoding="gzip, deflate" Authorization="Bas..." Cache-Control="no-cache" Content-Type="application/octet-stream" Cookie="ARRAffinity=a45adbe19489ea2b14e790f681e17ad6f03a5528ca730625ec513d016d2b4c91; ARRAffinitySameSite=a45adbe19489ea2b14e790f681e17ad6f03a5528ca730625ec513d016d2b4c91" Content-Length="15708" x-ms-client-request-id="90c276e2-6e11-11f0-b268-3ecdac25f1e6" x-ms-artifact-checksum="44707e18d96f7522397869146753687c86659f21b8b3cbae3fdea69a6e508456" X-ARR-LOG-ID="90c276e2-6e11-11f0-b268-3ecdac25f1e6" CLIENT-IP="84.138.86.68:63953" X-SITE-DEPLOYMENT-ID="la-zeiterfassung-fyd4cge3d9e3cac4" WAS-DEFAULT-HOSTNAME="la-zeiterfassung-fyd4cge3d9e3cac4.scm.azurewebsites.net" X-Forwarded-Proto="https" X-AppService-Proto="https" X-Forwarded-TlsVersion="1.3" X-WAWS-Unencoded-URL="/api/zipdeploy?isAsync=true" X-Client-IP="84.138.86.68" X-Client-Port="63953" >
  <step title="ZipPushDeploy" date="2025-07-31T13:23:43.234" >
    <step title="ZipDeploy. Extract zip. Remote build." date="2025-07-31T13:23:43.245" /><!-- duration: 5ms -->
    <step title="Starting PushDeployAsync" date="2025-07-31T13:23:43.256" /><!-- duration: 6ms -->
    <step title="Writing artifact to /tmp/zipdeploy/b9866e4d-3519-4167-9e28-1103f478d9f6.zip" date="2025-07-31T13:23:43.283" >
      <step title="Writing multipart request body to /tmp/zipdeploy/b9866e4d-3519-4167-9e28-1103f478d9f6.zip" date="2025-07-31T13:23:43.300" /><!-- duration: 19ms -->
    </step><!-- duration: 98ms -->
    <step title="Removing previous build artifact&apos;s manifest file" date="2025-07-31T13:23:43.398" >
      <step title="Start deployment in the background" date="2025-07-31T13:23:43.437" >
        <step title="Acquiring Deployment Lock" date="2025-07-31T13:23:43.488" /><!-- duration: 19ms -->
        <step title="Acquired Deployment Lock" date="2025-07-31T13:23:43.542" /><!-- duration: 7ms -->
      </step><!-- duration: 218ms -->
    </step><!-- duration: 268ms -->
    <step title="Outgoing response" date="2025-07-31T13:23:43.673" type="response" statusCode="202" statusText="Accepted" /><!-- duration: 4ms -->
  </step><!-- duration: 448ms -->
