<step title="Incoming Request" date="2025-05-21T17:24:58.295" instance="e0f283" url="/api/zipdeploy?author=ms-azuretools-vscode&amp;deployer=ms-azuretools-vscode&amp;isAsync=true&amp;trackDeploymentId=true" method="POST" type="request" pid="772,1,19" Host="la-zeiterfassung-fyd4cge3d9e3cac4.scm.germanywestcentral-01.azurewebsites.net" User-Agent="vscode-azureappservice/0.26.1 core-rest-pipeline/1.19.1 Node/20.19.0 OS/(arm64-Darwin-24.3.0)" Accept-Encoding="gzip,deflate" Accept-Language="de" Authorization="Bea..." Transfer-Encoding="chunked" x-ms-correlation-request-id="6e941844-c418-4827-9d16-9252522673e1" x-ms-client-request-id="fefbaa29-99ea-4854-9c69-869a0012e3ae" X-ARR-LOG-ID="fefbaa29-99ea-4854-9c69-869a0012e3ae" CLIENT-IP="84.138.91.166:62661" X-SITE-DEPLOYMENT-ID="LA-Zeiterfassung" WAS-DEFAULT-HOSTNAME="la-zeiterfassung-fyd4cge3d9e3cac4.scm.germanywestcentral-01.azurewebsites.net" X-Forwarded-Proto="https" X-AppService-Proto="https" X-Forwarded-TlsVersion="1.3" X-WAWS-Unencoded-URL="/api/zipdeploy?author=ms-azuretools-vscode&amp;deployer=ms-azuretools-vscode&amp;isAsync=true&amp;trackDeploymentId=true" X-Client-IP="84.138.91.166" X-Client-Port="62661" >
  <step title="ZipPushDeploy" date="2025-05-21T17:24:58.869" >
    <step title="ZipDeploy. Extract zip." date="2025-05-21T17:24:58.884" /><!-- duration: 2ms -->
    <step title="None repository commit" date="2025-05-21T17:24:58.897" >
      <step title="Commit id: 1fccd9f7-0aa1-4927-a546-fd824f3ffe32" date="2025-05-21T17:24:58.899" Message="N/A" AuthorName="N/A" AuthorEmail="N/A" /><!-- duration: 3ms -->
    </step><!-- duration: 11ms -->
    <step title="Starting PushDeployAsync" date="2025-05-21T17:24:58.917" /><!-- duration: 12ms -->
    <step title="Error occurred" date="2025-05-21T17:24:59.020" type="error" text="Error removing symlink: Path doesn&apos;t exist!" stackTrace="   at Mono.Unix.UnixFileSystemInfo.AssertValid()
   at Mono.Unix.UnixFileSystemInfo.get_FileType()
   at Kudu.Services.Deployment.PushDeploymentController.PushDeployAsync(ArtifactDeploymentInfo deploymentInfo, Boolean isAsync, HttpContext context, JObject requestJson) in /tmp/KuduLite/Kudu.Services/Deployment/PushDeploymentController.cs:line 740" /><!-- duration: 8ms -->
    <step title="Writing artifact to /tmp/zipdeploy/bdda4512-3aa6-4a84-9511-9c5bad9220fc.zip" date="2025-05-21T17:24:59.038" >
      <step title="Writing multipart request body to /tmp/zipdeploy/bdda4512-3aa6-4a84-9511-9c5bad9220fc.zip" date="2025-05-21T17:24:59.059" /><!-- duration: 9ms -->
    </step><!-- duration: 130ms -->
    <step title="Start deployment in the background" date="2025-05-21T17:24:59.196" >
      <step title="Acquiring Deployment Lock" date="2025-05-21T17:24:59.239" /><!-- duration: 6ms -->
      <step title="Acquired Deployment Lock" date="2025-05-21T17:24:59.287" /><!-- duration: 3ms -->
    </step><!-- duration: 178ms -->
  </step><!-- duration: 511ms -->
  <step title="Outgoing response" date="2025-05-21T17:24:59.397" type="response" statusCode="202" statusText="Accepted" /><!-- duration: 2ms -->
</step><!-- duration: 1109ms -->
