<step title="Incoming Request" date="2025-07-31T18:14:21.408" instance="a45adb" url="/api/deployments/latest" method="GET" type="request" pid="769,1,62" Accept="*/*" Host="la-zeiterfassung-fyd4cge3d9e3cac4.scm.azurewebsites.net" User-Agent="AZURECLI/2.75.0 (HOMEBREW)" Accept-Encoding="gzip, deflate" Authorization="Bas..." x-ms-client-request-id="28078fe2-6e3a-11f0-ad27-3ecdac25f1e6" X-ARR-LOG-ID="28078fe2-6e3a-11f0-ad27-3ecdac25f1e6" CLIENT-IP="84.138.86.68:64031" X-SITE-DEPLOYMENT-ID="la-zeiterfassung-fyd4cge3d9e3cac4" WAS-DEFAULT-HOSTNAME="la-zeiterfassung-fyd4cge3d9e3cac4.scm.azurewebsites.net" X-Forwarded-Proto="https" X-AppService-Proto="https" X-Forwarded-TlsVersion="1.3" X-WAWS-Unencoded-URL="/api/deployments/latest" X-Client-IP="84.138.86.68" X-Client-Port="64031" >
  <step title="Cleanup Xml Logs" date="2025-07-31T18:14:21.411" >
    <step title="Cleanup Infos" date="2025-07-31T18:14:21.421" totalFiles="245" totalCleanup="85" /><!-- duration: 2ms -->
  </step><!-- duration: 16ms -->
  <step title="DeploymentService.GetResult" date="2025-07-31T18:14:21.433" >
    <step title="DeploymentService.GetLatestDeployment" date="2025-07-31T18:14:21.436" >
      <step title="DeploymentManager.GetResults" date="2025-07-31T18:14:21.438" /><!-- duration: 522ms -->
    </step><!-- duration: 527ms -->
  </step><!-- duration: 633ms -->
  <step title="Outgoing response" date="2025-07-31T18:14:22.075" type="response" statusCode="202" statusText="Accepted" /><!-- duration: 3ms -->
</step><!-- duration: 678ms -->
