<step title="BackgroundTrace" date="2025-05-21T21:14:16.547" instance="e0f283" url="/api/zipdeploy" method="POST" >
  <step title="Creating temporary deployment - FetchDeploymentManager" date="2025-05-21T21:14:16.636" /><!-- duration: 4ms -->
  <step title="Creating temporary deployment" date="2025-05-21T21:14:16.646" /><!-- duration: 83ms -->
  <step title="Performing fetch based deployment" date="2025-05-21T21:14:16.760" >
    <step title="Cleaning up temp folders from previous zip deployments and extracting pushed zip file /tmp/zipdeploy/3a26b704-a4ea-4c1c-97e4-ae259c03aa8c.zip (0.02 MB) to /tmp/zipdeploy/extracted" date="2025-05-21T21:14:17.874" >
      <step title="ChmodRecursive Process exited with total time taken in ms: 90" date="2025-05-21T21:14:18.049" /><!-- duration: 4ms -->
    </step><!-- duration: 187ms -->
    <step title="Deployment timer started" date="2025-05-21T21:14:20.095" >
      <step title="DeploymentManager.Deploy(id:bd92e6a3-e3a0-4241-90b8-bd6c4685aa3d)" date="2025-05-21T21:14:20.109" >
        <step title="Collecting changeset information" date="2025-05-21T21:14:20.151" /><!-- duration: 102ms -->
        <step title="Updating submodules" date="2025-05-21T21:14:20.261" /><!-- duration: 1139ms -->
        <step title="Determining deployment builder" date="2025-05-21T21:14:21.641" >
          <step title="Builder is OryxBuilder" date="2025-05-21T21:14:21.675" /><!-- duration: 3ms -->
        </step><!-- duration: 48ms -->
        <step title="PreDeployment: context.CleanOutputPath False" date="2025-05-21T21:14:21.740" >
          <step title="PreDeployment: context.OutputPath /home/site/wwwroot" date="2025-05-21T21:14:21.837" >
            <step title="Building" date="2025-05-21T21:14:21.969" >
              <step title="Executing external process" date="2025-05-21T21:14:22.261" type="process" path="bash" arguments="-c &quot;oryx build /tmp/zipdeploy/extracted -o /home/site/wwwroot --platform python --platform-version 3.11 -p virtualenv_name=antenv --log-file /tmp/build-debug.log  -i /tmp/8dd98ac74bf6f5a --compress-destination-dir | tee /tmp/oryx-build.log ; exit $PIPESTATUS &quot;" >
                <step title="Cpu: gzip(2383,10.230s)+sh(2382,0.000s)+tar(2381,0.770s)+build.sh(2269,0.040s)+oryx(2247,3.560s)+tee(2248,0.000s)+bash(2246,0.000s)=total(14.600s)" date="2025-05-21T21:16:23.656" /><!-- duration: 49ms -->
                <step title="bash: no io activity for 60s, prev-cpu=-1.000s, current-cpu=14.600s" date="2025-05-21T21:16:23.717" /><!-- duration: 31ms -->
              </step><!-- duration: 122224ms -->
              <step title="Using PythonDeploymentLogParser" date="2025-05-21T21:16:24.610" /><!-- duration: 10ms -->
              <step title="Triggering recycle (preview mode disabled)." date="2025-05-21T21:16:25.035" /><!-- duration: 5ms -->
              <step title="Modified file to trigger a restart of the app container." date="2025-05-21T21:16:25.080" /><!-- duration: 11ms -->
              <step title="Skip function trigger and logicapp sync because function is not enabled." date="2025-05-21T21:16:25.100" /><!-- duration: 9ms -->
              <step title="Purge deployment items" date="2025-05-21T21:16:26.094" >
                <step title="Remove temp-ceb2, Failed, received at 05/21/2025 21:14:16" date="2025-05-21T21:16:26.198" /><!-- duration: 4ms -->
                <step title="Remove 61fb0465-, Success, received at 05/21/2025 18:36:11" date="2025-05-21T21:16:26.317" /><!-- duration: 4ms -->
              </step><!-- duration: 231ms -->
            </step><!-- duration: 124426ms -->
          </step><!-- duration: 124561ms -->
          <step title="Cleaning up temp files" date="2025-05-21T21:16:26.405" /><!-- duration: 1221ms -->
          <step title="Cleaning up temp files" date="2025-05-21T21:16:27.633" /><!-- duration: 511ms -->
          <step title="Reloading status file with latest updates" date="2025-05-21T21:16:28.188" >
            <step title="WebHooksManager.PublishEventAsync: PostDeployment" date="2025-05-21T21:16:28.195" /><!-- duration: 59ms -->
          </step><!-- duration: 71ms -->
          <step title="Cleaning up temporary deployment - fetch deployment was successful" date="2025-05-21T21:16:28.266" /><!-- duration: 2ms -->
        </step><!-- duration: 126578ms -->
      </step><!-- duration: 128222ms -->
