<step title="Incoming Request" date="2025-07-29T07:37:01.782" instance="a45adb" url="/api/publish?type=zip" method="POST" type="request" pid="769,1,22" Accept="*/*" Host="la-zeiterfassung-fyd4cge3d9e3cac4.scm.azurewebsites.net" User-Agent="AZURECLI/2.75.0 (HOMEBREW)" Accept-Encoding="gzip, deflate" Authorization="Bas..." Cache-Control="no-cache" Content-Type="application/octet-stream" Cookie="ARRAffinity=a45adbe19489ea2b14e790f681e17ad6f03a5528ca730625ec513d016d2b4c91; ARRAffinitySameSite=a45adbe19489ea2b14e790f681e17ad6f03a5528ca730625ec513d016d2b4c91" Content-Length="4318" x-ms-client-request-id="ccdc0824-6c4e-11f0-8b6c-3ecdac25f1e6" x-ms-artifact-checksum="1fc9a03b9377acfce3b261e7efe6666dfd29e4754286144908582d293d381f19" X-ARR-LOG-ID="ccdc0824-6c4e-11f0-8b6c-3ecdac25f1e6" CLIENT-IP="84.138.86.68:62322" X-SITE-DEPLOYMENT-ID="la-zeiterfassung-fyd4cge3d9e3cac4" WAS-DEFAULT-HOSTNAME="la-zeiterfassung-fyd4cge3d9e3cac4.scm.azurewebsites.net" X-Forwarded-Proto="https" X-AppService-Proto="https" X-Forwarded-TlsVersion="1.3" X-WAWS-Unencoded-URL="/api/publish?type=zip" X-Client-IP="84.138.86.68" X-Client-Port="62322" >
  <step title="OneDeploy" date="2025-07-29T07:37:01.841" >
    <step title="Starting PushDeployAsync" date="2025-07-29T07:37:01.890" /><!-- duration: 10ms -->
    <step title="Writing artifact to /tmp/zipdeploy/f8a8d008-1953-4543-abb0-0b90b6ca47d3.zip" date="2025-07-29T07:37:01.949" >
      <step title="Writing multipart request body to /tmp/zipdeploy/f8a8d008-1953-4543-abb0-0b90b6ca47d3.zip" date="2025-07-29T07:37:01.960" /><!-- duration: 10ms -->
    </step><!-- duration: 122ms -->
    <step title="Removing previous build artifact&apos;s manifest file" date="2025-07-29T07:37:02.081" >
      <step title="Attempting to fetch target branch HEAD" date="2025-07-29T07:37:02.129" /><!-- duration: 3ms -->
      <step title="Acquiring Deployment Lock" date="2025-07-29T07:37:02.148" /><!-- duration: 18ms -->
      <step title="Acquired Deployment Lock" date="2025-07-29T07:37:02.240" /><!-- duration: 10ms -->
      <step title="Performing fetch based deployment" date="2025-07-29T07:37:02.278" >
        <step title="Creating temporary deployment" date="2025-07-29T07:37:02.297" /><!-- duration: 110ms -->
        <step title="Releasing Deployment Lock" date="2025-07-29T07:37:03.601" /><!-- duration: 9ms -->
        <step title="Cleaning up temp folders from previous zip deployments and extracting pushed zip file /tmp/zipdeploy/f8a8d008-1953-4543-abb0-0b90b6ca47d3.zip (0.00 MB) to /tmp/zipdeploy/extracted" date="2025-07-29T07:37:03.651" >
          <step title="ChmodRecursive Process exited with total time taken in ms: 71" date="2025-07-29T07:37:03.762" /><!-- duration: 11ms -->
        </step><!-- duration: 169ms -->
        <step title="None repository commit" date="2025-07-29T07:37:03.824" >
          <step title="Commit id: 05948113-43bd-4da7-a7fc-de614b770297" date="2025-07-29T07:37:03.833" Message="OneDeploy" AuthorName="N/A" AuthorEmail="N/A" /><!-- duration: 9ms -->
        </step><!-- duration: 29ms -->
        <step title="Deployment timer started" date="2025-07-29T07:37:05.862" >
          <step title="DeploymentManager.Deploy(id:05948113-43bd-4da7-a7fc-de614b770297)" date="2025-07-29T07:37:05.876" >
            <step title="Collecting changeset information" date="2025-07-29T07:37:05.921" /><!-- duration: 123ms -->
            <step title="Updating submodules" date="2025-07-29T07:37:06.051" /><!-- duration: 1189ms -->
            <step title="Determining deployment builder" date="2025-07-29T07:37:07.515" >
              <step title="Builder is OryxBuilder" date="2025-07-29T07:37:07.541" /><!-- duration: 3ms -->
            </step><!-- duration: 35ms -->
            <step title="PreDeployment: context.CleanOutputPath False" date="2025-07-29T07:37:07.613" >
              <step title="PreDeployment: context.OutputPath /home/site/wwwroot" date="2025-07-29T07:37:07.754" >
                <step title="Building" date="2025-07-29T07:37:07.944" >
                  <step title="Executing external process" date="2025-07-29T07:37:08.496" type="process" path="bash" arguments="-c &quot;oryx build /tmp/zipdeploy/extracted -o /home/site/wwwroot --platform python --platform-version 3.11 -p virtualenv_name=antenv --log-file /tmp/build-debug.log  -i /tmp/8ddce72b89f981e --compress-destination-dir | tee /tmp/oryx-build.log ; exit $PIPESTATUS &quot;" /><!-- duration: 67478ms -->
                  <step title="Using PythonDeploymentLogParser" date="2025-07-29T07:38:16.358" /><!-- duration: 13ms -->
                  <step title="Modified file to trigger a restart of the app container." date="2025-07-29T07:38:17.498" /><!-- duration: 4ms -->
                  <step title="Skip function trigger and logicapp sync because function is not enabled." date="2025-07-29T07:38:17.506" /><!-- duration: 3ms -->
                  <step title="Purge deployment items" date="2025-07-29T07:38:19.129" >
                    <step title="Remove 9d197734-, Success, received at 07/29/2025 06:13:13" date="2025-07-29T07:38:19.253" /><!-- duration: 37ms -->
                  </step><!-- duration: 183ms -->
                </step><!-- duration: 71462ms -->
              </step><!-- duration: 71666ms -->
              <step title="Cleaning up temp files" date="2025-07-29T07:38:19.424" /><!-- duration: 2236ms -->
              <step title="Cleaning up temp files" date="2025-07-29T07:38:21.681" /><!-- duration: 554ms -->
              <step title="Reloading status file with latest updates" date="2025-07-29T07:38:22.326" >
                <step title="WebHooksManager.PublishEventAsync: PostDeployment" date="2025-07-29T07:38:22.343" /><!-- duration: 93ms -->
              </step><!-- duration: 127ms -->
              <step title="Cleaning up temporary deployment - fetch deployment was successful" date="2025-07-29T07:38:22.466" /><!-- duration: 11ms -->
            </step><!-- duration: 74983ms -->
          </step><!-- duration: 76750ms -->
          <step title="Outgoing response" date="2025-07-29T07:38:22.675" type="response" statusCode="200" statusText="OK" /><!-- duration: 40ms -->
        </step><!-- duration: 76863ms -->
