<step title="Incoming Request" date="2025-07-31T18:24:17.542" instance="a45adb" url="/api/zipdeploy?isAsync=true" method="POST" type="request" pid="769,1,61" Accept="*/*" Host="la-zeiterfassung-fyd4cge3d9e3cac4.scm.azurewebsites.net" User-Agent="AZURECLI/2.75.0 (HOMEBREW)" Accept-Encoding="gzip, deflate" Authorization="Bas..." Cache-Control="no-cache" Content-Type="application/octet-stream" Cookie="ARRAffinity=a45adbe19489ea2b14e790f681e17ad6f03a5528ca730625ec513d016d2b4c91; ARRAffinitySameSite=a45adbe19489ea2b14e790f681e17ad6f03a5528ca730625ec513d016d2b4c91" Content-Length="33863" x-ms-client-request-id="8de892d8-6e3b-11f0-a42e-3ecdac25f1e6" x-ms-artifact-checksum="1efd62ddc689daf3819389d967eb7d280d4ed0a899f4695e73497551cb24965f" X-ARR-LOG-ID="8de892d8-6e3b-11f0-a42e-3ecdac25f1e6" CLIENT-IP="84.138.86.68:63794" X-SITE-DEPLOYMENT-ID="la-zeiterfassung-fyd4cge3d9e3cac4" WAS-DEFAULT-HOSTNAME="la-zeiterfassung-fyd4cge3d9e3cac4.scm.azurewebsites.net" X-Forwarded-Proto="https" X-AppService-Proto="https" X-Forwarded-TlsVersion="1.3" X-WAWS-Unencoded-URL="/api/zipdeploy?isAsync=true" X-Client-IP="84.138.86.68" X-Client-Port="63794" >
  <step title="ZipPushDeploy" date="2025-07-31T18:24:17.551" >
    <step title="ZipDeploy. Extract zip. Remote build." date="2025-07-31T18:24:17.559" /><!-- duration: 3ms -->
    <step title="Starting PushDeployAsync" date="2025-07-31T18:24:17.569" /><!-- duration: 3ms -->
    <step title="Writing artifact to /tmp/zipdeploy/7fc4ce95-2463-4ff5-8604-730d47f1dab5.zip" date="2025-07-31T18:24:17.586" >
      <step title="Writing multipart request body to /tmp/zipdeploy/7fc4ce95-2463-4ff5-8604-730d47f1dab5.zip" date="2025-07-31T18:24:17.590" /><!-- duration: 4ms -->
    </step><!-- duration: 70ms -->
    <step title="Removing previous build artifact&apos;s manifest file" date="2025-07-31T18:24:17.663" >
      <step title="Start deployment in the background" date="2025-07-31T18:24:17.674" >
        <step title="Acquiring Deployment Lock" date="2025-07-31T18:24:17.702" /><!-- duration: 3ms -->
        <step title="Acquired Deployment Lock" date="2025-07-31T18:24:17.734" /><!-- duration: 3ms -->
      </step><!-- duration: 157ms -->
    </step><!-- duration: 174ms -->
    <step title="Outgoing response" date="2025-07-31T18:24:17.841" type="response" statusCode="202" statusText="Accepted" /><!-- duration: 3ms -->
  </step><!-- duration: 298ms -->
