<step title="Incoming Request" date="2025-05-21T21:14:16.297" instance="e0f283" url="/api/zipdeploy?author=ms-azuretools-vscode&amp;deployer=ms-azuretools-vscode&amp;isAsync=true&amp;trackDeploymentId=true" method="POST" type="request" pid="770,1,32" Host="la-zeiterfassung-fyd4cge3d9e3cac4.scm.germanywestcentral-01.azurewebsites.net" User-Agent="vscode-azureappservice/0.26.1 core-rest-pipeline/1.19.1 Node/20.19.0 OS/(arm64-Darwin-24.3.0)" Accept-Encoding="gzip,deflate" Accept-Language="de" Authorization="Bea..." Transfer-Encoding="chunked" x-ms-correlation-request-id="ab2c096f-0480-4495-b17b-415789d3aeb3" x-ms-client-request-id="cf5f19f3-091d-456c-a0ac-9d87acb04fc7" X-ARR-LOG-ID="cf5f19f3-091d-456c-a0ac-9d87acb04fc7" CLIENT-IP="84.138.91.166:61547" X-SITE-DEPLOYMENT-ID="LA-Zeiterfassung" WAS-DEFAULT-HOSTNAME="la-zeiterfassung-fyd4cge3d9e3cac4.scm.germanywestcentral-01.azurewebsites.net" X-Forwarded-Proto="https" X-AppService-Proto="https" X-Forwarded-TlsVersion="1.3" X-WAWS-Unencoded-URL="/api/zipdeploy?author=ms-azuretools-vscode&amp;deployer=ms-azuretools-vscode&amp;isAsync=true&amp;trackDeploymentId=true" X-Client-IP="84.138.91.166" X-Client-Port="61547" >
  <step title="Cleanup Xml Logs" date="2025-05-21T21:14:16.300" >
    <step title="Cleanup Infos" date="2025-05-21T21:14:16.316" totalFiles="464" totalCleanup="304" /><!-- duration: 5ms -->
  </step><!-- duration: 24ms -->
  <step title="ZipPushDeploy" date="2025-05-21T21:14:16.342" >
    <step title="ZipDeploy. Extract zip." date="2025-05-21T21:14:16.352" /><!-- duration: 3ms -->
    <step title="Starting PushDeployAsync" date="2025-05-21T21:14:16.362" /><!-- duration: 2ms -->
    <step title="Error occurred" date="2025-05-21T21:14:16.403" type="error" text="Error removing symlink: Path doesn&apos;t exist!" stackTrace="   at Mono.Unix.UnixFileSystemInfo.AssertValid()
   at Mono.Unix.UnixFileSystemInfo.get_FileType()
   at Kudu.Services.Deployment.PushDeploymentController.PushDeployAsync(ArtifactDeploymentInfo deploymentInfo, Boolean isAsync, HttpContext context, JObject requestJson) in /tmp/KuduLite/Kudu.Services/Deployment/PushDeploymentController.cs:line 740" /><!-- duration: 3ms -->
    <step title="Writing artifact to /tmp/zipdeploy/3a26b704-a4ea-4c1c-97e4-ae259c03aa8c.zip" date="2025-05-21T21:14:16.414" >
      <step title="Writing multipart request body to /tmp/zipdeploy/3a26b704-a4ea-4c1c-97e4-ae259c03aa8c.zip" date="2025-05-21T21:14:16.421" /><!-- duration: 9ms -->
    </step><!-- duration: 68ms -->
    <step title="Removing previous build artifact&apos;s manifest file" date="2025-05-21T21:14:16.503" >
      <step title="Start deployment in the background" date="2025-05-21T21:14:16.544" >
        <step title="Acquiring Deployment Lock" date="2025-05-21T21:14:16.574" /><!-- duration: 8ms -->
        <step title="Acquired Deployment Lock" date="2025-05-21T21:14:16.631" /><!-- duration: 2ms -->
      </step><!-- duration: 188ms -->
    </step><!-- duration: 237ms -->
    <step title="Outgoing response" date="2025-05-21T21:14:16.743" type="response" statusCode="202" statusText="Accepted" /><!-- duration: 5ms -->
  </step><!-- duration: 409ms -->
