<step title="Incoming Request" date="2025-07-31T13:07:27.188" instance="a45adb" url="/api/zipdeploy?isAsync=true" method="POST" type="request" pid="769,1,21" Accept="*/*" Host="la-zeiterfassung-fyd4cge3d9e3cac4.scm.azurewebsites.net" User-Agent="AZURECLI/2.75.0 (HOMEBREW)" Accept-Encoding="gzip, deflate" Authorization="Bas..." Cache-Control="no-cache" Content-Type="application/octet-stream" Cookie="ARRAffinity=a45adbe19489ea2b14e790f681e17ad6f03a5528ca730625ec513d016d2b4c91; ARRAffinitySameSite=a45adbe19489ea2b14e790f681e17ad6f03a5528ca730625ec513d016d2b4c91" Content-Length="8877" x-ms-client-request-id="41cfdd88-6e0f-11f0-ac1c-3ecdac25f1e6" x-ms-artifact-checksum="beb56748765088567841690edb100e95cbdb8911582c0912fc815706e18d710f" X-ARR-LOG-ID="41cfdd88-6e0f-11f0-ac1c-3ecdac25f1e6" CLIENT-IP="84.138.86.68:63878" X-SITE-DEPLOYMENT-ID="la-zeiterfassung-fyd4cge3d9e3cac4" WAS-DEFAULT-HOSTNAME="la-zeiterfassung-fyd4cge3d9e3cac4.scm.azurewebsites.net" X-Forwarded-Proto="https" X-AppService-Proto="https" X-Forwarded-TlsVersion="1.3" X-WAWS-Unencoded-URL="/api/zipdeploy?isAsync=true" X-Client-IP="84.138.86.68" X-Client-Port="63878" >
  <step title="ZipPushDeploy" date="2025-07-31T13:07:27.308" >
    <step title="ZipDeploy. Extract zip. Remote build." date="2025-07-31T13:07:27.326" /><!-- duration: 4ms -->
    <step title="Starting PushDeployAsync" date="2025-07-31T13:07:27.340" /><!-- duration: 4ms -->
    <step title="Writing artifact to /tmp/zipdeploy/b2302077-7690-4705-ae7d-7f6c3dda9c94.zip" date="2025-07-31T13:07:27.364" >
      <step title="Writing multipart request body to /tmp/zipdeploy/b2302077-7690-4705-ae7d-7f6c3dda9c94.zip" date="2025-07-31T13:07:27.369" /><!-- duration: 12ms -->
    </step><!-- duration: 125ms -->
    <step title="Removing previous build artifact&apos;s manifest file" date="2025-07-31T13:07:27.498" >
      <step title="Start deployment in the background" date="2025-07-31T13:07:27.520" >
        <step title="Acquiring Deployment Lock" date="2025-07-31T13:07:27.745" /><!-- duration: 4ms -->
        <step title="Acquired Deployment Lock" date="2025-07-31T13:07:27.804" /><!-- duration: 16ms -->
      </step><!-- duration: 473ms -->
    </step><!-- duration: 619ms -->
    <step title="Outgoing response" date="2025-07-31T13:07:28.129" type="response" statusCode="202" statusText="Accepted" /><!-- duration: 4ms -->
  </step><!-- duration: 829ms -->
