<step title="BackgroundTrace" date="2025-07-28T22:16:19.648" instance="a45adb" url="/api/zipdeploy" method="POST" >
  <step title="Cleanup Xml Logs" date="2025-07-28T22:16:19.668" /><!-- duration: 111ms -->
  <step title="Creating temporary deployment - FetchDeploymentManager" date="2025-07-28T22:16:20.413" /><!-- duration: 60ms -->
  <step title="Creating temporary deployment" date="2025-07-28T22:16:20.492" /><!-- duration: 1230ms -->
  <step title="Performing fetch based deployment" date="2025-07-28T22:16:22.222" >
    <step title="Cleaning up temp folders from previous zip deployments and extracting pushed zip file /tmp/zipdeploy/c38ec614-e60a-4da2-8d85-f79559e9629b.zip (0.02 MB) to /tmp/zipdeploy/extracted" date="2025-07-28T22:16:26.076" >
      <step title="ChmodRecursive Process exited with total time taken in ms: 422" date="2025-07-28T22:16:26.933" /><!-- duration: 51ms -->
    </step><!-- duration: 1126ms -->
    <step title="Deployment timer started" date="2025-07-28T22:16:29.537" >
      <step title="DeploymentManager.Deploy(id:b1049a2e-1af3-4417-a2e2-ff062caf9d84)" date="2025-07-28T22:16:29.615" >
        <step title="Collecting changeset information" date="2025-07-28T22:16:29.656" /><!-- duration: 1258ms -->
        <step title="Updating submodules" date="2025-07-28T22:16:31.111" /><!-- duration: 2792ms -->
        <step title="Determining deployment builder" date="2025-07-28T22:16:35.090" >
          <step title="Builder is OryxBuilder" date="2025-07-28T22:16:35.350" /><!-- duration: 21ms -->
        </step><!-- duration: 562ms -->
        <step title="PreDeployment: context.CleanOutputPath False" date="2025-07-28T22:16:36.032" >
          <step title="PreDeployment: context.OutputPath /home/site/wwwroot" date="2025-07-28T22:16:36.395" >
            <step title="Building" date="2025-07-28T22:16:36.551" >
              <step title="Executing external process" date="2025-07-28T22:16:39.886" type="process" path="bash" arguments="-c &quot;oryx build /tmp/zipdeploy/extracted -o /home/site/wwwroot --platform python --platform-version 3.11 -p virtualenv_name=antenv --log-file /tmp/build-debug.log  -i /tmp/8ddce246a7a1eb0 --compress-destination-dir | tee /tmp/oryx-build.log ; exit $PIPESTATUS &quot;" 