<step title="Incoming Request" date="2025-07-29T08:35:05.440" instance="a45adb" url="/api/publish?type=zip" method="POST" type="request" pid="769,1,5" Accept="*/*" Host="la-zeiterfassung-fyd4cge3d9e3cac4.scm.azurewebsites.net" User-Agent="AZURECLI/2.75.0 (HOMEBREW)" Accept-Encoding="gzip, deflate" Authorization="Bas..." Cache-Control="no-cache" Content-Type="application/octet-stream" Cookie="ARRAffinity=a45adbe19489ea2b14e790f681e17ad6f03a5528ca730625ec513d016d2b4c91; ARRAffinitySameSite=a45adbe19489ea2b14e790f681e17ad6f03a5528ca730625ec513d016d2b4c91" Content-Length="4679" x-ms-client-request-id="e7d34450-6c56-11f0-8adb-3ecdac25f1e6" x-ms-artifact-checksum="586b06ec3cfa33cc524cfb29c3104470137fa99211e41ed4cafb21c994088ce6" X-ARR-LOG-ID="e7d34450-6c56-11f0-8adb-3ecdac25f1e6" CLIENT-IP="84.138.86.68:61230" X-SITE-DEPLOYMENT-ID="la-zeiterfassung-fyd4cge3d9e3cac4" WAS-DEFAULT-HOSTNAME="la-zeiterfassung-fyd4cge3d9e3cac4.scm.azurewebsites.net" X-Forwarded-Proto="https" X-AppService-Proto="https" X-Forwarded-TlsVersion="1.3" X-WAWS-Unencoded-URL="/api/publish?type=zip" X-Client-IP="84.138.86.68" X-Client-Port="61230" >
  <step title="OneDeploy" date="2025-07-29T08:35:05.448" >
    <step title="Starting PushDeployAsync" date="2025-07-29T08:35:05.458" /><!-- duration: 3ms -->
    <step title="Writing artifact to /tmp/zipdeploy/c376844b-8d34-417b-b1d3-5e929044008f.zip" date="2025-07-29T08:35:05.472" >
      <step title="Writing multipart request body to /tmp/zipdeploy/c376844b-8d34-417b-b1d3-5e929044008f.zip" date="2025-07-29T08:35:05.476" /><!-- duration: 3ms -->
    </step><!-- duration: 46ms -->
    <step title="Removing previous build artifact&apos;s manifest file" date="2025-07-29T08:35:05.529" >
      <step title="Attempting to fetch target branch HEAD" date="2025-07-29T08:35:05.556" /><!-- duration: 4ms -->
      <step title="Acquiring Deployment Lock" date="2025-07-29T08:35:05.564" /><!-- duration: 12ms -->
      <step title="Acquired Deployment Lock" date="2025-07-29T08:35:05.602" /><!-- duration: 3ms -->
      <step title="Performing fetch based deployment" date="2025-07-29T08:35:05.615" >
        <step title="Creating temporary deployment" date="2025-07-29T08:35:05.621" /><!-- duration: 68ms -->
        <step title="Releasing Deployment Lock" date="2025-07-29T08:35:06.895" /><!-- duration: 21ms -->
        <step title="Cleaning up temp folders from previous zip deployments and extracting pushed zip file /tmp/zipdeploy/c376844b-8d34-417b-b1d3-5e929044008f.zip (0.00 MB) to /tmp/zipdeploy/extracted" date="2025-07-29T08:35:07.027" >
          <step title="ChmodRecursive Process exited with total time taken in ms: 119" date="2025-07-29T08:35:07.185" /><!-- duration: 19ms -->
        </step><!-- duration: 196ms -->
        <step title="None repository commit" date="2025-07-29T08:35:07.233" >
          <step title="Commit id: f31991bc-802c-462f-9296-c47da89af1e7" date="2025-07-29T08:35:07.254" Message="OneDeploy" AuthorName="N/A" AuthorEmail="N/A" /><!-- duration: 11ms -->
        </step><!-- duration: 60ms -->
        <step title="Deployment timer started" date="2025-07-29T08:35:09.298" >
          <step title="DeploymentManager.Deploy(id:f31991bc-802c-462f-9296-c47da89af1e7)" date="2025-07-29T08:35:09.304" >
            <step title="Collecting changeset information" date="2025-07-29T08:35:09.327" /><!-- duration: 90ms -->
            <step title="Updating submodules" date="2025-07-29T08:35:09.422" /><!-- duration: 1141ms -->
            <step title="Determining deployment builder" date="2025-07-29T08:35:10.789" >
              <step title="Builder is OryxBuilder" date="2025-07-29T08:35:10.805" /><!-- duration: 4ms -->
            </step><!-- duration: 24ms -->
            <step title="PreDeployment: context.CleanOutputPath False" date="2025-07-29T08:35:10.862" >
              <step title="PreDeployment: context.OutputPath /home/site/wwwroot" date="2025-07-29T08:35:10.964" >
                <step title="Building" date="2025-07-29T08:35:11.107" >
                  <step title="Executing external process" date="2025-07-29T08:35:11.494" type="process" path="bash" arguments="-c &quot;oryx build /tmp/zipdeploy/extracted -o /home/site/wwwroot --platform python --platform-version 3.11 -p virtualenv_name=antenv --log-file /tmp/build-debug.log  -i /tmp/8ddce7ad4cf3f81 --compress-destination-dir | tee /tmp/oryx-build.log ; exit $PIPESTATUS &quot;" /><!-- duration: 45023ms -->
                  <step title="Using PythonDeploymentLogParser" date="2025-07-29T08:35:56.890" /><!-- duration: 3ms -->
                  <step title="Modified file to trigger a restart of the app container." date="2025-07-29T08:35:58.008" /><!-- duration: 5ms -->
                  <step title="Skip function trigger and logicapp sync because function is not enabled." date="2025-07-29T08:35:58.018" /><!-- duration: 3ms -->
                  <step title="Purge deployment items" date="2025-07-29T08:35:58.999" >
                    <step title="Remove 01b382e1-, Success, received at 07/29/2025 06:35:27" date="2025-07-29T08:35:59.047" /><!-- duration: 3ms -->
                  </step><!-- duration: 54ms -->
                </step><!-- duration: 48007ms -->
              </step><!-- duration: 48154ms -->
              <step title="Cleaning up temp files" date="2025-07-29T08:35:59.121" /><!-- duration: 1800ms -->
              <step title="Cleaning up temp files" date="2025-07-29T08:36:00.927" /><!-- duration: 516ms -->
              <step title="Reloading status file with latest updates" date="2025-07-29T08:36:01.472" >
                <step title="WebHooksManager.PublishEventAsync: PostDeployment" date="2025-07-29T08:36:01.480" /><!-- duration: 26ms -->
              </step><!-- duration: 37ms -->
              <step title="Cleaning up temporary deployment - fetch deployment was successful" date="2025-07-29T08:36:01.515" /><!-- duration: 3ms -->
            </step><!-- duration: 50708ms -->
          </step><!-- duration: 52271ms -->
          <step title="Outgoing response" date="2025-07-29T08:36:01.583" type="response" statusCode="200" statusText="OK" /><!-- duration: 3ms -->
        </step><!-- duration: 52291ms -->
