<step title="Incoming Request" date="2025-07-31T14:21:50.381" instance="a45adb" url="/api/zipdeploy?isAsync=true" method="POST" type="request" pid="769,1,28" Accept="*/*" Host="la-zeiterfassung-fyd4cge3d9e3cac4.scm.azurewebsites.net" User-Agent="AZURECLI/2.75.0 (HOMEBREW)" Accept-Encoding="gzip, deflate" Authorization="Bas..." Cache-Control="no-cache" Content-Type="application/octet-stream" Cookie="ARRAffinity=a45adbe19489ea2b14e790f681e17ad6f03a5528ca730625ec513d016d2b4c91; ARRAffinitySameSite=a45adbe19489ea2b14e790f681e17ad6f03a5528ca730625ec513d016d2b4c91" Content-Length="28740" x-ms-client-request-id="aeeaea66-6e19-11f0-b28b-3ecdac25f1e6" x-ms-artifact-checksum="ab5c529b5bfcd0e3e61b21ed94362201027e04341bfdf14fa719bfb84b125174" X-ARR-LOG-ID="aeeaea66-6e19-11f0-b28b-3ecdac25f1e6" CLIENT-IP="84.138.86.68:62430" X-SITE-DEPLOYMENT-ID="la-zeiterfassung-fyd4cge3d9e3cac4" WAS-DEFAULT-HOSTNAME="la-zeiterfassung-fyd4cge3d9e3cac4.scm.azurewebsites.net" X-Forwarded-Proto="https" X-AppService-Proto="https" X-Forwarded-TlsVersion="1.3" X-WAWS-Unencoded-URL="/api/zipdeploy?isAsync=true" X-Client-IP="84.138.86.68" X-Client-Port="62430" >
  <step title="ZipPushDeploy" date="2025-07-31T14:21:50.391" >
    <step title="ZipDeploy. Extract zip. Remote build." date="2025-07-31T14:21:50.400" /><!-- duration: 3ms -->
    <step title="Starting PushDeployAsync" date="2025-07-31T14:21:50.408" /><!-- duration: 2ms -->
    <step title="Writing artifact to /tmp/zipdeploy/67187508-2fe2-4ab5-965d-9ebd12f7a939.zip" date="2025-07-31T14:21:50.430" >
      <step title="Writing multipart request body to /tmp/zipdeploy/67187508-2fe2-4ab5-965d-9ebd12f7a939.zip" date="2025-07-31T14:21:50.438" /><!-- duration: 12ms -->
    </step><!-- duration: 180ms -->
    <step title="Removing previous build artifact&apos;s manifest file" date="2025-07-31T14:21:50.637" >
      <step title="Start deployment in the background" date="2025-07-31T14:21:50.700" >
        <step title="Acquiring Deployment Lock" date="2025-07-31T14:21:50.801" /><!-- duration: 19ms -->
        <step title="Acquired Deployment Lock" date="2025-07-31T14:21:50.911" /><!-- duration: 9ms -->
      </step><!-- duration: 334ms -->
    </step><!-- duration: 407ms -->
    <step title="Outgoing response" date="2025-07-31T14:21:51.049" type="response" statusCode="202" statusText="Accepted" /><!-- duration: 4ms -->
  </step><!-- duration: 665ms -->
