<step title="Incoming Request" date="2025-05-21T18:24:33.653" instance="e0f283" url="/api/zipdeploy?author=ms-azuretools-vscode&amp;deployer=ms-azuretools-vscode&amp;isAsync=true&amp;trackDeploymentId=true" method="POST" type="request" pid="776,1,17" Host="la-zeiterfassung-fyd4cge3d9e3cac4.scm.germanywestcentral-01.azurewebsites.net" User-Agent="vscode-azureappservice/0.26.1 core-rest-pipeline/1.19.1 Node/20.19.0 OS/(arm64-Darwin-24.3.0)" Accept-Encoding="gzip,deflate" Accept-Language="de" Authorization="Bea..." Transfer-Encoding="chunked" x-ms-correlation-request-id="7243975b-d5ee-43ef-be0a-31dc4db33033" x-ms-client-request-id="3ab18564-c485-4819-b902-fd556efe5108" X-ARR-LOG-ID="3ab18564-c485-4819-b902-fd556efe5108" CLIENT-IP="84.138.91.166:62300" X-SITE-DEPLOYMENT-ID="LA-Zeiterfassung" WAS-DEFAULT-HOSTNAME="la-zeiterfassung-fyd4cge3d9e3cac4.scm.germanywestcentral-01.azurewebsites.net" X-Forwarded-Proto="https" X-AppService-Proto="https" X-Forwarded-TlsVersion="1.3" X-WAWS-Unencoded-URL="/api/zipdeploy?author=ms-azuretools-vscode&amp;deployer=ms-azuretools-vscode&amp;isAsync=true&amp;trackDeploymentId=true" X-Client-IP="84.138.91.166" X-Client-Port="62300" >
  <step title="Cleanup Xml Logs" date="2025-05-21T18:24:33.657" >
    <step title="Cleanup Infos" date="2025-05-21T18:24:33.673" totalFiles="220" totalCleanup="60" /><!-- duration: 6ms -->
  </step><!-- duration: 24ms -->
  <step title="ZipPushDeploy" date="2025-05-21T18:24:33.693" >
    <step title="ZipDeploy. Extract zip." date="2025-05-21T18:24:33.701" /><!-- duration: 2ms -->
    <step title="Starting PushDeployAsync" date="2025-05-21T18:24:33.708" /><!-- duration: 2ms -->
    <step title="Error occurred" date="2025-05-21T18:24:33.739" type="error" text="Error removing symlink: Path doesn&apos;t exist!" stackTrace="   at Mono.Unix.UnixFileSystemInfo.AssertValid()
   at Mono.Unix.UnixFileSystemInfo.get_FileType()
   at Kudu.Services.Deployment.PushDeploymentController.PushDeployAsync(ArtifactDeploymentInfo deploymentInfo, Boolean isAsync, HttpContext context, JObject requestJson) in /tmp/KuduLite/Kudu.Services/Deployment/PushDeploymentController.cs:line 740" /><!-- duration: 3ms -->
    <step title="Writing artifact to /tmp/zipdeploy/b3137ebf-91f0-440b-98b2-1bab92e1f2ff.zip" date="2025-05-21T18:24:33.749" >
      <step title="Writing multipart request body to /tmp/zipdeploy/b3137ebf-91f0-440b-98b2-1bab92e1f2ff.zip" date="2025-05-21T18:24:33.752" /><!-- duration: 3ms -->
    </step><!-- duration: 55ms -->
    <step title="Removing previous build artifact&apos;s manifest file" date="2025-05-21T18:24:33.825" >
      <step title="Start deployment in the background" date="2025-05-21T18:24:33.885" >
        <step title="Acquiring Deployment Lock" date="2025-05-21T18:24:33.929" /><!-- duration: 3ms -->
        <step title="Acquired Deployment Lock" date="2025-05-21T18:24:33.958" /><!-- duration: 2ms -->
      </step><!-- duration: 166ms -->
    </step><!-- duration: 230ms -->
    <step title="Outgoing response" date="2025-05-21T18:24:34.057" type="response" statusCode="202" statusText="Accepted" /><!-- duration: 3ms -->
  </step><!-- duration: 370ms -->
