<step title="Incoming Request" date="2025-05-21T16:08:48.105" instance="e0f283" url="/api/zipdeploy?author=ms-azuretools-vscode&amp;deployer=ms-azuretools-vscode&amp;isAsync=true&amp;trackDeploymentId=true" method="POST" type="request" pid="768,1,22" Host="la-zeiterfassung-fyd4cge3d9e3cac4.scm.germanywestcentral-01.azurewebsites.net" User-Agent="vscode-azureappservice/0.26.1 core-rest-pipeline/1.19.1 Node/20.19.0 OS/(arm64-Darwin-24.3.0)" Accept-Encoding="gzip,deflate" Accept-Language="de" Authorization="Bea..." Transfer-Encoding="chunked" x-ms-correlation-request-id="54c736f5-71ac-469b-a4a1-3d62f085b3b1" x-ms-client-request-id="6ba66ece-2311-4d9b-a854-3f4e9af19ad5" X-ARR-LOG-ID="6ba66ece-2311-4d9b-a854-3f4e9af19ad5" CLIENT-IP="84.138.91.166:60135" X-SITE-DEPLOYMENT-ID="LA-Zeiterfassung" WAS-DEFAULT-HOSTNAME="la-zeiterfassung-fyd4cge3d9e3cac4.scm.germanywestcentral-01.azurewebsites.net" X-Forwarded-Proto="https" X-AppService-Proto="https" X-Forwarded-TlsVersion="1.3" X-WAWS-Unencoded-URL="/api/zipdeploy?author=ms-azuretools-vscode&amp;deployer=ms-azuretools-vscode&amp;isAsync=true&amp;trackDeploymentId=true" X-Client-IP="84.138.91.166" X-Client-Port="60135" >
  <step title="Cleanup Xml Logs" date="2025-05-21T16:08:48.125" /><!-- duration: 31ms -->
  <step title="ZipPushDeploy" date="2025-05-21T16:08:48.306" >
    <step title="ZipDeploy. Extract zip." date="2025-05-21T16:08:48.319" /><!-- duration: 8ms -->
    <step title="Starting PushDeployAsync" date="2025-05-21T16:08:48.347" /><!-- duration: 9ms -->
    <step title="Error occurred" date="2025-05-21T16:08:48.478" type="error" text="Error removing symlink: Path doesn&apos;t exist!" stackTrace="   at Mono.Unix.UnixFileSystemInfo.AssertValid()
   at Mono.Unix.UnixFileSystemInfo.get_FileType()
   at Kudu.Services.Deployment.PushDeploymentController.PushDeployAsync(ArtifactDeploymentInfo deploymentInfo, Boolean isAsync, HttpContext context, JObject requestJson) in /tmp/KuduLite/Kudu.Services/Deployment/PushDeploymentController.cs:line 740" /><!-- duration: 9ms -->
    <step title="Writing artifact to /tmp/zipdeploy/d9dcbed3-2787-417a-99d7-7426f1304956.zip" date="2025-05-21T16:08:48.528" >
      <step title="Writing multipart request body to /tmp/zipdeploy/d9dcbed3-2787-417a-99d7-7426f1304956.zip" date="2025-05-21T16:08:48.548" /><!-- duration: 2ms -->
    </step><!-- duration: 79ms -->
    <step title="Start deployment in the background" date="2025-05-21T16:08:48.680" >
      <step title="Acquiring Deployment Lock" date="2025-05-21T16:08:48.749" /><!-- duration: 10ms -->
      <step title="Cannot Acquire Deployment Lock already held" date="2025-05-21T16:08:48.871" /><!-- duration: 9ms -->
    </step><!-- duration: 381ms -->
    <step title="There is a deployment currently in progress. Please try again when it completes." date="2025-05-21T16:08:49.081" /><!-- duration: 3ms -->
  </step><!-- duration: 825ms -->
  <step title="Outgoing response" date="2025-05-21T16:08:49.201" type="response" statusCode="409" statusText="Conflict" /><!-- duration: 12ms -->
</step><!-- duration: 1139ms -->
