<step title="Incoming Request" date="2025-07-29T08:44:24.822" instance="a45adb" url="/api/publish?type=zip" method="POST" type="request" pid="769,1,16" Accept="*/*" Host="la-zeiterfassung-fyd4cge3d9e3cac4.scm.azurewebsites.net" User-Agent="AZURECLI/2.75.0 (HOMEBREW)" Accept-Encoding="gzip, deflate" Authorization="Bas..." Cache-Control="no-cache" Content-Type="application/octet-stream" Cookie="ARRAffinity=a45adbe19489ea2b14e790f681e17ad6f03a5528ca730625ec513d016d2b4c91; ARRAffinitySameSite=a45adbe19489ea2b14e790f681e17ad6f03a5528ca730625ec513d016d2b4c91" Content-Length="4772" x-ms-client-request-id="361a82a8-6c58-11f0-865b-3ecdac25f1e6" x-ms-artifact-checksum="05e8f57cb9004b2f60af693246895b2eff2e227e58149f82c8bfe40f38635568" X-ARR-LOG-ID="361a82a8-6c58-11f0-865b-3ecdac25f1e6" CLIENT-IP="84.138.86.68:60774" X-SITE-DEPLOYMENT-ID="la-zeiterfassung-fyd4cge3d9e3cac4" WAS-DEFAULT-HOSTNAME="la-zeiterfassung-fyd4cge3d9e3cac4.scm.azurewebsites.net" X-Forwarded-Proto="https" X-AppService-Proto="https" X-Forwarded-TlsVersion="1.3" X-WAWS-Unencoded-URL="/api/publish?type=zip" X-Client-IP="84.138.86.68" X-Client-Port="60774" >
  <step title="OneDeploy" date="2025-07-29T08:44:24.833" >
    <step title="Starting PushDeployAsync" date="2025-07-29T08:44:24.845" /><!-- duration: 4ms -->
    <step title="Writing artifact to /tmp/zipdeploy/1ddc5fcc-3be8-4fbb-bc87-6611cd01fd18.zip" date="2025-07-29T08:44:24.865" >
      <step title="Writing multipart request body to /tmp/zipdeploy/1ddc5fcc-3be8-4fbb-bc87-6611cd01fd18.zip" date="2025-07-29T08:44:24.868" /><!-- duration: 4ms -->
    </step><!-- duration: 65ms -->
    <step title="Removing previous build artifact&apos;s manifest file" date="2025-07-29T08:44:24.938" >
      <step title="Attempting to fetch target branch HEAD" date="2025-07-29T08:44:24.961" /><!-- duration: 11ms -->
      <step title="Acquiring Deployment Lock" date="2025-07-29T08:44:24.978" /><!-- duration: 3ms -->
      <step title="Acquired Deployment Lock" date="2025-07-29T08:44:25.030" /><!-- duration: 3ms -->
      <step title="Performing fetch based deployment" date="2025-07-29T08:44:25.043" >
        <step title="Creating temporary deployment" date="2025-07-29T08:44:25.049" /><!-- duration: 85ms -->
        <step title="Releasing Deployment Lock" date="2025-07-29T08:44:26.277" /><!-- duration: 7ms -->
        <step title="Cleaning up temp folders from previous zip deployments and extracting pushed zip file /tmp/zipdeploy/1ddc5fcc-3be8-4fbb-bc87-6611cd01fd18.zip (0.00 MB) to /tmp/zipdeploy/extracted" date="2025-07-29T08:44:26.316" >
          <step title="ChmodRecursive Process exited with total time taken in ms: 102" date="2025-07-29T08:44:26.490" /><!-- duration: 28ms -->
        </step><!-- duration: 213ms -->
        <step title="None repository commit" date="2025-07-29T08:44:26.540" >
          <step title="Commit id: 30181253-841e-450e-ba98-edec99b6f257" date="2025-07-29T08:44:26.550" Message="OneDeploy" AuthorName="N/A" AuthorEmail="N/A" /><!-- duration: 21ms -->
        </step><!-- duration: 40ms -->
        <step title="Deployment timer started" date="2025-07-29T08:44:28.592" >
          <step title="DeploymentManager.Deploy(id:30181253-841e-450e-ba98-edec99b6f257)" date="2025-07-29T08:44:28.600" >
            <step title="Collecting changeset information" date="2025-07-29T08:44:28.625" /><!-- duration: 90ms -->
            <step title="Updating submodules" date="2025-07-29T08:44:28.720" /><!-- duration: 1136ms -->
            <step title="Determining deployment builder" date="2025-07-29T08:44:30.059" >
              <step title="Builder is OryxBuilder" date="2025-07-29T08:44:30.076" /><!-- duration: 3ms -->
            </step><!-- duration: 24ms -->
            <step title="PreDeployment: context.CleanOutputPath False" date="2025-07-29T08:44:30.125" >
              <step title="PreDeployment: context.OutputPath /home/site/wwwroot" date="2025-07-29T08:44:30.247" >
                <step title="Building" date="2025-07-29T08:44:30.380" >
                  <step title="Executing external process" date="2025-07-29T08:44:30.688" type="process" path="bash" arguments="-c &quot;oryx build /tmp/zipdeploy/extracted -o /home/site/wwwroot --platform python --platform-version 3.11 -p virtualenv_name=antenv --log-file /tmp/build-debug.log  -i /tmp/8ddce7c2228f110 --compress-destination-dir | tee /tmp/oryx-build.log ; exit $PIPESTATUS &quot;" /><!-- duration: 45438ms -->
                  <step title="Using PythonDeploymentLogParser" date="2025-07-29T08:45:16.494" /><!-- duration: 3ms -->
                  <step title="Modified file to trigger a restart of the app container." date="2025-07-29T08:45:17.804" /><!-- duration: 9ms -->
                  <step title="Skip function trigger and logicapp sync because function is not enabled." date="2025-07-29T08:45:17.816" /><!-- duration: 8ms -->
                  <step title="Purge deployment items" date="2025-07-29T08:45:18.915" >
                    <step title="Remove c14941de-, Success, received at 07/29/2025 06:49:45" date="2025-07-29T08:45:18.960" /><!-- duration: 4ms -->
                  </step><!-- duration: 53ms -->
                </step><!-- duration: 48656ms -->
              </step><!-- duration: 48794ms -->
              <step title="Cleaning up temp files" date="2025-07-29T08:45:19.046" /><!-- duration: 1849ms -->
              <step title="Cleaning up temp files" date="2025-07-29T08:45:20.919" /><!-- duration: 505ms -->
              <step title="Reloading status file with latest updates" date="2025-07-29T08:45:21.452" >
                <step title="WebHooksManager.PublishEventAsync: PostDeployment" date="2025-07-29T08:45:21.460" /><!-- duration: 28ms -->
              </step><!-- duration: 39ms -->
              <step title="Cleaning up temporary deployment - fetch deployment was successful" date="2025-07-29T08:45:21.505" /><!-- duration: 3ms -->
            </step><!-- duration: 51433ms -->
          </step><!-- duration: 52963ms -->
          <step title="Outgoing response" date="2025-07-29T08:45:21.589" type="response" statusCode="200" statusText="OK" /><!-- duration: 3ms -->
        </step><!-- duration: 53003ms -->
