<step title="BackgroundTrace" date="2025-07-31T13:44:24.056" instance="a45adb" url="/api/zipdeploy" method="POST" >
  <step title="Creating temporary deployment - FetchDeploymentManager" date="2025-07-31T13:44:24.118" /><!-- duration: 2ms -->
  <step title="Creating temporary deployment" date="2025-07-31T13:44:24.137" /><!-- duration: 59ms -->
  <step title="Performing fetch based deployment" date="2025-07-31T13:44:24.226" >
    <step title="Cleaning up temp folders from previous zip deployments and extracting pushed zip file /tmp/zipdeploy/fb9f3bbb-b11c-4fa7-bacf-ccf3f1b8a42a.zip (0.02 MB) to /tmp/zipdeploy/extracted" date="2025-07-31T13:44:25.380" >
      <step title="ChmodRecursive Process exited with total time taken in ms: 117" date="2025-07-31T13:44:25.536" /><!-- duration: 12ms -->
    </step><!-- duration: 215ms -->
    <step title="Deployment timer started" date="2025-07-31T13:44:27.648" >
      <step title="DeploymentManager.Deploy(id:f07e8be7-700b-4bd5-a9cb-bef2dbdde60e)" date="2025-07-31T13:44:27.668" >
        <step title="Collecting changeset information" date="2025-07-31T13:44:27.709" /><!-- duration: 100ms -->
        <step title="Updating submodules" date="2025-07-31T13:44:27.815" /><!-- duration: 1145ms -->
        <step title="Determining deployment builder" date="2025-07-31T13:44:29.200" >
          <step title="Builder is OryxBuilder" date="2025-07-31T13:44:29.228" /><!-- duration: 3ms -->
        </step><!-- duration: 40ms -->
        <step title="PreDeployment: context.CleanOutputPath False" date="2025-07-31T13:44:29.295" >
          <step title="PreDeployment: context.OutputPath /home/site/wwwroot" date="2025-07-31T13:44:29.396" >
            <step title="Building" date="2025-07-31T13:44:29.525" >
              <step title="Executing external process" date="2025-07-31T13:44:30.016" type="process" path="bash" arguments="-c &quot;oryx build /tmp/zipdeploy/extracted -o /home/site/wwwroot --platform python --platform-version 3.11 -p virtualenv_name=antenv --log-file /tmp/build-debug.log  -i /tmp/8ddd0385f52cfad --compress-destination-dir | tee /tmp/oryx-build.log ; exit $PIPESTATUS &quot;" /><!-- duration: 63106ms -->
              <step title="Using PythonDeploymentLogParser" date="2025-07-31T13:45:33.456" /><!-- duration: 3ms -->
              <step title="Triggering recycle (preview mode disabled)." date="2025-07-31T13:45:34.752" /><!-- duration: 13ms -->
              <step title="Modified file to trigger a restart of the app container." date="2025-07-31T13:45:34.795" /><!-- duration: 3ms -->
              <step title="Skip function trigger and logicapp sync because function is not enabled." date="2025-07-31T13:45:34.804" /><!-- duration: 3ms -->
              <step title="Purge deployment items" date="2025-07-31T13:45:35.766" >
                <step title="Remove 1ddbc19d-, Success, received at 07/29/2025 09:40:42" date="2025-07-31T13:45:35.825" /><!-- duration: 18ms -->
              </step><!-- duration: 82ms -->
            </step><!-- duration: 66403ms -->
          </step><!-- duration: 66539ms -->
          <step title="Cleaning up temp files" date="2025-07-31T13:45:35.937" /><!-- duration: 1954ms -->
          <step title="Cleaning up temp files" date="2025-07-31T13:45:37.897" /><!-- duration: 515ms -->
          <step title="Reloading status file with latest updates" date="2025-07-31T13:45:38.443" >
            <step title="WebHooksManager.PublishEventAsync: PostDeployment" date="2025-07-31T13:45:38.448" /><!-- duration: 39ms -->
          </step><!-- duration: 46ms -->
          <step title="Cleaning up temporary deployment - fetch deployment was successful" date="2025-07-31T13:45:38.495" /><!-- duration: 4ms -->
        </step><!-- duration: 69272ms -->
      </step><!-- duration: 70914ms -->
