<step title="BackgroundTrace" date="2025-05-21T21:18:12.219" instance="e0f283" url="/api/zipdeploy" method="POST" >
  <step title="Creating temporary deployment - FetchDeploymentManager" date="2025-05-21T21:18:12.349" /><!-- duration: 2ms -->
  <step title="Creating temporary deployment" date="2025-05-21T21:18:12.356" /><!-- duration: 71ms -->
  <step title="Performing fetch based deployment" date="2025-05-21T21:18:12.486" >
    <step title="Cleaning up temp folders from previous zip deployments and extracting pushed zip file /tmp/zipdeploy/f0c0da66-8a12-4e32-8240-8faf80461bf1.zip (0.02 MB) to /tmp/zipdeploy/extracted" date="2025-05-21T21:18:14.630" >
      <step title="ChmodRecursive Process exited with total time taken in ms: 150" date="2025-05-21T21:18:14.902" /><!-- duration: 48ms -->
    </step><!-- duration: 330ms -->
    <step title="Deployment timer started" date="2025-05-21T21:18:16.998" >
      <step title="DeploymentManager.Deploy(id:38502269-c4d0-462a-b357-4ce87d1f6aa1)" date="2025-05-21T21:18:17.014" >
        <step title="Collecting changeset information" date="2025-05-21T21:18:17.096" /><!-- duration: 393ms -->
        <step title="Updating submodules" date="2025-05-21T21:18:17.497" /><!-- duration: 1129ms -->
        <step title="Determining deployment builder" date="2025-05-21T21:18:18.830" >
          <step title="Builder is OryxBuilder" date="2025-05-21T21:18:18.856" /><!-- duration: 10ms -->
        </step><!-- duration: 45ms -->
        <step title="PreDeployment: context.CleanOutputPath False" date="2025-05-21T21:18:18.924" >
          <step title="PreDeployment: context.OutputPath /home/site/wwwroot" date="2025-05-21T21:18:19.028" >
            <step title="Building" date="2025-05-21T21:18:19.189" >
              <step title="Executing external process" date="2025-05-21T21:18:20.270" type="process" path="bash" arguments="-c &quot;oryx build /tmp/zipdeploy/extracted -o /home/site/wwwroot --platform python --platform-version 3.11 -p virtualenv_name=antenv --log-file /tmp/build-debug.log  -i /tmp/8dd98ad021f6b7b --compress-destination-dir | tee /tmp/oryx-build.log ; exit $PIPESTATUS &quot;" /><!-- duration: 99683ms -->
              <step title="Using PythonDeploymentLogParser" date="2025-05-21T21:20:00.432" /><!-- duration: 3ms -->
              <step title="Triggering recycle (preview mode disabled)." date="2025-05-21T21:20:01.651" /><!-- duration: 49ms -->
              <step title="Modified file to trigger a restart of the app container." date="2025-05-21T21:20:01.769" /><!-- duration: 23ms -->
              <step title="Skip function trigger and logicapp sync because function is not enabled." date="2025-05-21T21:20:01.871" /><!-- duration: 21ms -->
              <step title="Purge deployment items" date="2025-05-21T21:20:03.540" >
                <step title="Remove 6b080e30-, Success, received at 05/21/2025 19:12:35" date="2025-05-21T21:20:03.643" /><!-- duration: 3ms -->
              </step><!-- duration: 110ms -->
            </step><!-- duration: 104527ms -->
          </step><!-- duration: 104692ms -->
          <step title="Cleaning up temp files" date="2025-05-21T21:20:03.724" /><!-- duration: 439ms -->
          <step title="Cleaning up temp files" date="2025-05-21T21:20:04.166" /><!-- duration: 517ms -->
          <step title="Reloading status file with latest updates" date="2025-05-21T21:20:04.711" >
            <step title="WebHooksManager.PublishEventAsync: PostDeployment" date="2025-05-21T21:20:04.722" /><!-- duration: 110ms -->
          </step><!-- duration: 124ms -->
          <step title="Cleaning up temporary deployment - fetch deployment was successful" date="2025-05-21T21:20:04.862" /><!-- duration: 3ms -->
        </step><!-- duration: 105982ms -->
      </step><!-- duration: 107914ms -->
