<step title="Incoming Request" date="2025-05-21T17:46:49.585" instance="e0f283" url="/api/zipdeploy?author=ms-azuretools-vscode&amp;deployer=ms-azuretools-vscode&amp;isAsync=true&amp;trackDeploymentId=true" method="POST" type="request" pid="776,1,3" Host="la-zeiterfassung-fyd4cge3d9e3cac4.scm.germanywestcentral-01.azurewebsites.net" User-Agent="vscode-azureappservice/0.26.1 core-rest-pipeline/1.19.1 Node/20.19.0 OS/(arm64-Darwin-24.3.0)" Accept-Encoding="gzip,deflate" Accept-Language="de" Authorization="Bea..." Transfer-Encoding="chunked" x-ms-correlation-request-id="323312bd-0235-4843-a174-eabc8c991910" x-ms-client-request-id="ee996271-ca97-45c5-b129-fb937d900089" X-ARR-LOG-ID="ee996271-ca97-45c5-b129-fb937d900089" CLIENT-IP="84.138.91.166:64459" X-SITE-DEPLOYMENT-ID="LA-Zeiterfassung" WAS-DEFAULT-HOSTNAME="la-zeiterfassung-fyd4cge3d9e3cac4.scm.germanywestcentral-01.azurewebsites.net" X-Forwarded-Proto="https" X-AppService-Proto="https" X-Forwarded-TlsVersion="1.3" X-WAWS-Unencoded-URL="/api/zipdeploy?author=ms-azuretools-vscode&amp;deployer=ms-azuretools-vscode&amp;isAsync=true&amp;trackDeploymentId=true" X-Client-IP="84.138.91.166" X-Client-Port="64459" >
  <step title="Cleanup Xml Logs" date="2025-05-21T17:46:49.591" /><!-- duration: 11ms -->
  <step title="ZipPushDeploy" date="2025-05-21T17:46:49.625" >
    <step title="ZipDeploy. Extract zip." date="2025-05-21T17:46:49.634" /><!-- duration: 2ms -->
    <step title="Starting PushDeployAsync" date="2025-05-21T17:46:49.642" /><!-- duration: 2ms -->
    <step title="Error occurred" date="2025-05-21T17:46:49.708" type="error" text="Error removing symlink: Path doesn&apos;t exist!" stackTrace="   at Mono.Unix.UnixFileSystemInfo.AssertValid()
   at Mono.Unix.UnixFileSystemInfo.get_FileType()
   at Kudu.Services.Deployment.PushDeploymentController.PushDeployAsync(ArtifactDeploymentInfo deploymentInfo, Boolean isAsync, HttpContext context, JObject requestJson) in /tmp/KuduLite/Kudu.Services/Deployment/PushDeploymentController.cs:line 740" /><!-- duration: 5ms -->
    <step title="Writing artifact to /tmp/zipdeploy/ac5cc3dd-3e12-4eee-950e-54647c57f81c.zip" date="2025-05-21T17:46:49.730" >
      <step title="Writing multipart request body to /tmp/zipdeploy/ac5cc3dd-3e12-4eee-950e-54647c57f81c.zip" date="2025-05-21T17:46:49.741" /><!-- duration: 3ms -->
    </step><!-- duration: 50ms -->
    <step title="Removing previous build artifact&apos;s manifest file" date="2025-05-21T17:46:49.812" >
      <step title="Start deployment in the background" date="2025-05-21T17:46:49.854" >
        <step title="Acquiring Deployment Lock" date="2025-05-21T17:46:49.903" /><!-- duration: 8ms -->
        <step title="Acquired Deployment Lock" date="2025-05-21T17:46:49.947" /><!-- duration: 6ms -->
      </step><!-- duration: 208ms -->
    </step><!-- duration: 255ms -->
    <step title="Outgoing response" date="2025-05-21T17:46:50.073" type="response" statusCode="202" statusText="Accepted" /><!-- duration: 3ms -->
  </step><!-- duration: 457ms -->
