<step title="Incoming Request" date="2025-05-21T20:45:23.648" instance="e0f283" url="/api/zipdeploy?author=ms-azuretools-vscode&amp;deployer=ms-azuretools-vscode&amp;isAsync=true&amp;trackDeploymentId=true" method="POST" type="request" pid="770,1,26" Host="la-zeiterfassung-fyd4cge3d9e3cac4.scm.germanywestcentral-01.azurewebsites.net" User-Agent="vscode-azureappservice/0.26.1 core-rest-pipeline/1.19.1 Node/20.19.0 OS/(arm64-Darwin-24.3.0)" Accept-Encoding="gzip,deflate" Accept-Language="de" Authorization="Bea..." Transfer-Encoding="chunked" x-ms-correlation-request-id="409fe972-4689-4468-a71e-d9127bbd4d1a" x-ms-client-request-id="2b20026b-80d0-4f79-b7ac-32a8953d4683" X-ARR-LOG-ID="2b20026b-80d0-4f79-b7ac-32a8953d4683" CLIENT-IP="84.138.91.166:62671" X-SITE-DEPLOYMENT-ID="LA-Zeiterfassung" WAS-DEFAULT-HOSTNAME="la-zeiterfassung-fyd4cge3d9e3cac4.scm.germanywestcentral-01.azurewebsites.net" X-Forwarded-Proto="https" X-AppService-Proto="https" X-Forwarded-TlsVersion="1.3" X-WAWS-Unencoded-URL="/api/zipdeploy?author=ms-azuretools-vscode&amp;deployer=ms-azuretools-vscode&amp;isAsync=true&amp;trackDeploymentId=true" X-Client-IP="84.138.91.166" X-Client-Port="62671" >
  <step title="Cleanup Xml Logs" date="2025-05-21T20:45:23.655" >
    <step title="Cleanup Infos" date="2025-05-21T20:45:23.673" totalFiles="429" totalCleanup="269" /><!-- duration: 13ms -->
  </step><!-- duration: 34ms -->
  <step title="ZipPushDeploy" date="2025-05-21T20:45:23.728" >
    <step title="ZipDeploy. Extract zip." date="2025-05-21T20:45:23.740" /><!-- duration: 2ms -->
    <step title="Starting PushDeployAsync" date="2025-05-21T20:45:23.748" /><!-- duration: 2ms -->
    <step title="Error occurred" date="2025-05-21T20:45:23.770" type="error" text="Error removing symlink: Path doesn&apos;t exist!" stackTrace="   at Mono.Unix.UnixFileSystemInfo.AssertValid()
   at Mono.Unix.UnixFileSystemInfo.get_FileType()
   at Kudu.Services.Deployment.PushDeploymentController.PushDeployAsync(ArtifactDeploymentInfo deploymentInfo, Boolean isAsync, HttpContext context, JObject requestJson) in /tmp/KuduLite/Kudu.Services/Deployment/PushDeploymentController.cs:line 740" /><!-- duration: 4ms -->
    <step title="Writing artifact to /tmp/zipdeploy/96d17bfa-b694-4569-9538-a14f1dab74a3.zip" date="2025-05-21T20:45:23.781" >
      <step title="Writing multipart request body to /tmp/zipdeploy/96d17bfa-b694-4569-9538-a14f1dab74a3.zip" date="2025-05-21T20:45:23.785" /><!-- duration: 9ms -->
    </step><!-- duration: 64ms -->
    <step title="Removing previous build artifact&apos;s manifest file" date="2025-05-21T20:45:23.859" >
      <step title="Start deployment in the background" date="2025-05-21T20:45:23.888" >
        <step title="Acquiring Deployment Lock" date="2025-05-21T20:45:23.918" /><!-- duration: 9ms -->
        <step title="Acquired Deployment Lock" date="2025-05-21T20:45:23.961" /><!-- duration: 4ms -->
      </step><!-- duration: 195ms -->
    </step><!-- duration: 230ms -->
    <step title="Outgoing response" date="2025-05-21T20:45:24.092" type="response" statusCode="202" statusText="Accepted" /><!-- duration: 2ms -->
  </step><!-- duration: 371ms -->
