<step title="BackgroundTrace" date="2025-07-31T19:26:32.047" instance="a45adb" url="/api/zipdeploy" method="POST" >
  <step title="Creating temporary deployment - FetchDeploymentManager" date="2025-07-31T19:26:32.187" /><!-- duration: 11ms -->
  <step title="Creating temporary deployment" date="2025-07-31T19:26:32.212" /><!-- duration: 119ms -->
  <step title="Performing fetch based deployment" date="2025-07-31T19:26:32.435" >
    <step title="Cleaning up temp folders from previous zip deployments and extracting pushed zip file /tmp/zipdeploy/59b7c5a2-9129-483f-85dc-9c7e104cb3e8.zip (0.00 MB) to /tmp/zipdeploy/extracted" date="2025-07-31T19:26:33.741" >
      <step title="ChmodRecursive Process exited with total time taken in ms: 70" date="2025-07-31T19:26:33.855" /><!-- duration: 10ms -->
    </step><!-- duration: 151ms -->
    <step title="Deployment timer started" date="2025-07-31T19:26:35.916" >
      <step title="DeploymentManager.Deploy(id:a8725e0a-222d-4e98-9203-2fa54ad8c895)" date="2025-07-31T19:26:35.930" >
        <step title="Collecting changeset information" date="2025-07-31T19:26:35.963" /><!-- duration: 127ms -->
        <step title="Updating submodules" date="2025-07-31T19:26:36.102" /><!-- duration: 1127ms -->
        <step title="Determining deployment builder" date="2025-07-31T19:26:37.443" >
          <step title="Builder is OryxBuilder" date="2025-07-31T19:26:37.453" /><!-- duration: 10ms -->
        </step><!-- duration: 30ms -->
        <step title="PreDeployment: context.CleanOutputPath False" date="2025-07-31T19:26:37.518" >
          <step title="PreDeployment: context.OutputPath /home/site/wwwroot" date="2025-07-31T19:26:37.636" >
            <step title="Building" date="2025-07-31T19:26:37.768" >
              <step title="Executing external process" date="2025-07-31T19:26:38.082" type="process" path="bash" arguments="-c &quot;oryx build /tmp/zipdeploy/extracted -o /home/site/wwwroot --platform python --platform-version 3.11 -p virtualenv_name=antenv --log-file /tmp/build-debug.log  -i /tmp/8ddd0682b1aa9f7 --compress-destination-dir | tee /tmp/oryx-build.log ; exit $PIPESTATUS &quot;" /><!-- duration: 62718ms -->
              <step title="Using PythonDeploymentLogParser" date="2025-07-31T19:27:41.146" /><!-- duration: 5ms -->
              <step title="Triggering recycle (preview mode disabled)." date="2025-07-31T19:27:42.265" /><!-- duration: 9ms -->
              <step title="Modified file to trigger a restart of the app container." date="2025-07-31T19:27:42.305" /><!-- duration: 4ms -->
              <step title="Skip function trigger and logicapp sync because function is not enabled." date="2025-07-31T19:27:42.312" /><!-- duration: 7ms -->
              <step title="Purge deployment items" date="2025-07-31T19:27:43.397" >
                <step title="Remove 4cf8d3b1-, Success, received at 07/31/2025 18:10:14" date="2025-07-31T19:27:43.470" /><!-- duration: 10ms -->
              </step><!-- duration: 101ms -->
            </step><!-- duration: 65805ms -->
          </step><!-- duration: 65948ms -->
          <step title="Cleaning up temp files" date="2025-07-31T19:27:43.590" /><!-- duration: 1855ms -->
          <step title="Cleaning up temp files" date="2025-07-31T19:27:45.451" /><!-- duration: 510ms -->
          <step title="Reloading status file with latest updates" date="2025-07-31T19:27:45.989" >
            <step title="WebHooksManager.PublishEventAsync: PostDeployment" date="2025-07-31T19:27:45.999" /><!-- duration: 64ms -->
          </step><!-- duration: 76ms -->
          <step title="Cleaning up temporary deployment - fetch deployment was successful" date="2025-07-31T19:27:46.071" /><!-- duration: 3ms -->
        </step><!-- duration: 68606ms -->
      </step><!-- duration: 70211ms -->
