<step title="Incoming Request" date="2025-05-21T19:19:54.089" instance="e0f283" url="/api/zipdeploy?author=ms-azuretools-vscode&amp;deployer=ms-azuretools-vscode&amp;isAsync=true&amp;trackDeploymentId=true" method="POST" type="request" pid="768,1,20" Host="la-zeiterfassung-fyd4cge3d9e3cac4.scm.germanywestcentral-01.azurewebsites.net" User-Agent="vscode-azureappservice/0.26.1 core-rest-pipeline/1.19.1 Node/20.19.0 OS/(arm64-Darwin-24.3.0)" Accept-Encoding="gzip,deflate" Accept-Language="de" Authorization="Bea..." Transfer-Encoding="chunked" x-ms-correlation-request-id="c43545ba-f5db-4253-9d94-d800445f6447" x-ms-client-request-id="4113fc47-151d-4a54-bba4-044beede4596" X-ARR-LOG-ID="4113fc47-151d-4a54-bba4-044beede4596" CLIENT-IP="84.138.91.166:61048" X-SITE-DEPLOYMENT-ID="LA-Zeiterfassung" WAS-DEFAULT-HOSTNAME="la-zeiterfassung-fyd4cge3d9e3cac4.scm.germanywestcentral-01.azurewebsites.net" X-Forwarded-Proto="https" X-AppService-Proto="https" X-Forwarded-TlsVersion="1.3" X-WAWS-Unencoded-URL="/api/zipdeploy?author=ms-azuretools-vscode&amp;deployer=ms-azuretools-vscode&amp;isAsync=true&amp;trackDeploymentId=true" X-Client-IP="84.138.91.166" X-Client-Port="61048" >
  <step title="ZipPushDeploy" date="2025-05-21T19:19:55.637" >
    <step title="ZipDeploy. Extract zip." date="2025-05-21T19:19:55.650" /><!-- duration: 2ms -->
    <step title="None repository commit" date="2025-05-21T19:19:55.662" >
      <step title="Commit id: 39a5c214-0321-4d99-bb3c-5fbd0c2a6884" date="2025-05-21T19:19:55.666" Message="N/A" AuthorName="N/A" AuthorEmail="N/A" /><!-- duration: 2ms -->
    </step><!-- duration: 9ms -->
    <step title="Starting PushDeployAsync" date="2025-05-21T19:19:55.674" /><!-- duration: 4ms -->
    <step title="Error occurred" date="2025-05-21T19:19:55.768" type="error" text="Error removing symlink: Path doesn&apos;t exist!" stackTrace="   at Mono.Unix.UnixFileSystemInfo.AssertValid()
   at Mono.Unix.UnixFileSystemInfo.get_FileType()
   at Kudu.Services.Deployment.PushDeploymentController.PushDeployAsync(ArtifactDeploymentInfo deploymentInfo, Boolean isAsync, HttpContext context, JObject requestJson) in /tmp/KuduLite/Kudu.Services/Deployment/PushDeploymentController.cs:line 740" /><!-- duration: 3ms -->
    <step title="Writing artifact to /tmp/zipdeploy/5d8fd441-f85d-4809-85af-6b734e3cb6da.zip" date="2025-05-21T19:19:55.790" >
      <step title="Writing multipart request body to /tmp/zipdeploy/5d8fd441-f85d-4809-85af-6b734e3cb6da.zip" date="2025-05-21T19:19:55.799" /><!-- duration: 9ms -->
    </step><!-- duration: 112ms -->
    <step title="Removing previous build artifact&apos;s manifest file" date="2025-05-21T19:19:55.912" >
      <step title="Start deployment in the background" date="2025-05-21T19:19:55.993" >
        <step title="Acquiring Deployment Lock" date="2025-05-21T19:19:56.053" /><!-- duration: 3ms -->
        <step title="Acquired Deployment Lock" date="2025-05-21T19:19:56.109" /><!-- duration: 6ms -->
      </step><!-- duration: 211ms -->
    </step><!-- duration: 298ms -->
    <step title="Outgoing response" date="2025-05-21T19:19:56.236" type="response" statusCode="202" statusText="Accepted" /><!-- duration: 11ms -->
  </step><!-- duration: 613ms -->
