<step title="Incoming Request" date="2025-05-21T20:30:18.526" instance="e0f283" url="/api/deployments/latest?deployer=ms-azuretools-vscode&amp;time=2025-05-21_20-30-12Z" method="GET" type="request" pid="770,1,27" Host="la-zeiterfassung-fyd4cge3d9e3cac4.scm.germanywestcentral-01.azurewebsites.net" User-Agent="vscode-azureappservice/0.26.1 core-rest-pipeline/1.19.1 Node/20.19.0 OS/(arm64-Darwin-24.3.0)" Accept-Encoding="gzip,deflate" Accept-Language="de" Authorization="Bea..." x-ms-correlation-request-id="33254208-ff55-4c08-a234-124e397e96cc" x-ms-client-request-id="ef4f2ea9-da53-413a-a722-9b4d898e5b68" X-ARR-LOG-ID="ef4f2ea9-da53-413a-a722-9b4d898e5b68" CLIENT-IP="84.138.91.166:61733" X-SITE-DEPLOYMENT-ID="LA-Zeiterfassung" WAS-DEFAULT-HOSTNAME="la-zeiterfassung-fyd4cge3d9e3cac4.scm.germanywestcentral-01.azurewebsites.net" X-Forwarded-Proto="https" X-AppService-Proto="https" X-Forwarded-TlsVersion="1.3" X-WAWS-Unencoded-URL="/api/deployments/latest?deployer=ms-azuretools-vscode&amp;time=2025-05-21_20-30-12Z" X-Client-IP="84.138.91.166" X-Client-Port="61733" >
  <step title="Cleanup Xml Logs" date="2025-05-21T20:30:18.531" >
    <step title="Cleanup Infos" date="2025-05-21T20:30:18.547" totalFiles="398" totalCleanup="238" /><!-- duration: 9ms -->
  </step><!-- duration: 29ms -->
  <step title="DeploymentService.GetResult" date="2025-05-21T20:30:18.567" >
    <step title="DeploymentService.GetLatestDeployment" date="2025-05-21T20:30:18.569" >
      <step title="DeploymentManager.GetResults" date="2025-05-21T20:30:18.572" /><!-- duration: 1559ms -->
    </step><!-- duration: 1573ms -->
  </step><!-- duration: 1584ms -->
  <step title="Outgoing response" date="2025-05-21T20:30:20.171" type="response" statusCode="202" statusText="Accepted" /><!-- duration: 9ms -->
</step><!-- duration: 1665ms -->
