<step title="Incoming Request" date="2025-07-31T18:27:52.345" instance="a45adb" url="/api/deployments/latest" method="GET" type="request" pid="769,1,59" Accept="*/*" Host="la-zeiterfassung-fyd4cge3d9e3cac4.scm.azurewebsites.net" User-Agent="AZURECLI/2.75.0 (HOMEBREW)" Accept-Encoding="gzip, deflate" Authorization="Bas..." x-ms-client-request-id="0bb4d866-6e3c-11f0-b996-3ecdac25f1e6" X-ARR-LOG-ID="0bb4d866-6e3c-11f0-b996-3ecdac25f1e6" CLIENT-IP="84.138.86.68:61295" X-SITE-DEPLOYMENT-ID="la-zeiterfassung-fyd4cge3d9e3cac4" WAS-DEFAULT-HOSTNAME="la-zeiterfassung-fyd4cge3d9e3cac4.scm.azurewebsites.net" X-Forwarded-Proto="https" X-AppService-Proto="https" X-Forwarded-TlsVersion="1.3" X-WAWS-Unencoded-URL="/api/deployments/latest" X-Client-IP="84.138.86.68" X-Client-Port="61295" >
  <step title="Cleanup Xml Logs" date="2025-07-31T18:27:52.348" >
    <step title="Cleanup Infos" date="2025-07-31T18:27:52.358" totalFiles="275" totalCleanup="115" /><!-- duration: 3ms -->
  </step><!-- duration: 16ms -->
  <step title="DeploymentService.GetResult" date="2025-07-31T18:27:52.371" >
    <step title="DeploymentService.GetLatestDeployment" date="2025-07-31T18:27:52.374" >
      <step title="DeploymentManager.GetResults" date="2025-07-31T18:27:52.377" /><!-- duration: 569ms -->
    </step><!-- duration: 576ms -->
  </step><!-- duration: 582ms -->
  <step title="Outgoing response" date="2025-07-31T18:27:52.956" type="response" statusCode="202" statusText="Accepted" /><!-- duration: 3ms -->
</step><!-- duration: 617ms -->
