<step title="Incoming Request" date="2025-05-21T17:28:21.459" instance="e0f283" url="/api/zipdeploy?author=ms-azuretools-vscode&amp;deployer=ms-azuretools-vscode&amp;isAsync=true&amp;trackDeploymentId=true" method="POST" type="request" pid="772,1,22" Host="la-zeiterfassung-fyd4cge3d9e3cac4.scm.germanywestcentral-01.azurewebsites.net" User-Agent="vscode-azureappservice/0.26.1 core-rest-pipeline/1.19.1 Node/20.19.0 OS/(arm64-Darwin-24.3.0)" Accept-Encoding="gzip,deflate" Accept-Language="de" Authorization="Bea..." Transfer-Encoding="chunked" x-ms-correlation-request-id="ab862c05-2d8e-4767-8e08-924620ac2f33" x-ms-client-request-id="bbe0a056-8dc6-46c8-8f2e-027111a4ddb3" X-ARR-LOG-ID="bbe0a056-8dc6-46c8-8f2e-027111a4ddb3" CLIENT-IP="84.138.91.166:59833" X-SITE-DEPLOYMENT-ID="LA-Zeiterfassung" WAS-DEFAULT-HOSTNAME="la-zeiterfassung-fyd4cge3d9e3cac4.scm.germanywestcentral-01.azurewebsites.net" X-Forwarded-Proto="https" X-AppService-Proto="https" X-Forwarded-TlsVersion="1.3" X-WAWS-Unencoded-URL="/api/zipdeploy?author=ms-azuretools-vscode&amp;deployer=ms-azuretools-vscode&amp;isAsync=true&amp;trackDeploymentId=true" X-Client-IP="84.138.91.166" X-Client-Port="59833" >
  <step title="Cleanup Xml Logs" date="2025-05-21T17:28:21.471" /><!-- duration: 49ms -->
  <step title="ZipPushDeploy" date="2025-05-21T17:28:21.701" >
    <step title="ZipDeploy. Extract zip." date="2025-05-21T17:28:21.731" /><!-- duration: 3ms -->
    <step title="Starting PushDeployAsync" date="2025-05-21T17:28:21.752" /><!-- duration: 10ms -->
    <step title="Error occurred" date="2025-05-21T17:28:21.884" type="error" text="Error removing symlink: Path doesn&apos;t exist!" stackTrace="   at Mono.Unix.UnixFileSystemInfo.AssertValid()
   at Mono.Unix.UnixFileSystemInfo.get_FileType()
   at Kudu.Services.Deployment.PushDeploymentController.PushDeployAsync(ArtifactDeploymentInfo deploymentInfo, Boolean isAsync, HttpContext context, JObject requestJson) in /tmp/KuduLite/Kudu.Services/Deployment/PushDeploymentController.cs:line 740" /><!-- duration: 11ms -->
    <step title="Writing artifact to /tmp/zipdeploy/e9049828-6f25-4c23-b0af-f3bd583cde33.zip" date="2025-05-21T17:28:21.943" >
      <step title="Writing multipart request body to /tmp/zipdeploy/e9049828-6f25-4c23-b0af-f3bd583cde33.zip" date="2025-05-21T17:28:21.954" /><!-- duration: 10ms -->
    </step><!-- duration: 151ms -->
    <step title="Start deployment in the background" date="2025-05-21T17:28:22.214" >
      <step title="Acquiring Deployment Lock" date="2025-05-21T17:28:22.286" /><!-- duration: 10ms -->
      <step title="Cannot Acquire Deployment Lock already held" date="2025-05-21T17:28:22.356" /><!-- duration: 9ms -->
    </step><!-- duration: 434ms -->
    <step title="There is a deployment currently in progress. Please try again when it completes." date="2025-05-21T17:28:22.687" /><!-- duration: 39ms -->
  </step><!-- duration: 1066ms -->
  <step title="Outgoing response" date="2025-05-21T17:28:22.880" type="response" statusCode="409" statusText="Conflict" /><!-- duration: 9ms -->
</step><!-- duration: 1459ms -->
