<step title="BackgroundTrace" date="2025-05-21T20:56:09.712" instance="e0f283" url="/api/zipdeploy" method="POST" >
  <step title="Creating temporary deployment - FetchDeploymentManager" date="2025-05-21T20:56:09.794" /><!-- duration: 5ms -->
  <step title="Creating temporary deployment" date="2025-05-21T20:56:09.807" /><!-- duration: 84ms -->
  <step title="Performing fetch based deployment" date="2025-05-21T20:56:09.919" >
    <step title="Cleaning up temp folders from previous zip deployments and extracting pushed zip file /tmp/zipdeploy/de68a348-2129-4a19-97e1-5e10de67c8d6.zip (0.02 MB) to /tmp/zipdeploy/extracted" date="2025-05-21T20:56:11.130" >
      <step title="ChmodRecursive Process exited with total time taken in ms: 100" date="2025-05-21T20:56:11.291" /><!-- duration: 10ms -->
    </step><!-- duration: 174ms -->
    <step title="Deployment timer started" date="2025-05-21T20:56:13.323" >
      <step title="DeploymentManager.Deploy(id:ac24f3e4-4157-49da-b75e-a65c84e9139f)" date="2025-05-21T20:56:13.352" >
        <step title="Collecting changeset information" date="2025-05-21T20:56:13.412" /><!-- duration: 140ms -->
        <step title="Updating submodules" date="2025-05-21T20:56:13.564" /><!-- duration: 1204ms -->
        <step title="Determining deployment builder" date="2025-05-21T20:56:14.996" >
          <step title="Builder is OryxBuilder" date="2025-05-21T20:56:15.022" /><!-- duration: 10ms -->
        </step><!-- duration: 39ms -->
        <step title="PreDeployment: context.CleanOutputPath False" date="2025-05-21T20:56:15.095" >
          <step title="PreDeployment: context.OutputPath /home/site/wwwroot" date="2025-05-21T20:56:15.194" >
            <step title="Building" date="2025-05-21T20:56:15.329" >
              <step title="Executing external process" date="2025-05-21T20:56:15.632" type="process" path="bash" arguments="-c &quot;oryx build /tmp/zipdeploy/extracted -o /home/site/wwwroot --platform python --platform-version 3.11 -p virtualenv_name=antenv --log-file /tmp/build-debug.log  -i /tmp/8dd98a9ed0eb459 --compress-destination-dir | tee /tmp/oryx-build.log ; exit $PIPESTATUS &quot;" /><!-- duration: 89842ms -->
              <step title="Using PythonDeploymentLogParser" date="2025-05-21T20:57:46.100" /><!-- duration: 19ms -->
              <step title="Triggering recycle (preview mode disabled)." date="2025-05-21T20:57:47.171" /><!-- duration: 24ms -->
              <step title="Modified file to trigger a restart of the app container." date="2025-05-21T20:57:47.247" /><!-- duration: 4ms -->
              <step title="Skip function trigger and logicapp sync because function is not enabled." date="2025-05-21T20:57:47.255" /><!-- duration: 7ms -->
              <step title="Purge deployment items" date="2025-05-21T20:57:48.121" >
                <step title="Remove 090089dc-, Success, received at 05/21/2025 18:32:51" date="2025-05-21T20:57:48.207" /><!-- duration: 10ms -->
              </step><!-- duration: 101ms -->
            </step><!-- duration: 92955ms -->
          </step><!-- duration: 93097ms -->
          <step title="Cleaning up temp files" date="2025-05-21T20:57:48.296" /><!-- duration: 391ms -->
          <step title="Cleaning up temp files" date="2025-05-21T20:57:48.692" /><!-- duration: 527ms -->
          <step title="Reloading status file with latest updates" date="2025-05-21T20:57:49.251" >
            <step title="WebHooksManager.PublishEventAsync: PostDeployment" date="2025-05-21T20:57:49.265" /><!-- duration: 82ms -->
          </step><!-- duration: 100ms -->
          <step title="Cleaning up temporary deployment - fetch deployment was successful" date="2025-05-21T20:57:49.369" /><!-- duration: 17ms -->
        </step><!-- duration: 94348ms -->
      </step><!-- duration: 96120ms -->
