<step title="BackgroundTrace" date="2025-05-21T20:19:41.037" instance="e0f283" url="/api/zipdeploy" method="POST" >
  <step title="Creating temporary deployment - FetchDeploymentManager" date="2025-05-21T20:19:41.258" /><!-- duration: 11ms -->
  <step title="Creating temporary deployment" date="2025-05-21T20:19:41.279" /><!-- duration: 189ms -->
  <step title="Performing fetch based deployment" date="2025-05-21T20:19:41.641" >
    <step title="Cleaning up temp folders from previous zip deployments and extracting pushed zip file /tmp/zipdeploy/a1f9e7b7-8aa8-47f6-82ae-e54fe9d1f5d6.zip (0.02 MB) to /tmp/zipdeploy/extracted" date="2025-05-21T20:19:42.832" >
      <step title="ChmodRecursive Process exited with total time taken in ms: 150" date="2025-05-21T20:19:43.085" /><!-- duration: 22ms -->
    </step><!-- duration: 282ms -->
    <step title="Deployment timer started" date="2025-05-21T20:19:45.152" >
      <step title="DeploymentManager.Deploy(id:78c74610-6754-461c-9d42-ba9cfa36f33f)" date="2025-05-21T20:19:45.162" >
        <step title="Collecting changeset information" date="2025-05-21T20:19:45.223" /><!-- duration: 454ms -->
        <step title="Updating submodules" date="2025-05-21T20:19:45.687" /><!-- duration: 1155ms -->
        <step title="Determining deployment builder" date="2025-05-21T20:19:47.230" >
          <step title="Builder is OryxBuilder" date="2025-05-21T20:19:47.267" /><!-- duration: 8ms -->
        </step><!-- duration: 48ms -->
        <step title="PreDeployment: context.CleanOutputPath False" date="2025-05-21T20:19:47.324" >
          <step title="PreDeployment: context.OutputPath /home/site/wwwroot" date="2025-05-21T20:19:47.490" >
            <step title="Building" date="2025-05-21T20:19:47.621" >
              <step title="Executing external process" date="2025-05-21T20:19:48.443" type="process" path="bash" arguments="-c &quot;oryx build /tmp/zipdeploy/extracted -o /home/site/wwwroot --platform python --platform-version 3.11 -p virtualenv_name=antenv --log-file /tmp/build-debug.log  -i /tmp/8dd98a4d50bd234 --compress-destination-dir | tee /tmp/oryx-build.log ; exit $PIPESTATUS &quot;" >
                <step title="Cpu: python(1029,12.960s)+ts(1030,0.070s)+build.sh(1028,0.000s)+build.sh(1027,0.000s)+build.sh(897,0.080s)+oryx(875,3.770s)+tee(876,0.000s)+bash(874,0.000s)=total(16.880s)" date="2025-05-21T20:22:29.574" /><!-- duration: 59ms -->
                <step title="bash: no io activity for 60s, prev-cpu=-1.000s, current-cpu=16.880s" date="2025-05-21T20:22:29.806" /><!-- duration: 10ms -->
