<step title="Incoming Request" date="2025-07-31T13:56:10.830" instance="a45adb" url="/api/zipdeploy?isAsync=true" method="POST" type="request" pid="769,1,36" Accept="*/*" Host="la-zeiterfassung-fyd4cge3d9e3cac4.scm.azurewebsites.net" User-Agent="AZURECLI/2.75.0 (HOMEBREW)" Accept-Encoding="gzip, deflate" Authorization="Bas..." Cache-Control="no-cache" Content-Type="application/octet-stream" Cookie="ARRAffinity=a45adbe19489ea2b14e790f681e17ad6f03a5528ca730625ec513d016d2b4c91; ARRAffinitySameSite=a45adbe19489ea2b14e790f681e17ad6f03a5528ca730625ec513d016d2b4c91" Content-Length="25784" x-ms-client-request-id="19b19092-6e16-11f0-a99e-3ecdac25f1e6" x-ms-artifact-checksum="17e398f7cf8f6d2bb03219718236e6f5bd9a7226302f8f4fdeb349a588a9b34b" X-ARR-LOG-ID="19b19092-6e16-11f0-a99e-3ecdac25f1e6" CLIENT-IP="84.138.86.68:64563" X-SITE-DEPLOYMENT-ID="la-zeiterfassung-fyd4cge3d9e3cac4" WAS-DEFAULT-HOSTNAME="la-zeiterfassung-fyd4cge3d9e3cac4.scm.azurewebsites.net" X-Forwarded-Proto="https" X-AppService-Proto="https" X-Forwarded-TlsVersion="1.3" X-WAWS-Unencoded-URL="/api/zipdeploy?isAsync=true" X-Client-IP="84.138.86.68" X-Client-Port="64563" >
  <step title="ZipPushDeploy" date="2025-07-31T13:56:10.846" >
    <step title="ZipDeploy. Extract zip. Remote build." date="2025-07-31T13:56:10.855" /><!-- duration: 3ms -->
    <step title="Starting PushDeployAsync" date="2025-07-31T13:56:10.864" /><!-- duration: 3ms -->
    <step title="Writing artifact to /tmp/zipdeploy/dcde1171-5972-40b2-829a-ec42b3d86f17.zip" date="2025-07-31T13:56:10.879" >
      <step title="Writing multipart request body to /tmp/zipdeploy/dcde1171-5972-40b2-829a-ec42b3d86f17.zip" date="2025-07-31T13:56:10.884" /><!-- duration: 3ms -->
    </step><!-- duration: 98ms -->
    <step title="Removing previous build artifact&apos;s manifest file" date="2025-07-31T13:56:10.983" >
      <step title="Start deployment in the background" date="2025-07-31T13:56:11.002" >
        <step title="Acquiring Deployment Lock" date="2025-07-31T13:56:11.026" /><!-- duration: 3ms -->
        <step title="Acquired Deployment Lock" date="2025-07-31T13:56:11.068" /><!-- duration: 4ms -->
      </step><!-- duration: 161ms -->
    </step><!-- duration: 227ms -->
    <step title="Outgoing response" date="2025-07-31T13:56:11.221" type="response" statusCode="202" statusText="Accepted" /><!-- duration: 3ms -->
  </step><!-- duration: 382ms -->
