<step title="BackgroundTrace" date="2025-05-21T18:32:48.176" instance="e0f283" url="/api/zipdeploy" method="POST" >
  <step title="Creating temporary deployment - FetchDeploymentManager" date="2025-05-21T18:32:48.236" /><!-- duration: 3ms -->
  <step title="Creating temporary deployment" date="2025-05-21T18:32:48.243" /><!-- duration: 80ms -->
  <step title="Performing fetch based deployment" date="2025-05-21T18:32:48.353" >
    <step title="Cleaning up temp folders from previous zip deployments and extracting pushed zip file /tmp/zipdeploy/20e7625f-a1ea-4fb4-a3f0-b5af3a2c7eb9.zip (0.01 MB) to /tmp/zipdeploy/extracted" date="2025-05-21T18:32:49.628" >
      <step title="ChmodRecursive Process exited with total time taken in ms: 79" date="2025-05-21T18:32:49.750" /><!-- duration: 11ms -->
    </step><!-- duration: 144ms -->
    <step title="Deployment timer started" date="2025-05-21T18:32:51.801" >
      <step title="DeploymentManager.Deploy(id:090089dc-0b53-4ce7-b6ab-b6fcf531a84a)" date="2025-05-21T18:32:51.822" >
        <step title="Collecting changeset information" date="2025-05-21T18:32:51.891" /><!-- duration: 169ms -->
        <step title="Updating submodules" date="2025-05-21T18:32:52.078" /><!-- duration: 1138ms -->
        <step title="Determining deployment builder" date="2025-05-21T18:32:53.528" >
          <step title="Builder is OryxBuilder" date="2025-05-21T18:32:53.558" /><!-- duration: 9ms -->
        </step><!-- duration: 51ms -->
        <step title="PreDeployment: context.CleanOutputPath False" date="2025-05-21T18:32:53.670" >
          <step title="PreDeployment: context.OutputPath /home/site/wwwroot" date="2025-05-21T18:32:53.797" >
            <step title="Building" date="2025-05-21T18:32:53.950" >
              <step title="Executing external process" date="2025-05-21T18:32:54.872" type="process" path="bash" arguments="-c &quot;oryx build /tmp/zipdeploy/extracted -o /home/site/wwwroot --platform python --platform-version 3.11 -p virtualenv_name=antenv --log-file /tmp/build-debug.log  -i /tmp/8dd9895e630b45c --compress-destination-dir | tee /tmp/oryx-build.log ; exit $PIPESTATUS &quot;" /><!-- duration: 61765ms -->
              <step title="Using PythonDeploymentLogParser" date="2025-05-21T18:33:56.961" /><!-- duration: 11ms -->
              <step title="Triggering recycle (preview mode disabled)." date="2025-05-21T18:33:57.864" /><!-- duration: 13ms -->
              <step title="Modified file to trigger a restart of the app container." date="2025-05-21T18:33:57.917" /><!-- duration: 11ms -->
              <step title="Skip function trigger and logicapp sync because function is not enabled." date="2025-05-21T18:33:57.932" /><!-- duration: 14ms -->
              <step title="Purge deployment items" date="2025-05-21T18:33:58.737" >
                <step title="Remove 1fccd9f7-, Success, received at 05/21/2025 17:25:03" date="2025-05-21T18:33:58.777" /><!-- duration: 3ms -->
              </step><!-- duration: 48ms -->
            </step><!-- duration: 64899ms -->
          </step><!-- duration: 65055ms -->
          <step title="Cleaning up temp files" date="2025-05-21T18:33:58.855" /><!-- duration: 327ms -->
          <step title="Cleaning up temp files" date="2025-05-21T18:33:59.192" /><!-- duration: 532ms -->
          <step title="Reloading status file with latest updates" date="2025-05-21T18:33:59.749" >
            <step title="WebHooksManager.PublishEventAsync: PostDeployment" date="2025-05-21T18:33:59.761" /><!-- duration: 59ms -->
          </step><!-- duration: 75ms -->
          <step title="Cleaning up temporary deployment - fetch deployment was successful" date="2025-05-21T18:33:59.834" /><!-- duration: 4ms -->
        </step><!-- duration: 66216ms -->
      </step><!-- duration: 68085ms -->
