<step title="Incoming Request" date="2025-07-31T20:43:46.287" instance="a45adb" url="/api/deployments/latest" method="GET" type="request" pid="770,1,16" Accept="*/*" Host="la-zeiterfassung-fyd4cge3d9e3cac4.scm.azurewebsites.net" User-Agent="AZURECLI/2.75.0 (HOMEBREW)" Accept-Encoding="gzip, deflate" Authorization="Bas..." x-ms-client-request-id="072ff63c-6e4f-11f0-be11-3ecdac25f1e6" X-ARR-LOG-ID="072ff63c-6e4f-11f0-be11-3ecdac25f1e6" CLIENT-IP="84.138.86.68:62210" X-SITE-DEPLOYMENT-ID="la-zeiterfassung-fyd4cge3d9e3cac4" WAS-DEFAULT-HOSTNAME="la-zeiterfassung-fyd4cge3d9e3cac4.scm.azurewebsites.net" X-Forwarded-Proto="https" X-AppService-Proto="https" X-Forwarded-TlsVersion="1.3" X-WAWS-Unencoded-URL="/api/deployments/latest" X-Client-IP="84.138.86.68" X-Client-Port="62210" >
  <step title="Cleanup Xml Logs" date="2025-07-31T20:43:46.299" >
    <step title="Cleanup Infos" date="2025-07-31T20:43:46.313" totalFiles="389" totalCleanup="229" /><!-- duration: 3ms -->
  </step><!-- duration: 20ms -->
  <step title="DeploymentService.GetResult" date="2025-07-31T20:43:46.329" >
    <step title="DeploymentService.GetLatestDeployment" date="2025-07-31T20:43:46.331" >
      <step title="DeploymentManager.GetResults" date="2025-07-31T20:43:46.334" /><!-- duration: 525ms -->
    </step><!-- duration: 544ms -->
  </step><!-- duration: 552ms -->
  <step title="Outgoing response" date="2025-07-31T20:43:46.889" type="response" statusCode="202" statusText="Accepted" /><!-- duration: 7ms -->
</step><!-- duration: 611ms -->
