<step title="Incoming Request" date="2025-05-21T19:30:47.308" instance="e0f283" url="/api/zipdeploy?author=ms-azuretools-vscode&amp;deployer=ms-azuretools-vscode&amp;isAsync=true&amp;trackDeploymentId=true" method="POST" type="request" pid="772,1,7" Host="la-zeiterfassung-fyd4cge3d9e3cac4.scm.germanywestcentral-01.azurewebsites.net" User-Agent="vscode-azureappservice/0.26.1 core-rest-pipeline/1.19.1 Node/20.19.0 OS/(arm64-Darwin-24.3.0)" Accept-Encoding="gzip,deflate" Accept-Language="de" Authorization="Bea..." Transfer-Encoding="chunked" x-ms-correlation-request-id="12eca0b6-830f-492c-9c1a-add5a71bb141" x-ms-client-request-id="39a78f89-864e-4aa8-848e-2fbf01441b5d" X-ARR-LOG-ID="39a78f89-864e-4aa8-848e-2fbf01441b5d" CLIENT-IP="84.138.91.166:63526" X-SITE-DEPLOYMENT-ID="LA-Zeiterfassung" WAS-DEFAULT-HOSTNAME="la-zeiterfassung-fyd4cge3d9e3cac4.scm.germanywestcentral-01.azurewebsites.net" X-Forwarded-Proto="https" X-AppService-Proto="https" X-Forwarded-TlsVersion="1.3" X-WAWS-Unencoded-URL="/api/zipdeploy?author=ms-azuretools-vscode&amp;deployer=ms-azuretools-vscode&amp;isAsync=true&amp;trackDeploymentId=true" X-Client-IP="84.138.91.166" X-Client-Port="63526" >
  <step title="ZipPushDeploy" date="2025-05-21T19:30:48.917" >
    <step title="ZipDeploy. Extract zip." date="2025-05-21T19:30:48.967" /><!-- duration: 3ms -->
    <step title="None repository commit" date="2025-05-21T19:30:49.060" >
      <step title="Commit id: 9a11eaef-5d9e-46fa-a121-42a7a55bb8d6" date="2025-05-21T19:30:49.069" Message="N/A" AuthorName="N/A" AuthorEmail="N/A" /><!-- duration: 9ms -->
    </step><!-- duration: 29ms -->
    <step title="Starting PushDeployAsync" date="2025-05-21T19:30:49.118" /><!-- duration: 20ms -->
    <step title="Error occurred" date="2025-05-21T19:30:49.361" type="error" text="Error removing symlink: Path doesn&apos;t exist!" stackTrace="   at Mono.Unix.UnixFileSystemInfo.AssertValid()
   at Mono.Unix.UnixFileSystemInfo.get_FileType()
   at Kudu.Services.Deployment.PushDeploymentController.PushDeployAsync(ArtifactDeploymentInfo deploymentInfo, Boolean isAsync, HttpContext context, JObject requestJson) in /tmp/KuduLite/Kudu.Services/Deployment/PushDeploymentController.cs:line 740" /><!-- duration: 10ms -->
    <step title="Writing artifact to /tmp/zipdeploy/e12931bf-cd0f-44f0-b929-3a15298d5574.zip" date="2025-05-21T19:30:49.400" >
      <step title="Writing multipart request body to /tmp/zipdeploy/e12931bf-cd0f-44f0-b929-3a15298d5574.zip" date="2025-05-21T19:30:49.420" /><!-- duration: 10ms -->
    </step><!-- duration: 293ms -->
    <step title="Start deployment in the background" date="2025-05-21T19:30:49.742" >
      <step title="Acquiring Deployment Lock" date="2025-05-21T19:30:49.853" /><!-- duration: 70ms -->
      <step title="Acquired Deployment Lock" date="2025-05-21T19:30:49.974" /><!-- duration: 3ms -->
    </step><!-- duration: 383ms -->
  </step><!-- duration: 1249ms -->
  <step title="Outgoing response" date="2025-05-21T19:30:50.318" type="response" statusCode="202" statusText="Accepted" /><!-- duration: 11ms -->
</step><!-- duration: 3031ms -->
