<step title="Incoming Request" date="2025-05-21T16:18:15.130" instance="e0f283" url="/api/zipdeploy?author=ms-azuretools-vscode&amp;deployer=ms-azuretools-vscode&amp;isAsync=true&amp;trackDeploymentId=true" method="POST" type="request" pid="770,1,17" Host="la-zeiterfassung-fyd4cge3d9e3cac4.scm.germanywestcentral-01.azurewebsites.net" User-Agent="vscode-azureappservice/0.26.1 core-rest-pipeline/1.19.1 Node/20.19.0 OS/(arm64-Darwin-24.3.0)" Accept-Encoding="gzip,deflate" Accept-Language="de" Authorization="Bea..." Transfer-Encoding="chunked" x-ms-correlation-request-id="0bcb3ae0-efdc-4b2c-92c4-03e9f1f2e37c" x-ms-client-request-id="87f3bfe0-0790-491f-ac34-cdbed1bced6e" X-ARR-LOG-ID="87f3bfe0-0790-491f-ac34-cdbed1bced6e" CLIENT-IP="84.138.91.166:64105" X-SITE-DEPLOYMENT-ID="LA-Zeiterfassung" WAS-DEFAULT-HOSTNAME="la-zeiterfassung-fyd4cge3d9e3cac4.scm.germanywestcentral-01.azurewebsites.net" X-Forwarded-Proto="https" X-AppService-Proto="https" X-Forwarded-TlsVersion="1.3" X-WAWS-Unencoded-URL="/api/zipdeploy?author=ms-azuretools-vscode&amp;deployer=ms-azuretools-vscode&amp;isAsync=true&amp;trackDeploymentId=true" X-Client-IP="84.138.91.166" X-Client-Port="64105" >
  <step title="ZipPushDeploy" date="2025-05-21T16:18:15.903" >
    <step title="ZipDeploy. Extract zip." date="2025-05-21T16:18:15.916" /><!-- duration: 2ms -->
    <step title="None repository commit" date="2025-05-21T16:18:15.926" >
      <step title="Commit id: dd0d080f-a506-400d-b099-4f2c12c5ec7b" date="2025-05-21T16:18:15.928" Message="N/A" AuthorName="N/A" AuthorEmail="N/A" /><!-- duration: 2ms -->
    </step><!-- duration: 7ms -->
    <step title="Starting PushDeployAsync" date="2025-05-21T16:18:15.935" /><!-- duration: 2ms -->
    <step title="Error occurred" date="2025-05-21T16:18:16.034" type="error" text="Error removing symlink: Path doesn&apos;t exist!" stackTrace="   at Mono.Unix.UnixFileSystemInfo.AssertValid()
   at Mono.Unix.UnixFileSystemInfo.get_FileType()
   at Kudu.Services.Deployment.PushDeploymentController.PushDeployAsync(ArtifactDeploymentInfo deploymentInfo, Boolean isAsync, HttpContext context, JObject requestJson) in /tmp/KuduLite/Kudu.Services/Deployment/PushDeploymentController.cs:line 740" /><!-- duration: 3ms -->
    <step title="Writing artifact to /tmp/zipdeploy/eb2e719e-aecd-48f5-bbf6-42f2fe446b6c.zip" date="2025-05-21T16:18:16.057" >
      <step title="Writing multipart request body to /tmp/zipdeploy/eb2e719e-aecd-48f5-bbf6-42f2fe446b6c.zip" date="2025-05-21T16:18:16.074" /><!-- duration: 2ms -->
    </step><!-- duration: 120ms -->
    <step title="Removing previous build artifact&apos;s manifest file" date="2025-05-21T16:18:16.187" >
      <step title="Start deployment in the background" date="2025-05-21T16:18:16.222" >
        <step title="Acquiring Deployment Lock" date="2025-05-21T16:18:16.256" /><!-- duration: 10ms -->
        <step title="Acquired Deployment Lock" date="2025-05-21T16:18:16.358" /><!-- duration: 2ms -->
      </step><!-- duration: 340ms -->
    </step><!-- duration: 393ms -->
    <step title="Outgoing response" date="2025-05-21T16:18:16.622" type="response" statusCode="202" statusText="Accepted" /><!-- duration: 2ms -->
  </step><!-- duration: 728ms -->
