<step title="Incoming Request" date="2025-07-28T22:58:18.649" instance="a45adb" url="/api/zipdeploy" method="POST" type="request" pid="769,1,27" Accept="*/*" Host="la-zeiterfassung-fyd4cge3d9e3cac4.scm.azurewebsites.net" User-Agent="curl/8.7.1" Authorization="Bea..." Content-Type="application/zip" Content-Length="1456" X-ARR-LOG-ID="a5d77133-993e-42c0-9139-0bcf9cdadbe4" CLIENT-IP="84.138.86.68:61235" X-SITE-DEPLOYMENT-ID="la-zeiterfassung-fyd4cge3d9e3cac4" WAS-DEFAULT-HOSTNAME="la-zeiterfassung-fyd4cge3d9e3cac4.scm.azurewebsites.net" X-Forwarded-Proto="https" X-AppService-Proto="https" X-Forwarded-TlsVersion="1.3" X-WAWS-Unencoded-URL="/api/zipdeploy" X-Client-IP="84.138.86.68" X-Client-Port="61235" >
  <step title="Cleanup Xml Logs" date="2025-07-28T22:58:18.667" /><!-- duration: 19ms -->
  <step title="ZipPushDeploy" date="2025-07-28T22:58:18.727" >
    <step title="ZipDeploy. Extract zip. Remote build." date="2025-07-28T22:58:18.756" /><!-- duration: 4ms -->
    <step title="Starting PushDeployAsync" date="2025-07-28T22:58:18.776" /><!-- duration: 20ms -->
    <step title="Writing artifact to /tmp/zipdeploy/a73b8528-6333-44ee-b22b-dd01f0069dda.zip" date="2025-07-28T22:58:18.819" >
      <step title="Writing multipart request body to /tmp/zipdeploy/a73b8528-6333-44ee-b22b-dd01f0069dda.zip" date="2025-07-28T22:58:18.847" /><!-- duration: 3ms -->
    </step><!-- duration: 50ms -->
    <step title="Attempting to fetch target branch HEAD" date="2025-07-28T22:58:18.910" /><!-- duration: 19ms -->
    <step title="Acquiring Deployment Lock" date="2025-07-28T22:58:18.958" /><!-- duration: 12ms -->
    <step title="Acquired Deployment Lock" date="2025-07-28T22:58:19.019" /><!-- duration: 10ms -->
    <step title="Performing fetch based deployment" date="2025-07-28T22:58:19.048" >
      <step title="Creating temporary deployment" date="2025-07-28T22:58:19.058" /><!-- duration: 162ms -->
      <step title="Releasing Deployment Lock" date="2025-07-28T22:58:20.488" /><!-- duration: 18ms -->
      <step title="Cleaning up temp folders from previous zip deployments and extracting pushed zip file /tmp/zipdeploy/a73b8528-6333-44ee-b22b-dd01f0069dda.zip (0.00 MB) to /tmp/zipdeploy/extracted" date="2025-07-28T22:58:20.597" >
        <step title="ChmodRecursive Process exited with total time taken in ms: 204" date="2025-07-28T22:58:20.860" /><!-- duration: 8ms -->
      </step><!-- duration: 302ms -->
      <step title="None repository commit" date="2025-07-28T22:58:20.919" >
        <step title="Commit id: 0fabf55f-0cd4-49de-a14a-a2548c7f3c81" date="2025-07-28T22:58:20.948" Message="Created via a push deployment" AuthorName="N/A" AuthorEmail="N/A" /><!-- duration: 11ms -->
      </step><!-- duration: 49ms -->
      <step title="Deployment timer started" date="2025-07-28T22:58:22.984" >
        <step title="DeploymentManager.Deploy(id:0fabf55f-0cd4-49de-a14a-a2548c7f3c81)" date="2025-07-28T22:58:22.996" >
          <step title="Collecting changeset information" date="2025-07-28T22:58:23.103" /><!-- duration: 302ms -->
          <step title="Updating submodules" date="2025-07-28T22:58:23.447" /><!-- duration: 1405ms -->
          <step title="Determining deployment builder" date="2025-07-28T22:58:25.711" >
            <step title="Builder is OryxBuilder" date="2025-07-28T22:58:25.813" /><!-- duration: 30ms -->
          </step><!-- duration: 402ms -->
          <step title="PreDeployment: context.CleanOutputPath False" date="2025-07-28T22:58:26.354" >
            <step title="PreDeployment: context.OutputPath /home/site/wwwroot" date="2025-07-28T22:58:26.686" >
              <step title="Building" date="2025-07-28T22:58:27.077" >
                <step title="Executing external process" date="2025-07-28T22:58:29.016" type="process" path="bash" arguments="-c &quot;oryx build /tmp/zipdeploy/extracted -o /home/site/wwwroot --platform python --platform-version 3.11 -p virtualenv_name=antenv --log-file /tmp/build-debug.log  -i /tmp/8ddce2a42ce7ee1 --compress-destination-dir | tee /tmp/oryx-build.log ; exit $PIPESTATUS &quot;" >
                  <step title="Cpu: python3.11(2036,14.310s)+python3.11(2035,0.210s)+python3.11(2033,0.220s)+build.sh(1962,0.060s)+oryx(1939,3.640s)+tee(1940,0.000s)+bash(1938,0.000s)=total(18.440s)" date="2025-07-28T22:59:42.049" /><!-- duration: 20ms -->
                  <step title="bash: no io activity for 60s, prev-cpu=-1.000s, current-cpu=18.440s" date="2025-07-28T22:59:42.087" /><!-- duration: 20ms -->
                </step><!-- duration: 140414ms -->
                <step title="Using PythonDeploymentLogParser" date="2025-07-28T23:00:49.864" /><!-- duration: 7ms -->
                <step title="Triggering recycle (preview mode disabled)." date="2025-07-28T23:00:51.102" /><!-- duration: 10ms -->
                <step title="Modified file to trigger a restart of the app container." date="2025-07-28T23:00:51.152" /><!-- duration: 5ms -->
                <step title="Skip function trigger and logicapp sync because function is not enabled." date="2025-07-28T23:00:51.169" /><!-- duration: 11ms -->
              </step><!-- duration: 144973ms -->
            </step><!-- duration: 145370ms -->
            <step title="Cleaning up temp files" date="2025-07-28T23:00:52.059" /><!-- duration: 2050ms -->
            <step title="Cleaning up temp files" date="2025-07-28T23:00:54.117" /><!-- duration: 505ms -->
            <step title="Reloading status file with latest updates" date="2025-07-28T23:00:54.655" >
              <step title="WebHooksManager.PublishEventAsync: PostDeployment" date="2025-07-28T23:00:54.665" /><!-- duration: 33ms -->
            </step><!-- duration: 46ms -->
            <step title="Cleaning up temporary deployment - fetch deployment was successful" date="2025-07-28T23:00:54.710" /><!-- duration: 3ms -->
          </step><!-- duration: 148401ms -->
        </step><!-- duration: 151764ms -->
        <step title="Outgoing response" date="2025-07-28T23:00:54.775" type="response" statusCode="200" statusText="OK" /><!-- duration: 5ms -->
      </step><!-- duration: 151799ms -->
