<step title="Incoming Request" date="2025-07-31T19:22:43.974" instance="a45adb" url="/api/zipdeploy?isAsync=true" method="POST" type="request" pid="769,1,46" Accept="*/*" Host="la-zeiterfassung-fyd4cge3d9e3cac4.scm.azurewebsites.net" User-Agent="AZURECLI/2.75.0 (HOMEBREW)" Accept-Encoding="gzip, deflate" Authorization="Bas..." Cache-Control="no-cache" Content-Type="application/octet-stream" Cookie="ARRAffinity=a45adbe19489ea2b14e790f681e17ad6f03a5528ca730625ec513d016d2b4c91; ARRAffinitySameSite=a45adbe19489ea2b14e790f681e17ad6f03a5528ca730625ec513d016d2b4c91" Content-Length="15423" x-ms-client-request-id="b82072e8-6e43-11f0-9520-3ecdac25f1e6" x-ms-artifact-checksum="51f5389e690208ace67ea7ffea6872a654d6b960f15f546893b4c8980c293813" X-ARR-LOG-ID="b82072e8-6e43-11f0-9520-3ecdac25f1e6" CLIENT-IP="84.138.86.68:60309" X-SITE-DEPLOYMENT-ID="la-zeiterfassung-fyd4cge3d9e3cac4" WAS-DEFAULT-HOSTNAME="la-zeiterfassung-fyd4cge3d9e3cac4.scm.azurewebsites.net" X-Forwarded-Proto="https" X-AppService-Proto="https" X-Forwarded-TlsVersion="1.3" X-WAWS-Unencoded-URL="/api/zipdeploy?isAsync=true" X-Client-IP="84.138.86.68" X-Client-Port="60309" >
  <step title="ZipPushDeploy" date="2025-07-31T19:22:43.982" >
    <step title="ZipDeploy. Extract zip. Remote build." date="2025-07-31T19:22:43.989" /><!-- duration: 3ms -->
    <step title="Starting PushDeployAsync" date="2025-07-31T19:22:43.997" /><!-- duration: 3ms -->
    <step title="Writing artifact to /tmp/zipdeploy/612c78d0-c3b5-4815-8c98-e79c4280f5ae.zip" date="2025-07-31T19:22:44.014" >
      <step title="Writing multipart request body to /tmp/zipdeploy/612c78d0-c3b5-4815-8c98-e79c4280f5ae.zip" date="2025-07-31T19:22:44.018" /><!-- duration: 3ms -->
    </step><!-- duration: 28ms -->
    <step title="Start deployment in the background" date="2025-07-31T19:22:44.073" >
      <step title="Acquiring Deployment Lock" date="2025-07-31T19:22:44.102" /><!-- duration: 4ms -->
      <step title="Acquired Deployment Lock" date="2025-07-31T19:22:44.148" /><!-- duration: 3ms -->
    </step><!-- duration: 160ms -->
  </step><!-- duration: 254ms -->
  <step title="Outgoing response" date="2025-07-31T19:22:44.240" type="response" statusCode="202" statusText="Accepted" /><!-- duration: 4ms -->
</step><!-- duration: 273ms -->
