<step title="Incoming Request" date="2025-05-21T19:12:43.222" instance="e0f283" url="/api/deployments/latest" method="GET" type="request" pid="776,1,77" Host="la-zeiterfassung-fyd4cge3d9e3cac4.scm.germanywestcentral-01.azurewebsites.net" User-Agent="vscode-azureappservice/0.26.1 core-rest-pipeline/1.19.1 Node/20.19.0 OS/(arm64-Darwin-24.3.0)" Accept-Encoding="gzip,deflate" Accept-Language="de" Authorization="Bea..." x-ms-correlation-request-id="0242ed4d-844c-4bad-961f-9e2a8d5f9408" x-ms-client-request-id="6d3fcbd5-a570-4d71-8ef7-fd7d58a39a81" X-ARR-LOG-ID="6d3fcbd5-a570-4d71-8ef7-fd7d58a39a81" CLIENT-IP="84.138.91.166:60496" X-SITE-DEPLOYMENT-ID="LA-Zeiterfassung" WAS-DEFAULT-HOSTNAME="la-zeiterfassung-fyd4cge3d9e3cac4.scm.germanywestcentral-01.azurewebsites.net" X-Forwarded-Proto="https" X-AppService-Proto="https" X-Forwarded-TlsVersion="1.3" X-WAWS-Unencoded-URL="/api/deployments/latest" X-Client-IP="84.138.91.166" X-Client-Port="60496" >
  <step title="Cleanup Xml Logs" date="2025-05-21T19:12:43.226" >
    <step title="Cleanup Infos" date="2025-05-21T19:12:43.240" totalFiles="286" totalCleanup="126" /><!-- duration: 3ms -->
  </step><!-- duration: 20ms -->
  <step title="DeploymentService.GetResult" date="2025-05-21T19:12:43.262" >
    <step title="DeploymentService.GetLatestDeployment" date="2025-05-21T19:12:43.264" >
      <step title="DeploymentManager.GetResults" date="2025-05-21T19:12:43.267" /><!-- duration: 510ms -->
    </step><!-- duration: 521ms -->
  </step><!-- duration: 525ms -->
  <step title="Outgoing response" date="2025-05-21T19:12:43.791" type="response" statusCode="202" statusText="Accepted" /><!-- duration: 7ms -->
</step><!-- duration: 579ms -->
