<step title="Incoming Request" date="2025-07-31T18:18:15.610" instance="a45adb" url="/api/zipdeploy?isAsync=true" method="POST" type="request" pid="769,1,67" Accept="*/*" Host="la-zeiterfassung-fyd4cge3d9e3cac4.scm.azurewebsites.net" User-Agent="AZURECLI/2.75.0 (HOMEBREW)" Accept-Encoding="gzip, deflate" Authorization="Bas..." Cache-Control="no-cache" Content-Type="application/octet-stream" Cookie="ARRAffinity=a45adbe19489ea2b14e790f681e17ad6f03a5528ca730625ec513d016d2b4c91; ARRAffinitySameSite=a45adbe19489ea2b14e790f681e17ad6f03a5528ca730625ec513d016d2b4c91" Content-Length="33863" x-ms-client-request-id="b67692dc-6e3a-11f0-bd32-3ecdac25f1e6" x-ms-artifact-checksum="ff244f0fb4a1213a8b5703a541660e80d2794cdba939ceb221abfcd6e0401c6d" X-ARR-LOG-ID="b67692dc-6e3a-11f0-bd32-3ecdac25f1e6" CLIENT-IP="84.138.86.68:60367" X-SITE-DEPLOYMENT-ID="la-zeiterfassung-fyd4cge3d9e3cac4" WAS-DEFAULT-HOSTNAME="la-zeiterfassung-fyd4cge3d9e3cac4.scm.azurewebsites.net" X-Forwarded-Proto="https" X-AppService-Proto="https" X-Forwarded-TlsVersion="1.3" X-WAWS-Unencoded-URL="/api/zipdeploy?isAsync=true" X-Client-IP="84.138.86.68" X-Client-Port="60367" >
  <step title="ZipPushDeploy" date="2025-07-31T18:18:15.628" >
    <step title="ZipDeploy. Extract zip. Remote build." date="2025-07-31T18:18:15.636" /><!-- duration: 4ms -->
    <step title="Starting PushDeployAsync" date="2025-07-31T18:18:15.647" /><!-- duration: 3ms -->
    <step title="Writing artifact to /tmp/zipdeploy/4a44ae7f-cd86-47ad-af88-b7f1720b26ab.zip" date="2025-07-31T18:18:15.662" >
      <step title="Writing multipart request body to /tmp/zipdeploy/4a44ae7f-cd86-47ad-af88-b7f1720b26ab.zip" date="2025-07-31T18:18:15.665" /><!-- duration: 4ms -->
    </step><!-- duration: 57ms -->
    <step title="Removing previous build artifact&apos;s manifest file" date="2025-07-31T18:18:15.724" >
      <step title="Start deployment in the background" date="2025-07-31T18:18:15.742" >
        <step title="Acquiring Deployment Lock" date="2025-07-31T18:18:15.755" /><!-- duration: 3ms -->
        <step title="Acquired Deployment Lock" date="2025-07-31T18:18:15.784" /><!-- duration: 3ms -->
      </step><!-- duration: 160ms -->
    </step><!-- duration: 184ms -->
    <step title="Outgoing response" date="2025-07-31T18:18:15.914" type="response" statusCode="202" statusText="Accepted" /><!-- duration: 3ms -->
  </step><!-- duration: 292ms -->
