<step title="Incoming Request" date="2025-05-21T16:59:18.689" instance="e0f283" url="/api/deployments/latest?deployer=ms-azuretools-vscode&amp;time=2025-05-21_16-59-16Z" method="GET" type="request" pid="768,1,19" Host="la-zeiterfassung-fyd4cge3d9e3cac4.scm.germanywestcentral-01.azurewebsites.net" User-Agent="vscode-azureappservice/0.26.1 core-rest-pipeline/1.19.1 Node/20.19.0 OS/(arm64-Darwin-24.3.0)" Accept-Encoding="gzip,deflate" Accept-Language="de" Authorization="Bea..." x-ms-correlation-request-id="cf790af7-f24f-4d5c-8cc6-d1026d59ffe9" x-ms-client-request-id="ad99fbc1-2518-4156-87cd-32d29adb11d9" X-ARR-LOG-ID="ad99fbc1-2518-4156-87cd-32d29adb11d9" CLIENT-IP="84.138.91.166:63715" X-SITE-DEPLOYMENT-ID="LA-Zeiterfassung" WAS-DEFAULT-HOSTNAME="la-zeiterfassung-fyd4cge3d9e3cac4.scm.germanywestcentral-01.azurewebsites.net" X-Forwarded-Proto="https" X-AppService-Proto="https" X-Forwarded-TlsVersion="1.3" X-WAWS-Unencoded-URL="/api/deployments/latest?deployer=ms-azuretools-vscode&amp;time=2025-05-21_16-59-16Z" X-Client-IP="84.138.91.166" X-Client-Port="63715" >
  <step title="Cleanup Xml Logs" date="2025-05-21T16:59:18.700" /><!-- duration: 7ms -->
  <step title="DeploymentService.GetResult" date="2025-05-21T16:59:18.712" >
    <step title="DeploymentService.GetLatestDeployment" date="2025-05-21T16:59:18.714" >
      <step title="DeploymentManager.GetResults" date="2025-05-21T16:59:18.718" /><!-- duration: 202ms -->
      <step title="Deployment temp-8689fae2 is Pending" date="2025-05-21T16:59:18.922" /><!-- duration: 2ms -->
    </step><!-- duration: 212ms -->
  </step><!-- duration: 217ms -->
  <step title="Outgoing response" date="2025-05-21T16:59:18.932" type="response" statusCode="202" statusText="Accepted" /><!-- duration: 2ms -->
</step><!-- duration: 246ms -->
