<step title="Incoming Request" date="2025-07-29T07:01:36.231" instance="a45adb" url="/api/publish?type=zip" method="POST" type="request" pid="769,1,25" Accept="*/*" Host="la-zeiterfassung-fyd4cge3d9e3cac4.scm.azurewebsites.net" User-Agent="AZURECLI/2.75.0 (HOMEBREW)" Accept-Encoding="gzip, deflate" Authorization="Bas..." Cache-Control="no-cache" Content-Type="application/octet-stream" Cookie="ARRAffinity=a45adbe19489ea2b14e790f681e17ad6f03a5528ca730625ec513d016d2b4c91; ARRAffinitySameSite=a45adbe19489ea2b14e790f681e17ad6f03a5528ca730625ec513d016d2b4c91" Content-Length="3970" x-ms-client-request-id="d8b606a4-6c49-11f0-9723-3ecdac25f1e6" x-ms-artifact-checksum="32220411bb40c416aee9566a6a013b65733415ac12df069f81a51ef90b57a3d6" X-ARR-LOG-ID="d8b606a4-6c49-11f0-9723-3ecdac25f1e6" CLIENT-IP="84.138.86.68:64909" X-SITE-DEPLOYMENT-ID="la-zeiterfassung-fyd4cge3d9e3cac4" WAS-DEFAULT-HOSTNAME="la-zeiterfassung-fyd4cge3d9e3cac4.scm.azurewebsites.net" X-Forwarded-Proto="https" X-AppService-Proto="https" X-Forwarded-TlsVersion="1.3" X-WAWS-Unencoded-URL="/api/publish?type=zip" X-Client-IP="84.138.86.68" X-Client-Port="64909" >
  <step title="OneDeploy" date="2025-07-29T07:01:36.252" >
    <step title="Starting PushDeployAsync" date="2025-07-29T07:01:36.268" /><!-- duration: 3ms -->
    <step title="Writing artifact to /tmp/zipdeploy/d1d8ad09-dd53-4dc2-b2fe-30591f8c7688.zip" date="2025-07-29T07:01:36.290" >
      <step title="Writing multipart request body to /tmp/zipdeploy/d1d8ad09-dd53-4dc2-b2fe-30591f8c7688.zip" date="2025-07-29T07:01:36.308" /><!-- duration: 29ms -->
    </step><!-- duration: 101ms -->
    <step title="Removing previous build artifact&apos;s manifest file" date="2025-07-29T07:01:36.410" >
      <step title="Attempting to fetch target branch HEAD" date="2025-07-29T07:01:36.429" /><!-- duration: 10ms -->
      <step title="Acquiring Deployment Lock" date="2025-07-29T07:01:36.457" /><!-- duration: 3ms -->
      <step title="Acquired Deployment Lock" date="2025-07-29T07:01:36.497" /><!-- duration: 3ms -->
      <step title="Performing fetch based deployment" date="2025-07-29T07:01:36.508" >
        <step title="Creating temporary deployment" date="2025-07-29T07:01:36.519" /><!-- duration: 125ms -->
        <step title="Releasing Deployment Lock" date="2025-07-29T07:01:37.865" /><!-- duration: 6ms -->
        <step title="Cleaning up temp folders from previous zip deployments and extracting pushed zip file /tmp/zipdeploy/d1d8ad09-dd53-4dc2-b2fe-30591f8c7688.zip (0.00 MB) to /tmp/zipdeploy/extracted" date="2025-07-29T07:01:37.899" >
          <step title="ChmodRecursive Process exited with total time taken in ms: 111" date="2025-07-29T07:01:38.062" /><!-- duration: 27ms -->
        </step><!-- duration: 199ms -->
        <step title="None repository commit" date="2025-07-29T07:01:38.128" >
          <step title="Commit id: 6239e892-437f-4adf-a8fa-de5c19b285f1" date="2025-07-29T07:01:38.148" Message="OneDeploy" AuthorName="N/A" AuthorEmail="N/A" /><!-- duration: 11ms -->
        </step><!-- duration: 39ms -->
        <step title="Deployment timer started" date="2025-07-29T07:01:40.179" >
          <step title="DeploymentManager.Deploy(id:6239e892-437f-4adf-a8fa-de5c19b285f1)" date="2025-07-29T07:01:40.187" >
            <step title="Collecting changeset information" date="2025-07-29T07:01:40.210" /><!-- duration: 111ms -->
            <step title="Updating submodules" date="2025-07-29T07:01:40.326" /><!-- duration: 1117ms -->
            <step title="Determining deployment builder" date="2025-07-29T07:01:41.645" >
              <step title="Builder is OryxBuilder" date="2025-07-29T07:01:41.657" /><!-- duration: 2ms -->
            </step><!-- duration: 18ms -->
            <step title="PreDeployment: context.CleanOutputPath False" date="2025-07-29T07:01:41.718" >
              <step title="PreDeployment: context.OutputPath /home/site/wwwroot" date="2025-07-29T07:01:41.823" >
                <step title="Building" date="2025-07-29T07:01:41.954" >
                  <step title="Executing external process" date="2025-07-29T07:01:42.347" type="process" path="bash" arguments="-c &quot;oryx build /tmp/zipdeploy/extracted -o /home/site/wwwroot --platform python --platform-version 3.11 -p virtualenv_name=antenv --log-file /tmp/build-debug.log  -i /tmp/8ddce6dc57ed04a --compress-destination-dir | tee /tmp/oryx-build.log ; exit $PIPESTATUS &quot;" /><!-- duration: 67943ms -->
                  <step title="Using PythonDeploymentLogParser" date="2025-07-29T07:02:50.734" /><!-- duration: 4ms -->
                  <step title="Modified file to trigger a restart of the app container." date="2025-07-29T07:02:51.800" /><!-- duration: 4ms -->
                  <step title="Skip function trigger and logicapp sync because function is not enabled." date="2025-07-29T07:02:51.812" /><!-- duration: 9ms -->
                  <step title="Purge deployment items" date="2025-07-29T07:02:52.764" >
                    <step title="Remove a5060fdd-, Success, received at 07/28/2025 22:52:01" date="2025-07-29T07:02:52.813" /><!-- duration: 4ms -->
                  </step><!-- duration: 57ms -->
                </step><!-- duration: 70930ms -->
              </step><!-- duration: 71066ms -->
              <step title="Cleaning up temp files" date="2025-07-29T07:02:52.892" /><!-- duration: 1794ms -->
              <step title="Cleaning up temp files" date="2025-07-29T07:02:54.697" /><!-- duration: 508ms -->
              <step title="Reloading status file with latest updates" date="2025-07-29T07:02:55.234" >
                <step title="WebHooksManager.PublishEventAsync: PostDeployment" date="2025-07-29T07:02:55.238" /><!-- duration: 64ms -->
              </step><!-- duration: 71ms -->
              <step title="Cleaning up temporary deployment - fetch deployment was successful" date="2025-07-29T07:02:55.311" /><!-- duration: 3ms -->
            </step><!-- duration: 73652ms -->
          </step><!-- duration: 75187ms -->
          <step title="Outgoing response" date="2025-07-29T07:02:55.398" type="response" statusCode="200" statusText="OK" /><!-- duration: 4ms -->
        </step><!-- duration: 75226ms -->
