<step title="Incoming Request" date="2025-05-21T19:28:12.397" instance="e0f283" url="/api/deployments/latest" method="GET" type="request" pid="769,1,24" Host="la-zeiterfassung-fyd4cge3d9e3cac4.scm.germanywestcentral-01.azurewebsites.net" User-Agent="vscode-azureappservice/0.26.1 core-rest-pipeline/1.19.1 Node/20.19.0 OS/(arm64-Darwin-24.3.0)" Accept-Encoding="gzip,deflate" Accept-Language="de" Authorization="Bea..." x-ms-correlation-request-id="7235e766-8e9a-44d6-85ed-b3a8c2652bc2" x-ms-client-request-id="312ac979-79fa-488a-ad21-24d45b709ac0" X-ARR-LOG-ID="312ac979-79fa-488a-ad21-24d45b709ac0" CLIENT-IP="84.138.91.166:62504" X-SITE-DEPLOYMENT-ID="LA-Zeiterfassung" WAS-DEFAULT-HOSTNAME="la-zeiterfassung-fyd4cge3d9e3cac4.scm.germanywestcentral-01.azurewebsites.net" X-Forwarded-Proto="https" X-AppService-Proto="https" X-Forwarded-TlsVersion="1.3" X-WAWS-Unencoded-URL="/api/deployments/latest" X-Client-IP="84.138.91.166" X-Client-Port="62504" >
  <step title="Cleanup Xml Logs" date="2025-05-21T19:28:12.407" >
    <step title="Cleanup Infos" date="2025-05-21T19:28:12.420" totalFiles="313" totalCleanup="153" /><!-- duration: 3ms -->
  </step><!-- duration: 19ms -->
  <step title="DeploymentService.GetResult" date="2025-05-21T19:28:12.432" >
    <step title="DeploymentService.GetLatestDeployment" date="2025-05-21T19:28:12.434" >
      <step title="DeploymentManager.GetResults" date="2025-05-21T19:28:12.437" /><!-- duration: 610ms -->
    </step><!-- duration: 715ms -->
  </step><!-- duration: 739ms -->
  <step title="Outgoing response" date="2025-05-21T19:28:13.200" type="response" statusCode="202" statusText="Accepted" /><!-- duration: 21ms -->
</step><!-- duration: 873ms -->
