<step title="Incoming Request" date="2025-05-21T17:49:20.870" instance="e0f283" url="/api/zipdeploy?author=ms-azuretools-vscode&amp;deployer=ms-azuretools-vscode&amp;isAsync=true&amp;trackDeploymentId=true" method="POST" type="request" pid="776,1,3" Host="la-zeiterfassung-fyd4cge3d9e3cac4.scm.germanywestcentral-01.azurewebsites.net" User-Agent="vscode-azureappservice/0.26.1 core-rest-pipeline/1.19.1 Node/20.19.0 OS/(arm64-Darwin-24.3.0)" Accept-Encoding="gzip,deflate" Accept-Language="de" Authorization="Bea..." Transfer-Encoding="chunked" x-ms-correlation-request-id="69452467-8b77-48a6-af8b-8ffb5364b0ea" x-ms-client-request-id="392b1d00-1cc9-4559-8034-c24d5bc2bf5f" X-ARR-LOG-ID="392b1d00-1cc9-4559-8034-c24d5bc2bf5f" CLIENT-IP="84.138.91.166:65066" X-SITE-DEPLOYMENT-ID="LA-Zeiterfassung" WAS-DEFAULT-HOSTNAME="la-zeiterfassung-fyd4cge3d9e3cac4.scm.germanywestcentral-01.azurewebsites.net" X-Forwarded-Proto="https" X-AppService-Proto="https" X-Forwarded-TlsVersion="1.3" X-WAWS-Unencoded-URL="/api/zipdeploy?author=ms-azuretools-vscode&amp;deployer=ms-azuretools-vscode&amp;isAsync=true&amp;trackDeploymentId=true" X-Client-IP="84.138.91.166" X-Client-Port="65066" >
  <step title="Cleanup Xml Logs" date="2025-05-21T17:49:20.873" /><!-- duration: 10ms -->
  <step title="ZipPushDeploy" date="2025-05-21T17:49:20.932" >
    <step title="ZipDeploy. Extract zip." date="2025-05-21T17:49:20.986" /><!-- duration: 9ms -->
    <step title="Starting PushDeployAsync" date="2025-05-21T17:49:21.026" /><!-- duration: 9ms -->
    <step title="Error occurred" date="2025-05-21T17:49:21.064" type="error" text="Error removing symlink: Path doesn&apos;t exist!" stackTrace="   at Mono.Unix.UnixFileSystemInfo.AssertValid()
   at Mono.Unix.UnixFileSystemInfo.get_FileType()
   at Kudu.Services.Deployment.PushDeploymentController.PushDeployAsync(ArtifactDeploymentInfo deploymentInfo, Boolean isAsync, HttpContext context, JObject requestJson) in /tmp/KuduLite/Kudu.Services/Deployment/PushDeploymentController.cs:line 740" /><!-- duration: 2ms -->
    <step title="Writing artifact to /tmp/zipdeploy/ffb2cb7b-1c3d-4bf8-9604-6894338a0090.zip" date="2025-05-21T17:49:21.075" >
      <step title="Writing multipart request body to /tmp/zipdeploy/ffb2cb7b-1c3d-4bf8-9604-6894338a0090.zip" date="2025-05-21T17:49:21.094" /><!-- duration: 13ms -->
    </step><!-- duration: 61ms -->
    <step title="Removing previous build artifact&apos;s manifest file" date="2025-05-21T17:49:21.165" >
      <step title="Start deployment in the background" date="2025-05-21T17:49:21.266" >
        <step title="Acquiring Deployment Lock" date="2025-05-21T17:49:21.305" /><!-- duration: 2ms -->
        <step title="Acquired Deployment Lock" date="2025-05-21T17:49:21.338" /><!-- duration: 4ms -->
      </step><!-- duration: 177ms -->
    </step><!-- duration: 282ms -->
    <step title="Outgoing response" date="2025-05-21T17:49:21.454" type="response" statusCode="202" statusText="Accepted" /><!-- duration: 4ms -->
  </step><!-- duration: 530ms -->
