<step title="BackgroundTrace" date="2025-07-31T18:21:25.339" instance="a45adb" url="/api/zipdeploy" method="POST" >
  <step title="Creating temporary deployment - FetchDeploymentManager" date="2025-07-31T18:21:25.399" /><!-- duration: 7ms -->
  <step title="Creating temporary deployment" date="2025-07-31T18:21:25.415" /><!-- duration: 75ms -->
  <step title="Performing fetch based deployment" date="2025-07-31T18:21:25.521" >
    <step title="Cleaning up temp folders from previous zip deployments and extracting pushed zip file /tmp/zipdeploy/862e0f05-9efe-4224-b3a4-7b8c36521b5c.zip (0.03 MB) to /tmp/zipdeploy/extracted" date="2025-07-31T18:21:26.664" >
      <step title="ChmodRecursive Process exited with total time taken in ms: 54" date="2025-07-31T18:21:26.773" /><!-- duration: 28ms -->
    </step><!-- duration: 156ms -->
    <step title="Deployment timer started" date="2025-07-31T18:21:28.836" >
      <step title="DeploymentManager.Deploy(id:b6a2c71e-85b9-4dcf-aef2-8c12c1a20645)" date="2025-07-31T18:21:28.847" >
        <step title="Collecting changeset information" date="2025-07-31T18:21:28.888" /><!-- duration: 109ms -->
        <step title="Updating submodules" date="2025-07-31T18:21:29.004" /><!-- duration: 1149ms -->
        <step title="Determining deployment builder" date="2025-07-31T18:21:31.317" >
          <step title="Builder is OryxBuilder" date="2025-07-31T18:21:31.375" /><!-- duration: 31ms -->
        </step><!-- duration: 109ms -->
        <step title="PreDeployment: context.CleanOutputPath False" date="2025-07-31T18:21:31.537" >
          <step title="PreDeployment: context.OutputPath /home/site/wwwroot" date="2025-07-31T18:21:31.768" >
            <step title="Building" date="2025-07-31T18:21:31.971" >
              <step title="Executing external process" date="2025-07-31T18:21:32.782" type="process" path="bash" arguments="-c &quot;oryx build /tmp/zipdeploy/extracted -o /home/site/wwwroot --platform python --platform-version 3.11 -p virtualenv_name=antenv --log-file /tmp/build-debug.log  -i /tmp/8ddd05f12ebe1cb --compress-destination-dir | tee /tmp/oryx-build.log ; exit $PIPESTATUS &quot;" /><!-- duration: 83758ms -->
              <step title="Using PythonDeploymentLogParser" date="2025-07-31T18:22:56.994" /><!-- duration: 10ms -->
              <step title="Triggering recycle (preview mode disabled)." date="2025-07-31T18:22:57.975" /><!-- duration: 10ms -->
              <step title="Modified file to trigger a restart of the app container." date="2025-07-31T18:22:58.014" /><!-- duration: 3ms -->
              <step title="Skip function trigger and logicapp sync because function is not enabled." date="2025-07-31T18:22:58.026" /><!-- duration: 5ms -->
              <step title="Purge deployment items" date="2025-07-31T18:22:59.011" >
                <step title="Remove 4b7bc24d-, Success, received at 07/31/2025 14:03:50" date="2025-07-31T18:22:59.084" /><!-- duration: 3ms -->
              </step><!-- duration: 86ms -->
            </step><!-- duration: 87215ms -->
          </step><!-- duration: 87426ms -->
          <step title="Cleaning up temp files" date="2025-07-31T18:22:59.201" /><!-- duration: 1993ms -->
          <step title="Cleaning up temp files" date="2025-07-31T18:23:01.207" /><!-- duration: 510ms -->
          <step title="Reloading status file with latest updates" date="2025-07-31T18:23:01.777" >
            <step title="WebHooksManager.PublishEventAsync: PostDeployment" date="2025-07-31T18:23:01.788" /><!-- duration: 34ms -->
          </step><!-- duration: 47ms -->
          <step title="Cleaning up temporary deployment - fetch deployment was successful" date="2025-07-31T18:23:01.829" /><!-- duration: 3ms -->
        </step><!-- duration: 90352ms -->
      </step><!-- duration: 93060ms -->
