<step title="Incoming Request" date="2025-07-28T22:51:56.522" instance="a45adb" url="/api/zipdeploy" method="POST" type="request" pid="769,1,16" Accept="*/*" Host="la-zeiterfassung-fyd4cge3d9e3cac4.scm.azurewebsites.net" User-Agent="curl/8.7.1" Authorization="Bea..." Content-Type="application/zip" Content-Length="19844" X-ARR-LOG-ID="fd97a32b-fca4-4dba-9339-f18287011b50" CLIENT-IP="84.138.86.68:62453" X-SITE-DEPLOYMENT-ID="la-zeiterfassung-fyd4cge3d9e3cac4" WAS-DEFAULT-HOSTNAME="la-zeiterfassung-fyd4cge3d9e3cac4.scm.azurewebsites.net" X-Forwarded-Proto="https" X-AppService-Proto="https" X-Forwarded-TlsVersion="1.3" X-WAWS-Unencoded-URL="/api/zipdeploy" X-Client-IP="84.138.86.68" X-Client-Port="62453" >
  <step title="Cleanup Xml Logs" date="2025-07-28T22:51:56.532" /><!-- duration: 21ms -->
  <step title="ZipPushDeploy" date="2025-07-28T22:51:56.643" >
    <step title="ZipDeploy. Extract zip. Remote build." date="2025-07-28T22:51:56.723" /><!-- duration: 20ms -->
    <step title="Starting PushDeployAsync" date="2025-07-28T22:51:56.764" /><!-- duration: 10ms -->
    <step title="Writing artifact to /tmp/zipdeploy/fa8282a6-5bf2-4510-a1df-1fc8b24797be.zip" date="2025-07-28T22:51:56.835" >
      <step title="Writing multipart request body to /tmp/zipdeploy/fa8282a6-5bf2-4510-a1df-1fc8b24797be.zip" date="2025-07-28T22:51:56.852" /><!-- duration: 29ms -->
    </step><!-- duration: 88ms -->
    <step title="Removing previous build artifact&apos;s manifest file" date="2025-07-28T22:51:56.954" >
      <step title="Attempting to fetch target branch HEAD" date="2025-07-28T22:51:57.056" /><!-- duration: 57ms -->
      <step title="Acquiring Deployment Lock" date="2025-07-28T22:51:57.184" /><!-- duration: 39ms -->
      <step title="Acquired Deployment Lock" date="2025-07-28T22:51:57.317" /><!-- duration: 27ms -->
      <step title="Performing fetch based deployment" date="2025-07-28T22:51:57.426" >
        <step title="Creating temporary deployment" date="2025-07-28T22:51:57.444" /><!-- duration: 172ms -->
        <step title="Releasing Deployment Lock" date="2025-07-28T22:51:58.944" /><!-- duration: 19ms -->
        <step title="Cleaning up temp folders from previous zip deployments and extracting pushed zip file /tmp/zipdeploy/fa8282a6-5bf2-4510-a1df-1fc8b24797be.zip (0.02 MB) to /tmp/zipdeploy/extracted" date="2025-07-28T22:51:59.127" >
          <step title="ChmodRecursive Process exited with total time taken in ms: 150" date="2025-07-28T22:51:59.356" /><!-- duration: 11ms -->
        </step><!-- duration: 267ms -->
        <step title="None repository commit" date="2025-07-28T22:51:59.397" >
          <step title="Commit id: a5060fdd-b8ba-4509-bddd-a93345736afd" date="2025-07-28T22:51:59.415" Message="Created via a push deployment" AuthorName="N/A" AuthorEmail="N/A" /><!-- duration: 10ms -->
        </step><!-- duration: 38ms -->
        <step title="Deployment timer started" date="2025-07-28T22:52:01.452" >
          <step title="DeploymentManager.Deploy(id:a5060fdd-b8ba-4509-bddd-a93345736afd)" date="2025-07-28T22:52:01.474" >
            <step title="Collecting changeset information" date="2025-07-28T22:52:01.563" /><!-- duration: 402ms -->
            <step title="Updating submodules" date="2025-07-28T22:52:02.036" /><!-- duration: 1286ms -->
            <step title="Determining deployment builder" date="2025-07-28T22:52:03.951" >
              <step title="Builder is OryxBuilder" date="2025-07-28T22:52:04.062" /><!-- duration: 21ms -->
            </step><!-- duration: 170ms -->
            <step title="PreDeployment: context.CleanOutputPath False" date="2025-07-28T22:52:04.458" >
              <step title="PreDeployment: context.OutputPath /home/site/wwwroot" date="2025-07-28T22:52:04.890" >
                <step title="Building" date="2025-07-28T22:52:05.336" >
                  <step title="Executing external process" date="2025-07-28T22:52:06.395" type="process" path="bash" arguments="-c &quot;oryx build /tmp/zipdeploy/extracted -o /home/site/wwwroot --platform python --platform-version 3.11 -p virtualenv_name=antenv --log-file /tmp/build-debug.log  -i /tmp/8ddce295f22fde7 --compress-destination-dir | tee /tmp/oryx-build.log ; exit $PIPESTATUS &quot;" >
                    <step title="Cpu: python3.11(1525,14.160s)+python3.11(1524,0.250s)+python3.11(1523,0.240s)+build.sh(1453,0.060s)+oryx(1413,5.870s)+tee(1414,0.010s)+bash(1412,0.000s)=total(20.590s)" date="2025-07-28T22:54:01.021" /><!-- duration: 29ms -->
                    <step title="bash: no io activity for 60s, prev-cpu=-1.000s, current-cpu=20.590s" date="2025-07-28T22:54:01.082" /><!-- duration: 10ms -->
                    <step title="Cpu: python(1594,14.090s)+ts(1596,0.170s)+build.sh(1593,0.000s)+build.sh(1592,0.000s)+build.sh(1453,0.060s)+oryx(1413,6.370s)+tee(1414,0.010s)+bash(1412,0.000s)=total(20.670s)" date="2025-07-28T22:55:10.608" /><!-- duration: 26ms -->
                    <step title="bash: no io activity for 60s, prev-cpu=-1.000s, current-cpu=20.670s" date="2025-07-28T22:55:10.827" /><!-- duration: 19ms -->
                  </step><!-- duration: 262305ms -->
                  <step title="Using PythonDeploymentLogParser" date="2025-07-28T22:56:31.674" /><!-- duration: 19ms -->
                  <step title="Triggering recycle (preview mode disabled)." date="2025-07-28T22:56:32.993" /><!-- duration: 10ms -->
                  <step title="Modified file to trigger a restart of the app container." date="2025-07-28T22:56:33.026" /><!-- duration: 20ms -->
                  <step title="Skip function trigger and logicapp sync because function is not enabled." date="2025-07-28T22:56:33.056" /><!-- duration: 5ms -->
                </step><!-- duration: 268538ms -->
              </step><!-- duration: 268989ms -->
              <step title="Cleaning up temp files" date="2025-07-28T22:56:33.886" /><!-- duration: 2108ms -->
              <step title="Cleaning up temp files" date="2025-07-28T22:56:36.004" /><!-- duration: 504ms -->
              <step title="Reloading status file with latest updates" date="2025-07-28T22:56:36.547" >
                <step title="WebHooksManager.PublishEventAsync: PostDeployment" date="2025-07-28T22:56:36.551" /><!-- duration: 23ms -->
              </step><!-- duration: 30ms -->
              <step title="Cleaning up temporary deployment - fetch deployment was successful" date="2025-07-28T22:56:36.582" /><!-- duration: 3ms -->
            </step><!-- duration: 272172ms -->
          </step><!-- duration: 275167ms -->
          <step title="Outgoing response" date="2025-07-28T22:56:36.651" type="response" statusCode="200" statusText="OK" /><!-- duration: 10ms -->
        </step><!-- duration: 275218ms -->
