<step title="BackgroundTrace" date="2025-05-21T18:36:07.706" instance="e0f283" url="/api/zipdeploy" method="POST" >
  <step title="Creating temporary deployment - FetchDeploymentManager" date="2025-05-21T18:36:07.794" /><!-- duration: 3ms -->
  <step title="Creating temporary deployment" date="2025-05-21T18:36:07.802" /><!-- duration: 90ms -->
  <step title="Performing fetch based deployment" date="2025-05-21T18:36:07.917" >
    <step title="Cleaning up temp folders from previous zip deployments and extracting pushed zip file /tmp/zipdeploy/ba4b41eb-0fcd-4266-adc4-c62da1101526.zip (0.01 MB) to /tmp/zipdeploy/extracted" date="2025-05-21T18:36:09.079" >
      <step title="ChmodRecursive Process exited with total time taken in ms: 71" date="2025-05-21T18:36:09.231" /><!-- duration: 10ms -->
    </step><!-- duration: 173ms -->
    <step title="Deployment timer started" date="2025-05-21T18:36:11.310" >
      <step title="DeploymentManager.Deploy(id:61fb0465-b999-457c-88ba-3b9641815dca)" date="2025-05-21T18:36:11.316" >
        <step title="Collecting changeset information" date="2025-05-21T18:36:11.364" /><!-- duration: 134ms -->
        <step title="Updating submodules" date="2025-05-21T18:36:11.516" /><!-- duration: 1142ms -->
        <step title="Determining deployment builder" date="2025-05-21T18:36:12.844" >
          <step title="Builder is OryxBuilder" date="2025-05-21T18:36:12.873" /><!-- duration: 10ms -->
        </step><!-- duration: 41ms -->
        <step title="PreDeployment: context.CleanOutputPath False" date="2025-05-21T18:36:12.946" >
          <step title="PreDeployment: context.OutputPath /home/site/wwwroot" date="2025-05-21T18:36:13.050" >
            <step title="Building" date="2025-05-21T18:36:13.781" >
              <step title="Executing external process" date="2025-05-21T18:36:14.105" type="process" path="bash" arguments="-c &quot;oryx build /tmp/zipdeploy/extracted -o /home/site/wwwroot --platform python --platform-version 3.11 -p virtualenv_name=antenv --log-file /tmp/build-debug.log  -i /tmp/8dd98965cfad930 --compress-destination-dir | tee /tmp/oryx-build.log ; exit $PIPESTATUS &quot;" /><!-- duration: 58130ms -->
              <step title="Using PythonDeploymentLogParser" date="2025-05-21T18:37:12.748" /><!-- duration: 21ms -->
              <step title="Triggering recycle (preview mode disabled)." date="2025-05-21T18:37:14.459" /><!-- duration: 29ms -->
              <step title="Modified file to trigger a restart of the app container." date="2025-05-21T18:37:14.580" /><!-- duration: 21ms -->
              <step title="Skip function trigger and logicapp sync because function is not enabled." date="2025-05-21T18:37:14.628" /><!-- duration: 20ms -->
              <step title="Purge deployment items" date="2025-05-21T18:37:16.318" >
                <step title="Remove eb29dc32-, Success, received at 05/21/2025 17:39:54" date="2025-05-21T18:37:16.438" /><!-- duration: 18ms -->
              </step><!-- duration: 150ms -->
            </step><!-- duration: 62812ms -->
          </step><!-- duration: 63546ms -->
          <step title="Cleaning up temp files" date="2025-05-21T18:37:16.599" /><!-- duration: 594ms -->
          <step title="Cleaning up temp files" date="2025-05-21T18:37:17.253" /><!-- duration: 817ms -->
          <step title="Reloading status file with latest updates" date="2025-05-21T18:37:18.320" >
            <step title="WebHooksManager.PublishEventAsync: PostDeployment" date="2025-05-21T18:37:18.340" /><!-- duration: 124ms -->
          </step><!-- duration: 184ms -->
          <step title="Cleaning up temporary deployment - fetch deployment was successful" date="2025-05-21T18:37:18.531" /><!-- duration: 11ms -->
        </step><!-- duration: 65746ms -->
      </step><!-- duration: 67449ms -->
