<step title="BackgroundTrace" date="2025-07-31T20:43:41.644" instance="a45adb" url="/api/zipdeploy" method="POST" >
  <step title="Creating temporary deployment - FetchDeploymentManager" date="2025-07-31T20:43:41.815" /><!-- duration: 5ms -->
  <step title="Creating temporary deployment" date="2025-07-31T20:43:41.839" /><!-- duration: 111ms -->
  <step title="Performing fetch based deployment" date="2025-07-31T20:43:42.039" >
    <step title="Cleaning up temp folders from previous zip deployments and extracting pushed zip file /tmp/zipdeploy/3322ead8-bc53-40ab-a9e1-981075bffce4.zip (0.39 MB) to /tmp/zipdeploy/extracted" date="2025-07-31T20:43:43.215" >
      <step title="ChmodRecursive Process exited with total time taken in ms: 88" date="2025-07-31T20:43:43.484" /><!-- duration: 19ms -->
    </step><!-- duration: 292ms -->
    <step title="Deployment timer started" date="2025-07-31T20:43:45.542" >
      <step title="DeploymentManager.Deploy(id:1ac43083-57a7-4c4c-a077-44529a8f5b5e)" date="2025-07-31T20:43:45.553" >
        <step title="Collecting changeset information" date="2025-07-31T20:43:45.583" /><!-- duration: 110ms -->
        <step title="Updating submodules" date="2025-07-31T20:43:45.702" /><!-- duration: 1165ms -->
        <step title="Determining deployment builder" date="2025-07-31T20:43:47.138" >
          <step title="Builder is OryxBuilder" date="2025-07-31T20:43:47.172" /><!-- duration: 10ms -->
        </step><!-- duration: 54ms -->
        <step title="PreDeployment: context.CleanOutputPath False" date="2025-07-31T20:43:47.247" >
          <step title="PreDeployment: context.OutputPath /home/site/wwwroot" date="2025-07-31T20:43:47.382" >
            <step title="Building" date="2025-07-31T20:43:47.530" >
              <step title="Executing external process" date="2025-07-31T20:43:48.099" type="process" path="bash" arguments="-c &quot;oryx build /tmp/zipdeploy/extracted -o /home/site/wwwroot --platform python --platform-version 3.11 -p virtualenv_name=antenv --log-file /tmp/build-debug.log  -i /tmp/8ddd072f2a1de30 --compress-destination-dir | tee /tmp/oryx-build.log ; exit $PIPESTATUS &quot;" /><!-- duration: 51836ms -->
              <step title="Using PythonDeploymentLogParser" date="2025-07-31T20:44:40.357" /><!-- duration: 4ms -->
              <step title="Triggering recycle (preview mode disabled)." date="2025-07-31T20:44:41.575" /><!-- duration: 5ms -->
              <step title="Modified file to trigger a restart of the app container." date="2025-07-31T20:44:41.625" /><!-- duration: 13ms -->
              <step title="Skip function trigger and logicapp sync because function is not enabled." date="2025-07-31T20:44:41.645" /><!-- duration: 3ms -->
              <step title="Purge deployment items" date="2025-07-31T20:44:42.753" >
                <step title="Remove 135eb03c-, Success, received at 07/31/2025 18:27:52" date="2025-07-31T20:44:42.812" /><!-- duration: 4ms -->
              </step><!-- duration: 66ms -->
            </step><!-- duration: 55359ms -->
          </step><!-- duration: 55514ms -->
          <step title="Cleaning up temp files" date="2025-07-31T20:44:42.900" /><!-- duration: 1838ms -->
          <step title="Cleaning up temp files" date="2025-07-31T20:44:44.745" /><!-- duration: 529ms -->
          <step title="Reloading status file with latest updates" date="2025-07-31T20:44:45.301" >
            <step title="WebHooksManager.PublishEventAsync: PostDeployment" date="2025-07-31T20:44:45.312" /><!-- duration: 43ms -->
          </step><!-- duration: 56ms -->
          <step title="Cleaning up temporary deployment - fetch deployment was successful" date="2025-07-31T20:44:45.364" /><!-- duration: 4ms -->
        </step><!-- duration: 58193ms -->
      </step><!-- duration: 59902ms -->
