<step title="Incoming Request" date="2025-07-29T12:19:11.678" instance="a45adb" url="/api/publish?type=zip" method="POST" type="request" pid="769,1,20" Accept="*/*" Host="la-zeiterfassung-fyd4cge3d9e3cac4.scm.azurewebsites.net" User-Agent="AZURECLI/2.75.0 (HOMEBREW)" Accept-Encoding="gzip, deflate" Authorization="Bas..." Cache-Control="no-cache" Content-Type="application/octet-stream" Cookie="ARRAffinity=a45adbe19489ea2b14e790f681e17ad6f03a5528ca730625ec513d016d2b4c91; ARRAffinitySameSite=a45adbe19489ea2b14e790f681e17ad6f03a5528ca730625ec513d016d2b4c91" Content-Length="20251" x-ms-client-request-id="365a03b0-6c76-11f0-a54b-3ecdac25f1e6" x-ms-artifact-checksum="a3c13bda912eda9a218c08e9f7355d9c0af632051e4c625ceaef16790657c50a" X-ARR-LOG-ID="365a03b0-6c76-11f0-a54b-3ecdac25f1e6" CLIENT-IP="84.138.86.68:60882" X-SITE-DEPLOYMENT-ID="la-zeiterfassung-fyd4cge3d9e3cac4" WAS-DEFAULT-HOSTNAME="la-zeiterfassung-fyd4cge3d9e3cac4.scm.azurewebsites.net" X-Forwarded-Proto="https" X-AppService-Proto="https" X-Forwarded-TlsVersion="1.3" X-WAWS-Unencoded-URL="/api/publish?type=zip" X-Client-IP="84.138.86.68" X-Client-Port="60882" >
  <step title="OneDeploy" date="2025-07-29T12:19:11.684" >
    <step title="Starting PushDeployAsync" date="2025-07-29T12:19:11.694" /><!-- duration: 3ms -->
    <step title="Writing artifact to /tmp/zipdeploy/13151ef7-8931-447b-a593-6a92efa643b9.zip" date="2025-07-29T12:19:11.705" >
      <step title="Writing multipart request body to /tmp/zipdeploy/13151ef7-8931-447b-a593-6a92efa643b9.zip" date="2025-07-29T12:19:11.708" /><!-- duration: 3ms -->
    </step><!-- duration: 137ms -->
    <step title="Removing previous build artifact&apos;s manifest file" date="2025-07-29T12:19:11.847" >
      <step title="Attempting to fetch target branch HEAD" date="2025-07-29T12:19:11.864" /><!-- duration: 3ms -->
      <step title="Acquiring Deployment Lock" date="2025-07-29T12:19:11.871" /><!-- duration: 8ms -->
      <step title="Acquired Deployment Lock" date="2025-07-29T12:19:11.913" /><!-- duration: 3ms -->
      <step title="Performing fetch based deployment" date="2025-07-29T12:19:11.924" >
        <step title="Creating temporary deployment" date="2025-07-29T12:19:11.927" /><!-- duration: 70ms -->
        <step title="Releasing Deployment Lock" date="2025-07-29T12:19:13.139" /><!-- duration: 9ms -->
        <step title="Cleaning up temp folders from previous zip deployments and extracting pushed zip file /tmp/zipdeploy/13151ef7-8931-447b-a593-6a92efa643b9.zip (0.02 MB) to /tmp/zipdeploy/extracted" date="2025-07-29T12:19:13.190" >
          <step title="ChmodRecursive Process exited with total time taken in ms: 73" date="2025-07-29T12:19:13.290" /><!-- duration: 9ms -->
        </step><!-- duration: 127ms -->
        <step title="None repository commit" date="2025-07-29T12:19:13.320" >
          <step title="Commit id: 017f153f-46af-42ca-8bc1-616fb89aa553" date="2025-07-29T12:19:13.340" Message="OneDeploy" AuthorName="N/A" AuthorEmail="N/A" /><!-- duration: 10ms -->
        </step><!-- duration: 39ms -->
        <step title="Deployment timer started" date="2025-07-29T12:19:15.364" >
          <step title="DeploymentManager.Deploy(id:017f153f-46af-42ca-8bc1-616fb89aa553)" date="2025-07-29T12:19:15.370" >
            <step title="Collecting changeset information" date="2025-07-29T12:19:15.400" /><!-- duration: 94ms -->
            <step title="Updating submodules" date="2025-07-29T12:19:15.513" /><!-- duration: 1151ms -->
            <step title="Determining deployment builder" date="2025-07-29T12:19:16.906" >
              <step title="Builder is OryxBuilder" date="2025-07-29T12:19:16.926" /><!-- duration: 4ms -->
            </step><!-- duration: 30ms -->
            <step title="PreDeployment: context.CleanOutputPath False" date="2025-07-29T12:19:16.996" >
              <step title="PreDeployment: context.OutputPath /home/site/wwwroot" date="2025-07-29T12:19:17.151" >
                <step title="Building" date="2025-07-29T12:19:17.284" >
                  <step title="Executing external process" date="2025-07-29T12:19:17.623" type="process" path="bash" arguments="-c &quot;oryx build /tmp/zipdeploy/extracted -o /home/site/wwwroot --platform python --platform-version 3.11 -p virtualenv_name=antenv --log-file /tmp/build-debug.log  -i /tmp/8ddce9a23554a4b --compress-destination-dir | tee /tmp/oryx-build.log ; exit $PIPESTATUS &quot;" /><!-- duration: 65162ms -->
                  <step title="Using PythonDeploymentLogParser" date="2025-07-29T12:20:23.157" /><!-- duration: 3ms -->
                  <step title="Modified file to trigger a restart of the app container." date="2025-07-29T12:20:24.582" /><!-- duration: 7ms -->
                  <step title="Skip function trigger and logicapp sync because function is not enabled." date="2025-07-29T12:20:24.595" /><!-- duration: 7ms -->
                  <step title="Purge deployment items" date="2025-07-29T12:20:25.587" >
                    <step title="Remove 978abf1e-, Success, received at 07/29/2025 09:07:53" date="2025-07-29T12:20:25.636" /><!-- duration: 3ms -->
                  </step><!-- duration: 55ms -->
                </step><!-- duration: 68439ms -->
              </step><!-- duration: 68576ms -->
              <step title="Cleaning up temp files" date="2025-07-29T12:20:25.730" /><!-- duration: 1951ms -->
              <step title="Cleaning up temp files" date="2025-07-29T12:20:27.688" /><!-- duration: 515ms -->
              <step title="Reloading status file with latest updates" date="2025-07-29T12:20:28.230" >
                <step title="WebHooksManager.PublishEventAsync: PostDeployment" date="2025-07-29T12:20:28.240" /><!-- duration: 39ms -->
              </step><!-- duration: 52ms -->
              <step title="Cleaning up temporary deployment - fetch deployment was successful" date="2025-07-29T12:20:28.286" /><!-- duration: 2ms -->
            </step><!-- duration: 71332ms -->
          </step><!-- duration: 72961ms -->
          <step title="Outgoing response" date="2025-07-29T12:20:28.338" type="response" statusCode="200" statusText="OK" /><!-- duration: 3ms -->
        </step><!-- duration: 72980ms -->
