<step title="Incoming Request" date="2025-07-31T19:21:57.141" instance="a45adb" url="/api/deployments/latest" method="GET" type="request" pid="769,1,47" Accept="*/*" Host="la-zeiterfassung-fyd4cge3d9e3cac4.scm.azurewebsites.net" User-Agent="AZURECLI/2.75.0 (HOMEBREW)" Accept-Encoding="gzip, deflate" Authorization="Bas..." x-ms-client-request-id="98804b3e-6e43-11f0-9e75-3ecdac25f1e6" X-ARR-LOG-ID="98804b3e-6e43-11f0-9e75-3ecdac25f1e6" CLIENT-IP="84.138.86.68:62244" X-SITE-DEPLOYMENT-ID="la-zeiterfassung-fyd4cge3d9e3cac4" WAS-DEFAULT-HOSTNAME="la-zeiterfassung-fyd4cge3d9e3cac4.scm.azurewebsites.net" X-Forwarded-Proto="https" X-AppService-Proto="https" X-Forwarded-TlsVersion="1.3" X-WAWS-Unencoded-URL="/api/deployments/latest" X-Client-IP="84.138.86.68" X-Client-Port="62244" >
  <step title="Cleanup Xml Logs" date="2025-07-31T19:21:57.173" >
    <step title="Cleanup Infos" date="2025-07-31T19:21:57.327" totalFiles="314" totalCleanup="154" /><!-- duration: 6ms -->
  </step><!-- duration: 166ms -->
  <step title="DeploymentService.GetResult" date="2025-07-31T19:21:57.370" >
    <step title="DeploymentService.GetLatestDeployment" date="2025-07-31T19:21:57.387" >
      <step title="DeploymentManager.GetResults" date="2025-07-31T19:21:57.391" /><!-- duration: 580ms -->
    </step><!-- duration: 589ms -->
  </step><!-- duration: 612ms -->
  <step title="Outgoing response" date="2025-07-31T19:21:57.993" type="response" statusCode="202" statusText="Accepted" /><!-- duration: 3ms -->
</step><!-- duration: 858ms -->
