<step title="BackgroundTrace" date="2025-07-31T19:24:21.979" instance="a45adb" url="/api/zipdeploy" method="POST" >
  <step title="Creating temporary deployment - FetchDeploymentManager" date="2025-07-31T19:24:22.203" /><!-- duration: 11ms -->
  <step title="Creating temporary deployment" date="2025-07-31T19:24:22.304" /><!-- duration: 181ms -->
  <step title="Performing fetch based deployment" date="2025-07-31T19:24:22.724" >
    <step title="Cleaning up temp folders from previous zip deployments and extracting pushed zip file /tmp/zipdeploy/cce224a3-04db-4042-9f28-ce7d0b39fc43.zip (0.00 MB) to /tmp/zipdeploy/extracted" date="2025-07-31T19:24:24.284" >
      <step title="ChmodRecursive Process exited with total time taken in ms: 440" date="2025-07-31T19:24:24.856" /><!-- duration: 44ms -->
    </step><!-- duration: 652ms -->
    <step title="Deployment timer started" date="2025-07-31T19:24:27.394" >
      <step title="DeploymentManager.Deploy(id:a5226d3d-ed82-4eeb-92e8-2e275bb80b07)" date="2025-07-31T19:24:27.425" >
        <step title="Collecting changeset information" date="2025-07-31T19:24:27.547" /><!-- duration: 2156ms -->
        <step title="Updating submodules" date="2025-07-31T19:24:29.874" /><!-- duration: 2031ms -->
        <step title="Determining deployment builder" date="2025-07-31T19:24:32.765" >
          <step title="Builder is OryxBuilder" date="2025-07-31T19:24:32.857" /><!-- duration: 98ms -->
        </step><!-- duration: 251ms -->
        <step title="PreDeployment: context.CleanOutputPath False" date="2025-07-31T19:24:33.310" >
          <step title="PreDeployment: context.OutputPath /home/site/wwwroot" date="2025-07-31T19:24:34.747" >
            <step title="Building" date="2025-07-31T19:24:34.906" >
              <step title="Executing external process" date="2025-07-31T19:24:35.197" type="process" path="bash" arguments="-c &quot;oryx build /tmp/zipdeploy/extracted -o /home/site/wwwroot --platform python --platform-version 3.11 -p virtualenv_name=antenv --log-file /tmp/build-debug.log  -i /tmp/8ddd067e0edad52 --compress-destination-dir | tee /tmp/oryx-build.log ; exit $PIPESTATUS &quot;" /><!-- duration: 45781ms -->
              <step title="Using PythonDeploymentLogParser" date="2025-07-31T19:25:21.355" /><!-- duration: 10ms -->
              <step title="Triggering recycle (preview mode disabled)." date="2025-07-31T19:25:22.664" /><!-- duration: 30ms -->
              <step title="Modified file to trigger a restart of the app container." date="2025-07-31T19:25:22.756" /><!-- duration: 31ms -->
              <step title="Skip function trigger and logicapp sync because function is not enabled." date="2025-07-31T19:25:22.815" /><!-- duration: 11ms -->
              <step title="Purge deployment items" date="2025-07-31T19:25:24.177" >
                <step title="Remove 566002a5-, Failed, received at 07/31/2025 19:22:47" date="2025-07-31T19:25:24.239" /><!-- duration: 5ms -->
                <step title="Remove 6ee2319d-, Success, received at 07/31/2025 15:03:31" date="2025-07-31T19:25:24.297" /><!-- duration: 4ms -->
              </step><!-- duration: 128ms -->
            </step><!-- duration: 49471ms -->
          </step><!-- duration: 49636ms -->
          <step title="Cleaning up temp files" date="2025-07-31T19:25:24.386" /><!-- duration: 1834ms -->
          <step title="Cleaning up temp files" date="2025-07-31T19:25:26.225" /><!-- duration: 513ms -->
          <step title="Reloading status file with latest updates" date="2025-07-31T19:25:26.770" >
            <step title="WebHooksManager.PublishEventAsync: PostDeployment" date="2025-07-31T19:25:26.787" /><!-- duration: 29ms -->
          </step><!-- duration: 48ms -->
          <step title="Cleaning up temporary deployment - fetch deployment was successful" date="2025-07-31T19:25:26.826" /><!-- duration: 3ms -->
        </step><!-- duration: 53571ms -->
      </step><!-- duration: 59473ms -->
