<step title="Incoming Request" date="2025-05-21T20:01:15.652" instance="e0f283" url="/api/deployments/latest?deployer=ms-azuretools-vscode&amp;time=2025-05-21_20-01-12Z" method="GET" type="request" pid="772,1,7" Host="la-zeiterfassung-fyd4cge3d9e3cac4.scm.germanywestcentral-01.azurewebsites.net" User-Agent="vscode-azureappservice/0.26.1 core-rest-pipeline/1.19.1 Node/20.19.0 OS/(arm64-Darwin-24.3.0)" Accept-Encoding="gzip,deflate" Accept-Language="de" Authorization="Bea..." x-ms-correlation-request-id="e2fdff24-57d5-4ebd-93d7-797da94c8366" x-ms-client-request-id="46d01c5d-4676-4d7e-81be-486c75d2a5d2" X-ARR-LOG-ID="46d01c5d-4676-4d7e-81be-486c75d2a5d2" CLIENT-IP="84.138.91.166:64030" X-SITE-DEPLOYMENT-ID="LA-Zeiterfassung" WAS-DEFAULT-HOSTNAME="la-zeiterfassung-fyd4cge3d9e3cac4.scm.germanywestcentral-01.azurewebsites.net" X-Forwarded-Proto="https" X-AppService-Proto="https" X-Forwarded-TlsVersion="1.3" X-WAWS-Unencoded-URL="/api/deployments/latest?deployer=ms-azuretools-vscode&amp;time=2025-05-21_20-01-12Z" X-Client-IP="84.138.91.166" X-Client-Port="64030" >
  <step title="Cleanup Xml Logs" date="2025-05-21T20:01:15.655" >
    <step title="Cleanup Infos" date="2025-05-21T20:01:15.667" totalFiles="331" totalCleanup="171" /><!-- duration: 3ms -->
  </step><!-- duration: 17ms -->
  <step title="DeploymentService.GetResult" date="2025-05-21T20:01:15.680" >
    <step title="DeploymentService.GetLatestDeployment" date="2025-05-21T20:01:15.701" >
      <step title="DeploymentManager.GetResults" date="2025-05-21T20:01:15.705" /><!-- duration: 438ms -->
    </step><!-- duration: 450ms -->
  </step><!-- duration: 482ms -->
  <step title="Outgoing response" date="2025-05-21T20:01:16.171" type="response" statusCode="202" statusText="Accepted" /><!-- duration: 20ms -->
</step><!-- duration: 550ms -->
