<step title="BackgroundTrace" date="2025-05-21T19:30:49.764" instance="e0f283" url="/api/zipdeploy" method="POST" >
  <step title="Creating temporary deployment - FetchDeploymentManager" date="2025-05-21T19:30:49.985" /><!-- duration: 2ms -->
  <step title="Creating temporary deployment" date="2025-05-21T19:30:49.994" /><!-- duration: 120ms -->
  <step title="Performing fetch based deployment" date="2025-05-21T19:30:50.528" >
    <step title="Cleaning up temp folders from previous zip deployments and extracting pushed zip file /tmp/zipdeploy/e12931bf-cd0f-44f0-b929-3a15298d5574.zip (0.02 MB) to /tmp/zipdeploy/extracted" date="2025-05-21T19:30:52.708" >
      <step title="ChmodRecursive Process exited with total time taken in ms: 252" date="2025-05-21T19:30:53.083" /><!-- duration: 37ms -->
    </step><!-- duration: 493ms -->
    <step title="Deployment timer started" date="2025-05-21T19:30:55.274" >
      <step title="DeploymentManager.Deploy(id:9a11eaef-5d9e-46fa-a121-42a7a55bb8d6)" date="2025-05-21T19:30:55.303" >
        <step title="Collecting changeset information" date="2025-05-21T19:30:55.395" /><!-- duration: 311ms -->
        <step title="Updating submodules" date="2025-05-21T19:30:55.737" /><!-- duration: 1247ms -->
        <step title="Determining deployment builder" date="2025-05-21T19:30:58.771" >
          <step title="Builder is OryxBuilder" date="2025-05-21T19:30:58.974" /><!-- duration: 39ms -->
        </step><!-- duration: 312ms -->
        <step title="PreDeployment: context.CleanOutputPath False" date="2025-05-21T19:30:59.296" >
          <step title="PreDeployment: context.OutputPath /home/site/wwwroot" date="2025-05-21T19:30:59.700" >
            <step title="Building" date="2025-05-21T19:31:00.272" >
              <step title="Executing external process" date="2025-05-21T19:31:02.131" type="process" path="bash" arguments="-c &quot;oryx build /tmp/zipdeploy/extracted -o /home/site/wwwroot --platform python --platform-version 3.11 -p virtualenv_name=antenv --log-file /tmp/build-debug.log  -i /tmp/8dd989e03b9f972 --compress-destination-dir | tee /tmp/oryx-build.log ; exit $PIPESTATUS &quot;" /><!-- duration: 185077ms -->
              <step title="Using PythonDeploymentLogParser" date="2025-05-21T19:34:07.604" /><!-- duration: 11ms -->
              <step title="Triggering recycle (preview mode disabled)." date="2025-05-21T19:34:08.438" /><!-- duration: 16ms -->
              <step title="Modified file to trigger a restart of the app container." date="2025-05-21T19:34:08.480" /><!-- duration: 10ms -->
              <step title="Skip function trigger and logicapp sync because function is not enabled." date="2025-05-21T19:34:08.512" /><!-- duration: 20ms -->
              <step title="Purge deployment items" date="2025-05-21T19:34:09.424" >
                <step title="Remove 6ee812c7-, Failed, received at 05/21/2025 19:28:05" date="2025-05-21T19:34:09.479" /><!-- duration: 8ms -->
                <step title="Remove temp-6a7c, Failed, received at 05/21/2025 19:28:01" date="2025-05-21T19:34:09.533" /><!-- duration: 3ms -->
                <step title="Remove 573313b6-, Success, received at 05/21/2025 17:55:59" date="2025-05-21T19:34:09.589" /><!-- duration: 4ms -->
              </step><!-- duration: 171ms -->
            </step><!-- duration: 189386ms -->
          </step><!-- duration: 189961ms -->
          <step title="Cleaning up temp files" date="2025-05-21T19:34:09.663" /><!-- duration: 416ms -->
          <step title="Cleaning up temp files" date="2025-05-21T19:34:10.089" /><!-- duration: 521ms -->
          <step title="Reloading status file with latest updates" date="2025-05-21T19:34:10.636" >
            <step title="WebHooksManager.PublishEventAsync: PostDeployment" date="2025-05-21T19:34:10.647" /><!-- duration: 106ms -->
          </step><!-- duration: 121ms -->
          <step title="Cleaning up temporary deployment - fetch deployment was successful" date="2025-05-21T19:34:10.763" /><!-- duration: 5ms -->
        </step><!-- duration: 191521ms -->
      </step><!-- duration: 195535ms -->
