<step title="Incoming Request" date="2025-05-21T21:14:20.635" instance="e0f283" url="/api/deployments/latest?deployer=ms-azuretools-vscode&amp;time=2025-05-21_21-14-16Z" method="GET" type="request" pid="770,1,37" Host="la-zeiterfassung-fyd4cge3d9e3cac4.scm.germanywestcentral-01.azurewebsites.net" User-Agent="vscode-azureappservice/0.26.1 core-rest-pipeline/1.19.1 Node/20.19.0 OS/(arm64-Darwin-24.3.0)" Accept-Encoding="gzip,deflate" Accept-Language="de" Authorization="Bea..." x-ms-correlation-request-id="ab2c096f-0480-4495-b17b-415789d3aeb3" x-ms-client-request-id="f5305c27-c36a-47f6-a490-73a01976a1c3" X-ARR-LOG-ID="f5305c27-c36a-47f6-a490-73a01976a1c3" CLIENT-IP="84.138.91.166:60304" X-SITE-DEPLOYMENT-ID="LA-Zeiterfassung" WAS-DEFAULT-HOSTNAME="la-zeiterfassung-fyd4cge3d9e3cac4.scm.germanywestcentral-01.azurewebsites.net" X-Forwarded-Proto="https" X-AppService-Proto="https" X-Forwarded-TlsVersion="1.3" X-WAWS-Unencoded-URL="/api/deployments/latest?deployer=ms-azuretools-vscode&amp;time=2025-05-21_21-14-16Z" X-Client-IP="84.138.91.166" X-Client-Port="60304" >
  <step title="Cleanup Xml Logs" date="2025-05-21T21:14:20.646" >
    <step title="Cleanup Infos" date="2025-05-21T21:14:20.661" totalFiles="469" totalCleanup="309" /><!-- duration: 6ms -->
  </step><!-- duration: 25ms -->
  <step title="DeploymentService.GetResult" date="2025-05-21T21:14:20.685" >
    <step title="DeploymentService.GetLatestDeployment" date="2025-05-21T21:14:20.687" >
      <step title="DeploymentManager.GetResults" date="2025-05-21T21:14:20.690" /><!-- duration: 536ms -->
    </step><!-- duration: 546ms -->
  </step><!-- duration: 555ms -->
  <step title="Outgoing response" date="2025-05-21T21:14:21.244" type="response" statusCode="202" statusText="Accepted" /><!-- duration: 2ms -->
</step><!-- duration: 615ms -->
