<step title="Incoming Request" date="2025-07-31T14:09:39.213" instance="a45adb" url="/api/zipdeploy?isAsync=true" method="POST" type="request" pid="769,1,26" Accept="*/*" Host="la-zeiterfassung-fyd4cge3d9e3cac4.scm.azurewebsites.net" User-Agent="AZURECLI/2.75.0 (HOMEBREW)" Accept-Encoding="gzip, deflate" Authorization="Bas..." Cache-Control="no-cache" Content-Type="application/octet-stream" Cookie="ARRAffinity=a45adbe19489ea2b14e790f681e17ad6f03a5528ca730625ec513d016d2b4c91; ARRAffinitySameSite=a45adbe19489ea2b14e790f681e17ad6f03a5528ca730625ec513d016d2b4c91" Content-Length="26436" x-ms-client-request-id="facc5f98-6e17-11f0-8188-3ecdac25f1e6" x-ms-artifact-checksum="d491e404d0962223132da5f9f8b21c6c30d0e34d49cc9acbaaa2e756df38055f" X-ARR-LOG-ID="facc5f98-6e17-11f0-8188-3ecdac25f1e6" CLIENT-IP="84.138.86.68:61712" X-SITE-DEPLOYMENT-ID="la-zeiterfassung-fyd4cge3d9e3cac4" WAS-DEFAULT-HOSTNAME="la-zeiterfassung-fyd4cge3d9e3cac4.scm.azurewebsites.net" X-Forwarded-Proto="https" X-AppService-Proto="https" X-Forwarded-TlsVersion="1.3" X-WAWS-Unencoded-URL="/api/zipdeploy?isAsync=true" X-Client-IP="84.138.86.68" X-Client-Port="61712" >
  <step title="ZipPushDeploy" date="2025-07-31T14:09:39.241" >
    <step title="ZipDeploy. Extract zip. Remote build." date="2025-07-31T14:09:39.250" /><!-- duration: 3ms -->
    <step title="Starting PushDeployAsync" date="2025-07-31T14:09:39.260" /><!-- duration: 3ms -->
    <step title="Writing artifact to /tmp/zipdeploy/babc5d05-286d-446d-9b60-54ec22cf83d8.zip" date="2025-07-31T14:09:39.276" >
      <step title="Writing multipart request body to /tmp/zipdeploy/babc5d05-286d-446d-9b60-54ec22cf83d8.zip" date="2025-07-31T14:09:39.280" /><!-- duration: 3ms -->
    </step><!-- duration: 74ms -->
    <step title="Removing previous build artifact&apos;s manifest file" date="2025-07-31T14:09:39.363" >
      <step title="Start deployment in the background" date="2025-07-31T14:09:39.398" >
        <step title="Acquiring Deployment Lock" date="2025-07-31T14:09:39.434" /><!-- duration: 6ms -->
        <step title="Acquired Deployment Lock" date="2025-07-31T14:09:39.473" /><!-- duration: 3ms -->
      </step><!-- duration: 189ms -->
    </step><!-- duration: 249ms -->
    <step title="Outgoing response" date="2025-07-31T14:09:39.621" type="response" statusCode="202" statusText="Accepted" /><!-- duration: 3ms -->
  </step><!-- duration: 386ms -->
