<step title="Incoming Request" date="2025-07-29T09:04:26.424" instance="a45adb" url="/api/publish?type=zip" method="POST" type="request" pid="769,1,16" Accept="*/*" Host="la-zeiterfassung-fyd4cge3d9e3cac4.scm.azurewebsites.net" User-Agent="AZURECLI/2.75.0 (HOMEBREW)" Accept-Encoding="gzip, deflate" Authorization="Bas..." Cache-Control="no-cache" Content-Type="application/octet-stream" Cookie="ARRAffinity=a45adbe19489ea2b14e790f681e17ad6f03a5528ca730625ec513d016d2b4c91; ARRAffinitySameSite=a45adbe19489ea2b14e790f681e17ad6f03a5528ca730625ec513d016d2b4c91" Content-Length="4115" x-ms-client-request-id="020a530a-6c5b-11f0-8529-3ecdac25f1e6" x-ms-artifact-checksum="640971c61c882219fe6359c39884512dad447be0c313caefdbe1d89ef627976e" X-ARR-LOG-ID="020a530a-6c5b-11f0-8529-3ecdac25f1e6" CLIENT-IP="84.138.86.68:62198" X-SITE-DEPLOYMENT-ID="la-zeiterfassung-fyd4cge3d9e3cac4" WAS-DEFAULT-HOSTNAME="la-zeiterfassung-fyd4cge3d9e3cac4.scm.azurewebsites.net" X-Forwarded-Proto="https" X-AppService-Proto="https" X-Forwarded-TlsVersion="1.3" X-WAWS-Unencoded-URL="/api/publish?type=zip" X-Client-IP="84.138.86.68" X-Client-Port="62198" >
  <step title="OneDeploy" date="2025-07-29T09:04:26.444" >
    <step title="Starting PushDeployAsync" date="2025-07-29T09:04:26.472" /><!-- duration: 3ms -->
    <step title="Writing artifact to /tmp/zipdeploy/d988818d-a834-4842-af00-455fe2fca0f7.zip" date="2025-07-29T09:04:26.485" >
      <step title="Writing multipart request body to /tmp/zipdeploy/d988818d-a834-4842-af00-455fe2fca0f7.zip" date="2025-07-29T09:04:26.488" /><!-- duration: 4ms -->
    </step><!-- duration: 77ms -->
    <step title="Removing previous build artifact&apos;s manifest file" date="2025-07-29T09:04:26.568" >
      <step title="Attempting to fetch target branch HEAD" date="2025-07-29T09:04:26.583" /><!-- duration: 3ms -->
      <step title="Acquiring Deployment Lock" date="2025-07-29T09:04:26.589" /><!-- duration: 5ms -->
      <step title="Acquired Deployment Lock" date="2025-07-29T09:04:26.627" /><!-- duration: 3ms -->
      <step title="Performing fetch based deployment" date="2025-07-29T09:04:26.639" >
        <step title="Creating temporary deployment" date="2025-07-29T09:04:26.652" /><!-- duration: 84ms -->
        <step title="Releasing Deployment Lock" date="2025-07-29T09:04:27.911" /><!-- duration: 4ms -->
        <step title="Cleaning up temp folders from previous zip deployments and extracting pushed zip file /tmp/zipdeploy/d988818d-a834-4842-af00-455fe2fca0f7.zip (0.00 MB) to /tmp/zipdeploy/extracted" date="2025-07-29T09:04:27.955" >
          <step title="ChmodRecursive Process exited with total time taken in ms: 125" date="2025-07-29T09:04:28.133" /><!-- duration: 10ms -->
        </step><!-- duration: 225ms -->
        <step title="None repository commit" date="2025-07-29T09:04:28.191" >
          <step title="Commit id: 3f3f2772-060f-4897-81e3-4f0b3ab80d32" date="2025-07-29T09:04:28.204" Message="OneDeploy" AuthorName="N/A" AuthorEmail="N/A" /><!-- duration: 3ms -->
        </step><!-- duration: 18ms -->
        <step title="Deployment timer started" date="2025-07-29T09:04:30.220" >
          <step title="DeploymentManager.Deploy(id:3f3f2772-060f-4897-81e3-4f0b3ab80d32)" date="2025-07-29T09:04:30.248" >
            <step title="Collecting changeset information" date="2025-07-29T09:04:30.299" /><!-- duration: 152ms -->
            <step title="Updating submodules" date="2025-07-29T09:04:30.469" /><!-- duration: 1276ms -->
            <step title="Determining deployment builder" date="2025-07-29T09:04:32.218" >
              <step title="Builder is OryxBuilder" date="2025-07-29T09:04:32.258" /><!-- duration: 10ms -->
            </step><!-- duration: 68ms -->
            <step title="PreDeployment: context.CleanOutputPath False" date="2025-07-29T09:04:32.375" >
              <step title="PreDeployment: context.OutputPath /home/site/wwwroot" date="2025-07-29T09:04:32.520" >
                <step title="Building" date="2025-07-29T09:04:32.648" >
                  <step title="Executing external process" date="2025-07-29T09:04:32.963" type="process" path="bash" arguments="-c &quot;oryx build /tmp/zipdeploy/extracted -o /home/site/wwwroot --platform python --platform-version 3.11 -p virtualenv_name=antenv --log-file /tmp/build-debug.log  -i /tmp/8ddce7eeebaa606 --compress-destination-dir | tee /tmp/oryx-build.log ; exit $PIPESTATUS &quot;" /><!-- duration: 64099ms -->
                  <step title="Using PythonDeploymentLogParser" date="2025-07-29T09:05:37.486" /><!-- duration: 3ms -->
                  <step title="Modified file to trigger a restart of the app container." date="2025-07-29T09:05:38.694" /><!-- duration: 9ms -->
                  <step title="Skip function trigger and logicapp sync because function is not enabled." date="2025-07-29T09:05:38.735" /><!-- duration: 9ms -->
                  <step title="Purge deployment items" date="2025-07-29T09:05:39.748" >
                    <step title="Remove 0eb91953-, Success, received at 07/29/2025 06:56:51" date="2025-07-29T09:05:39.796" /><!-- duration: 2ms -->
                  </step><!-- duration: 53ms -->
                </step><!-- duration: 67241ms -->
              </step><!-- duration: 67374ms -->
              <step title="Cleaning up temp files" date="2025-07-29T09:05:39.897" /><!-- duration: 2332ms -->
              <step title="Cleaning up temp files" date="2025-07-29T09:05:42.240" /><!-- duration: 529ms -->
              <step title="Reloading status file with latest updates" date="2025-07-29T09:05:42.840" >
                <step title="WebHooksManager.PublishEventAsync: PostDeployment" date="2025-07-29T09:05:42.859" /><!-- duration: 172ms -->
              </step><!-- duration: 194ms -->
              <step title="Cleaning up temporary deployment - fetch deployment was successful" date="2025-07-29T09:05:43.039" /><!-- duration: 12ms -->
            </step><!-- duration: 70758ms -->
          </step><!-- duration: 72895ms -->
          <step title="Outgoing response" date="2025-07-29T09:05:43.181" type="response" statusCode="200" statusText="OK" /><!-- duration: 17ms -->
        </step><!-- duration: 72991ms -->
