<step title="Incoming Request" date="2025-07-31T18:34:16.091" instance="a45adb" url="/api/zipdeploy?isAsync=true" method="POST" type="request" pid="769,1,55" Accept="*/*" Host="la-zeiterfassung-fyd4cge3d9e3cac4.scm.azurewebsites.net" User-Agent="AZURECLI/2.75.0 (HOMEBREW)" Accept-Encoding="gzip, deflate" Authorization="Bas..." Cache-Control="no-cache" Content-Type="application/octet-stream" Cookie="ARRAffinity=a45adbe19489ea2b14e790f681e17ad6f03a5528ca730625ec513d016d2b4c91; ARRAffinitySameSite=a45adbe19489ea2b14e790f681e17ad6f03a5528ca730625ec513d016d2b4c91" Content-Length="33863" x-ms-client-request-id="f2b8fc88-6e3c-11f0-aa2f-3ecdac25f1e6" x-ms-artifact-checksum="7dfeeee9802942abc86268739a44215edb3ffa241242d8948ee4df02824ccd74" X-ARR-LOG-ID="f2b8fc88-6e3c-11f0-aa2f-3ecdac25f1e6" CLIENT-IP="84.138.86.68:60041" X-SITE-DEPLOYMENT-ID="la-zeiterfassung-fyd4cge3d9e3cac4" WAS-DEFAULT-HOSTNAME="la-zeiterfassung-fyd4cge3d9e3cac4.scm.azurewebsites.net" X-Forwarded-Proto="https" X-AppService-Proto="https" X-Forwarded-TlsVersion="1.3" X-WAWS-Unencoded-URL="/api/zipdeploy?isAsync=true" X-Client-IP="84.138.86.68" X-Client-Port="60041" >
  <step title="ZipPushDeploy" date="2025-07-31T18:34:16.105" >
    <step title="ZipDeploy. Extract zip. Remote build." date="2025-07-31T18:34:16.116" /><!-- duration: 3ms -->
    <step title="Starting PushDeployAsync" date="2025-07-31T18:34:16.125" /><!-- duration: 3ms -->
    <step title="Writing artifact to /tmp/zipdeploy/04ae5d23-90f6-480e-8d6b-454eea29a01f.zip" date="2025-07-31T18:34:16.144" >
      <step title="Writing multipart request body to /tmp/zipdeploy/04ae5d23-90f6-480e-8d6b-454eea29a01f.zip" date="2025-07-31T18:34:16.147" /><!-- duration: 3ms -->
    </step><!-- duration: 45ms -->
    <step title="Removing previous build artifact&apos;s manifest file" date="2025-07-31T18:34:16.209" >
      <step title="Start deployment in the background" date="2025-07-31T18:34:16.257" >
        <step title="Acquiring Deployment Lock" date="2025-07-31T18:34:16.299" /><!-- duration: 5ms -->
        <step title="Acquired Deployment Lock" date="2025-07-31T18:34:16.340" /><!-- duration: 4ms -->
      </step><!-- duration: 165ms -->
    </step><!-- duration: 217ms -->
    <step title="Outgoing response" date="2025-07-31T18:34:16.430" type="response" statusCode="202" statusText="Accepted" /><!-- duration: 3ms -->
  </step><!-- duration: 330ms -->
