<step title="BackgroundTrace" date="2025-07-31T18:34:16.267" instance="a45adb" url="/api/zipdeploy" method="POST" >
  <step title="Creating temporary deployment - FetchDeploymentManager" date="2025-07-31T18:34:16.347" /><!-- duration: 2ms -->
  <step title="Creating temporary deployment" date="2025-07-31T18:34:16.353" /><!-- duration: 65ms -->
  <step title="Performing fetch based deployment" date="2025-07-31T18:34:16.445" >
    <step title="Cleaning up temp folders from previous zip deployments and extracting pushed zip file /tmp/zipdeploy/04ae5d23-90f6-480e-8d6b-454eea29a01f.zip (0.03 MB) to /tmp/zipdeploy/extracted" date="2025-07-31T18:34:17.686" >
      <step title="ChmodRecursive Process exited with total time taken in ms: 50" date="2025-07-31T18:34:17.828" /><!-- duration: 10ms -->
    </step><!-- duration: 170ms -->
    <step title="Deployment timer started" date="2025-07-31T18:34:19.888" >
      <step title="DeploymentManager.Deploy(id:eab55af1-5884-4e16-89e4-6a4676258c3d)" date="2025-07-31T18:34:19.913" >
        <step title="Collecting changeset information" date="2025-07-31T18:34:19.936" /><!-- duration: 179ms -->
        <step title="Updating submodules" date="2025-07-31T18:34:20.137" /><!-- duration: 1140ms -->
        <step title="Determining deployment builder" date="2025-07-31T18:34:22.092" >
          <step title="Builder is OryxBuilder" date="2025-07-31T18:34:22.130" /><!-- duration: 19ms -->
        </step><!-- duration: 69ms -->
        <step title="PreDeployment: context.CleanOutputPath False" date="2025-07-31T18:34:22.209" >
          <step title="PreDeployment: context.OutputPath /home/site/wwwroot" date="2025-07-31T18:34:22.336" >
            <step title="Building" date="2025-07-31T18:34:22.459" >
              <step title="Executing external process" date="2025-07-31T18:34:22.716" type="process" path="bash" arguments="-c &quot;oryx build /tmp/zipdeploy/extracted -o /home/site/wwwroot --platform python --platform-version 3.11 -p virtualenv_name=antenv --log-file /tmp/build-debug.log  -i /tmp/8ddd060de500d21 --compress-destination-dir | tee /tmp/oryx-build.log ; exit $PIPESTATUS &quot;" /><!-- duration: 63306ms -->
              <step title="Using PythonDeploymentLogParser" date="2025-07-31T18:35:26.377" /><!-- duration: 3ms -->
              <step title="Triggering recycle (preview mode disabled)." date="2025-07-31T18:35:27.490" /><!-- duration: 6ms -->
              <step title="Modified file to trigger a restart of the app container." date="2025-07-31T18:35:27.537" /><!-- duration: 3ms -->
              <step title="Skip function trigger and logicapp sync because function is not enabled." date="2025-07-31T18:35:27.543" /><!-- duration: 11ms -->
              <step title="Purge deployment items" date="2025-07-31T18:35:28.520" >
                <step title="Remove d78cda8f-, Success, received at 07/31/2025 14:41:06" date="2025-07-31T18:35:28.580" /><!-- duration: 5ms -->
              </step><!-- duration: 72ms -->
            </step><!-- duration: 66196ms -->
          </step><!-- duration: 66324ms -->
          <step title="Cleaning up temp files" date="2025-07-31T18:35:28.663" /><!-- duration: 1967ms -->
          <step title="Cleaning up temp files" date="2025-07-31T18:35:30.637" /><!-- duration: 515ms -->
          <step title="Reloading status file with latest updates" date="2025-07-31T18:35:31.187" >
            <step title="WebHooksManager.PublishEventAsync: PostDeployment" date="2025-07-31T18:35:31.203" /><!-- duration: 38ms -->
          </step><!-- duration: 58ms -->
          <step title="Cleaning up temporary deployment - fetch deployment was successful" date="2025-07-31T18:35:31.255" /><!-- duration: 3ms -->
        </step><!-- duration: 69110ms -->
      </step><!-- duration: 71423ms -->
