<step title="Incoming Request" date="2025-07-31T20:35:41.538" instance="a45adb" url="/api/zipdeploy?isAsync=true" method="POST" type="request" pid="770,1,21" Accept="*/*" Host="la-zeiterfassung-fyd4cge3d9e3cac4.scm.azurewebsites.net" User-Agent="AZURECLI/2.75.0 (HOMEBREW)" Accept-Encoding="gzip, deflate" Authorization="Bas..." Cache-Control="no-cache" Content-Type="application/octet-stream" Cookie="ARRAffinity=a45adbe19489ea2b14e790f681e17ad6f03a5528ca730625ec513d016d2b4c91; ARRAffinitySameSite=a45adbe19489ea2b14e790f681e17ad6f03a5528ca730625ec513d016d2b4c91" Content-Length="406736" x-ms-client-request-id="e8844bb2-6e4d-11f0-93f0-3ecdac25f1e6" x-ms-artifact-checksum="dcf4d6edfd7bbab9ba6a2ba49522e85c3dd32dbba2798ab94852ce212785145f" X-ARR-LOG-ID="e8844bb2-6e4d-11f0-93f0-3ecdac25f1e6" CLIENT-IP="84.138.86.68:61670" X-SITE-DEPLOYMENT-ID="la-zeiterfassung-fyd4cge3d9e3cac4" WAS-DEFAULT-HOSTNAME="la-zeiterfassung-fyd4cge3d9e3cac4.scm.azurewebsites.net" X-Forwarded-Proto="https" X-AppService-Proto="https" X-Forwarded-TlsVersion="1.3" X-WAWS-Unencoded-URL="/api/zipdeploy?isAsync=true" X-Client-IP="84.138.86.68" X-Client-Port="61670" >
  <step title="ZipPushDeploy" date="2025-07-31T20:35:41.741" >
    <step title="ZipDeploy. Extract zip. Remote build." date="2025-07-31T20:35:41.762" /><!-- duration: 3ms -->
    <step title="None repository commit" date="2025-07-31T20:35:41.775" >
      <step title="Commit id: 89ac5c8c-d8da-450a-805f-ea3fb1bfe2c1" date="2025-07-31T20:35:41.779" Message="N/A" AuthorName="N/A" AuthorEmail="N/A" /><!-- duration: 3ms -->
    </step><!-- duration: 10ms -->
    <step title="Starting PushDeployAsync" date="2025-07-31T20:35:41.788" /><!-- duration: 3ms -->
    <step title="Writing artifact to /tmp/zipdeploy/5cb3531a-644c-48e7-af04-39233ab2ee4b.zip" date="2025-07-31T20:35:41.816" >
      <step title="Writing multipart request body to /tmp/zipdeploy/5cb3531a-644c-48e7-af04-39233ab2ee4b.zip" date="2025-07-31T20:35:41.822" /><!-- duration: 9ms -->
    </step><!-- duration: 198ms -->
    <step title="Removing previous build artifact&apos;s manifest file" date="2025-07-31T20:35:42.021" >
      <step title="Start deployment in the background" date="2025-07-31T20:35:42.047" >
        <step title="Acquiring Deployment Lock" date="2025-07-31T20:35:42.075" /><!-- duration: 12ms -->
        <step title="Acquired Deployment Lock" date="2025-07-31T20:35:42.137" /><!-- duration: 6ms -->
      </step><!-- duration: 254ms -->
    </step><!-- duration: 286ms -->
    <step title="Outgoing response" date="2025-07-31T20:35:42.323" type="response" statusCode="202" statusText="Accepted" /><!-- duration: 3ms -->
  </step><!-- duration: 587ms -->
