<step title="Incoming Request" date="2025-07-28T22:57:01.535" instance="a45adb" url="/api/publish?type=zip" method="POST" type="request" pid="769,1,27" Accept="*/*" Host="la-zeiterfassung-fyd4cge3d9e3cac4.scm.azurewebsites.net" User-Agent="AZURECLI/2.75.0 (HOMEBREW)" Accept-Encoding="gzip, deflate" Authorization="Bas..." Cache-Control="no-cache" Content-Type="application/octet-stream" Cookie="ARRAffinity=a45adbe19489ea2b14e790f681e17ad6f03a5528ca730625ec513d016d2b4c91; ARRAffinitySameSite=a45adbe19489ea2b14e790f681e17ad6f03a5528ca730625ec513d016d2b4c91" Content-Length="18976" x-ms-client-request-id="281c076e-6c06-11f0-9b4e-3ecdac25f1e6" x-ms-artifact-checksum="f0cd5be7443bd12c3af35332b5295303a1b23e3003e19f90ce0731663094997f" X-ARR-LOG-ID="281c076e-6c06-11f0-9b4e-3ecdac25f1e6" CLIENT-IP="84.138.86.68:64948" X-SITE-DEPLOYMENT-ID="la-zeiterfassung-fyd4cge3d9e3cac4" WAS-DEFAULT-HOSTNAME="la-zeiterfassung-fyd4cge3d9e3cac4.scm.azurewebsites.net" X-Forwarded-Proto="https" X-AppService-Proto="https" X-Forwarded-TlsVersion="1.3" X-WAWS-Unencoded-URL="/api/publish?type=zip" X-Client-IP="84.138.86.68" X-Client-Port="64948" >
  <step title="OneDeploy" date="2025-07-28T22:57:01.550" >
    <step title="Starting PushDeployAsync" date="2025-07-28T22:57:01.564" /><!-- duration: 11ms -->
    <step title="Writing artifact to /tmp/zipdeploy/e8281527-7e82-4b4c-a2b6-c2936fd8b23a.zip" date="2025-07-28T22:57:01.605" >
      <step title="Writing multipart request body to /tmp/zipdeploy/e8281527-7e82-4b4c-a2b6-c2936fd8b23a.zip" date="2025-07-28T22:57:01.615" /><!-- duration: 27ms -->
    </step><!-- duration: 102ms -->
    <step title="Removing previous build artifact&apos;s manifest file" date="2025-07-28T22:57:01.741" >
      <step title="Attempting to fetch target branch HEAD" date="2025-07-28T22:57:01.771" /><!-- duration: 3ms -->
      <step title="Acquiring Deployment Lock" date="2025-07-28T22:57:01.792" /><!-- duration: 10ms -->
      <step title="Acquired Deployment Lock" date="2025-07-28T22:57:01.863" /><!-- duration: 9ms -->
      <step title="Performing fetch based deployment" date="2025-07-28T22:57:01.895" >
        <step title="Creating temporary deployment" date="2025-07-28T22:57:01.903" /><!-- duration: 71ms -->
        <step title="Releasing Deployment Lock" date="2025-07-28T22:57:03.348" /><!-- duration: 28ms -->
        <step title="Cleaning up temp folders from previous zip deployments and extracting pushed zip file /tmp/zipdeploy/e8281527-7e82-4b4c-a2b6-c2936fd8b23a.zip (0.02 MB) to /tmp/zipdeploy/extracted" date="2025-07-28T22:57:03.448" >
          <step title="ChmodRecursive Process exited with total time taken in ms: 179" date="2025-07-28T22:57:03.667" /><!-- duration: 10ms -->
        </step><!-- duration: 248ms -->
        <step title="None repository commit" date="2025-07-28T22:57:03.706" >
          <step title="Commit id: 73f8a89c-3fa5-402c-a252-761c3eba6bec" date="2025-07-28T22:57:03.716" Message="OneDeploy" AuthorName="N/A" AuthorEmail="N/A" /><!-- duration: 20ms -->
        </step><!-- duration: 40ms -->
        <step title="Deployment timer started" date="2025-07-28T22:57:05.759" >
          <step title="DeploymentManager.Deploy(id:73f8a89c-3fa5-402c-a252-761c3eba6bec)" date="2025-07-28T22:57:05.799" >
            <step title="Collecting changeset information" date="2025-07-28T22:57:05.842" /><!-- duration: 126ms -->
            <step title="Updating submodules" date="2025-07-28T22:57:05.973" /><!-- duration: 1141ms -->
            <step title="Determining deployment builder" date="2025-07-28T22:57:07.364" >
              <step title="Builder is OryxBuilder" date="2025-07-28T22:57:07.404" /><!-- duration: 9ms -->
            </step><!-- duration: 59ms -->
            <step title="PreDeployment: context.CleanOutputPath False" date="2025-07-28T22:57:07.475" >
              <step title="PreDeployment: context.OutputPath /home/site/wwwroot" date="2025-07-28T22:57:07.597" >
                <step title="Building" date="2025-07-28T22:57:07.738" >
                  <step title="Executing external process" date="2025-07-28T22:57:08.343" type="process" path="bash" arguments="-c &quot;oryx build /tmp/zipdeploy/extracted -o /home/site/wwwroot --platform python --platform-version 3.11 -p virtualenv_name=antenv --log-file /tmp/build-debug.log  -i /tmp/8ddce2a13e7336d --compress-destination-dir | tee /tmp/oryx-build.log ; exit $PIPESTATUS &quot;" >
                    <step title="Cpu: gzip(1951,12.640s)+sh(1950,0.010s)+tar(1948,1.150s)+build.sh(1819,0.080s)+oryx(1800,3.800s)+tee(1801,0.000s)+bash(1799,0.010s)=total(17.680s)" date="2025-07-28T22:59:31.688" /><!-- duration: 20ms -->
                    <step title="bash: no io activity for 60s, prev-cpu=-1.000s, current-cpu=17.680s" date="2025-07-28T22:59:31.756" /><!-- duration: 19ms -->
                  </step><!-- duration: 145870ms -->
                  <step title="Using PythonDeploymentLogParser" date="2025-07-28T22:59:35.058" /><!-- duration: 4ms -->
                  <step title="Modified file to trigger a restart of the app container." date="2025-07-28T22:59:38.033" /><!-- duration: 26ms -->
                  <step title="Skip function trigger and logicapp sync because function is not enabled." date="2025-07-28T22:59:38.070" /><!-- duration: 19ms -->
                  <step title="Purge deployment items" date="2025-07-28T22:59:39.307" >
                    <step title="Remove temp-143c, Pending, received at 07/28/2025 22:58:19" date="2025-07-28T22:59:39.428" /><!-- duration: 40ms -->
                    <step title="Remove temp-b52e, Pending, received at 07/28/2025 22:57:01" date="2025-07-28T22:59:39.708" /><!-- duration: 19ms -->
                    <step title="Remove eb163c33-, Failed, received at 07/28/2025 22:53:41" date="2025-07-28T22:59:39.850" /><!-- duration: 17ms -->
                  </step><!-- duration: 563ms -->
                </step><!-- duration: 152265ms -->
              </step><!-- duration: 152418ms -->
              <step title="Cleaning up temp files" date="2025-07-28T22:59:40.024" /><!-- duration: 2987ms -->
              <step title="Cleaning up temp files" date="2025-07-28T22:59:43.043" /><!-- duration: 543ms -->
              <step title="Reloading status file with latest updates" date="2025-07-28T22:59:43.688" >
                <step title="WebHooksManager.PublishEventAsync: PostDeployment" date="2025-07-28T22:59:43.709" /><!-- duration: 87ms -->
              </step><!-- duration: 120ms -->
              <step title="Cleaning up temporary deployment - fetch deployment was successful" date="2025-07-28T22:59:43.867" /><!-- duration: 22ms -->
            </step><!-- duration: 156485ms -->
          </step><!-- duration: 158189ms -->
          <step title="Outgoing response" date="2025-07-28T22:59:44.010" type="response" statusCode="200" statusText="OK" /><!-- duration: 11ms -->
        </step><!-- duration: 158280ms -->
