<step title="BackgroundTrace" date="2025-05-21T18:24:33.893" instance="e0f283" url="/api/zipdeploy" method="POST" >
  <step title="Creating temporary deployment - FetchDeploymentManager" date="2025-05-21T18:24:33.963" /><!-- duration: 4ms -->
  <step title="Creating temporary deployment" date="2025-05-21T18:24:33.971" /><!-- duration: 78ms -->
  <step title="Performing fetch based deployment" date="2025-05-21T18:24:34.083" >
    <step title="Cleaning up temp folders from previous zip deployments and extracting pushed zip file /tmp/zipdeploy/b3137ebf-91f0-440b-98b2-1bab92e1f2ff.zip (0.01 MB) to /tmp/zipdeploy/extracted" date="2025-05-21T18:24:35.244" >
      <step title="ChmodRecursive Process exited with total time taken in ms: 81" date="2025-05-21T18:24:35.363" /><!-- duration: 18ms -->
    </step><!-- duration: 140ms -->
    <step title="Deployment timer started" date="2025-05-21T18:24:37.413" >
      <step title="DeploymentManager.Deploy(id:7dac1f4a-d831-4370-b928-47389efd0308)" date="2025-05-21T18:24:37.425" >
        <step title="Collecting changeset information" date="2025-05-21T18:24:37.475" /><!-- duration: 142ms -->
        <step title="Updating submodules" date="2025-05-21T18:24:37.636" /><!-- duration: 1197ms -->
        <step title="Determining deployment builder" date="2025-05-21T18:24:39.032" >
          <step title="Builder is OryxBuilder" date="2025-05-21T18:24:39.074" /><!-- duration: 9ms -->
        </step><!-- duration: 60ms -->
        <step title="PreDeployment: context.CleanOutputPath False" date="2025-05-21T18:24:39.143" >
          <step title="PreDeployment: context.OutputPath /home/site/wwwroot" date="2025-05-21T18:24:39.228" >
            <step title="Building" date="2025-05-21T18:24:39.368" >
              <step title="Executing external process" date="2025-05-21T18:24:39.705" type="process" path="bash" arguments="-c &quot;oryx build /tmp/zipdeploy/extracted -o /home/site/wwwroot --platform python --platform-version 3.11 -p virtualenv_name=antenv --log-file /tmp/build-debug.log  -i /tmp/8dd9894bf72aa0f --compress-destination-dir | tee /tmp/oryx-build.log ; exit $PIPESTATUS &quot;" /><!-- duration: 63297ms -->
              <step title="Using PythonDeploymentLogParser" date="2025-05-21T18:25:43.339" /><!-- duration: 10ms -->
              <step title="Triggering recycle (preview mode disabled)." date="2025-05-21T18:25:44.259" /><!-- duration: 21ms -->
              <step title="Modified file to trigger a restart of the app container." date="2025-05-21T18:25:44.328" /><!-- duration: 4ms -->
              <step title="Skip function trigger and logicapp sync because function is not enabled." date="2025-05-21T18:25:44.336" /><!-- duration: 13ms -->
              <step title="Purge deployment items" date="2025-05-21T18:25:45.286" >
                <step title="Remove 0a6d9638-, Success, received at 05/21/2025 16:22:40" date="2025-05-21T18:25:45.356" /><!-- duration: 4ms -->
              </step><!-- duration: 78ms -->
            </step><!-- duration: 66082ms -->
          </step><!-- duration: 66226ms -->
          <step title="Cleaning up temp files" date="2025-05-21T18:25:45.458" /><!-- duration: 425ms -->
          <step title="Cleaning up temp files" date="2025-05-21T18:25:45.888" /><!-- duration: 518ms -->
          <step title="Reloading status file with latest updates" date="2025-05-21T18:25:46.435" >
            <step title="WebHooksManager.PublishEventAsync: PostDeployment" date="2025-05-21T18:25:46.451" /><!-- duration: 70ms -->
          </step><!-- duration: 90ms -->
          <step title="Cleaning up temporary deployment - fetch deployment was successful" date="2025-05-21T18:25:46.530" /><!-- duration: 3ms -->
        </step><!-- duration: 67435ms -->
      </step><!-- duration: 69179ms -->
