<step title="Incoming Request" date="2025-07-31T13:44:23.919" instance="a45adb" url="/api/zipdeploy?isAsync=true" method="POST" type="request" pid="769,1,40" Accept="*/*" Host="la-zeiterfassung-fyd4cge3d9e3cac4.scm.azurewebsites.net" User-Agent="AZURECLI/2.75.0 (HOMEBREW)" Accept-Encoding="gzip, deflate" Authorization="Bas..." Cache-Control="no-cache" Content-Type="application/octet-stream" Cookie="ARRAffinity=a45adbe19489ea2b14e790f681e17ad6f03a5528ca730625ec513d016d2b4c91; ARRAffinitySameSite=a45adbe19489ea2b14e790f681e17ad6f03a5528ca730625ec513d016d2b4c91" Content-Length="25431" x-ms-client-request-id="74286336-6e14-11f0-98a1-3ecdac25f1e6" x-ms-artifact-checksum="39163e3cc22031f073066c50ab57c60f83bf42fd922666941282195af828c5b4" X-ARR-LOG-ID="74286336-6e14-11f0-98a1-3ecdac25f1e6" CLIENT-IP="84.138.86.68:60656" X-SITE-DEPLOYMENT-ID="la-zeiterfassung-fyd4cge3d9e3cac4" WAS-DEFAULT-HOSTNAME="la-zeiterfassung-fyd4cge3d9e3cac4.scm.azurewebsites.net" X-Forwarded-Proto="https" X-AppService-Proto="https" X-Forwarded-TlsVersion="1.3" X-WAWS-Unencoded-URL="/api/zipdeploy?isAsync=true" X-Client-IP="84.138.86.68" X-Client-Port="60656" >
  <step title="ZipPushDeploy" date="2025-07-31T13:44:23.931" >
    <step title="ZipDeploy. Extract zip. Remote build." date="2025-07-31T13:44:23.940" /><!-- duration: 6ms -->
    <step title="Starting PushDeployAsync" date="2025-07-31T13:44:23.952" /><!-- duration: 5ms -->
    <step title="Writing artifact to /tmp/zipdeploy/fb9f3bbb-b11c-4fa7-bacf-ccf3f1b8a42a.zip" date="2025-07-31T13:44:23.971" >
      <step title="Writing multipart request body to /tmp/zipdeploy/fb9f3bbb-b11c-4fa7-bacf-ccf3f1b8a42a.zip" date="2025-07-31T13:44:23.973" /><!-- duration: 3ms -->
    </step><!-- duration: 59ms -->
    <step title="Removing previous build artifact&apos;s manifest file" date="2025-07-31T13:44:24.036" >
      <step title="Start deployment in the background" date="2025-07-31T13:44:24.047" >
        <step title="Acquiring Deployment Lock" date="2025-07-31T13:44:24.076" /><!-- duration: 3ms -->
        <step title="Acquired Deployment Lock" date="2025-07-31T13:44:24.112" /><!-- duration: 3ms -->
      </step><!-- duration: 152ms -->
    </step><!-- duration: 173ms -->
    <step title="Outgoing response" date="2025-07-31T13:44:24.213" type="response" statusCode="202" statusText="Accepted" /><!-- duration: 3ms -->
  </step><!-- duration: 289ms -->
