<step title="Incoming Request" date="2025-05-21T20:30:23.544" instance="e0f283" url="/api/deployments/latest" method="GET" type="request" pid="770,1,27" Host="la-zeiterfassung-fyd4cge3d9e3cac4.scm.germanywestcentral-01.azurewebsites.net" User-Agent="vscode-azureappservice/0.26.1 core-rest-pipeline/1.19.1 Node/20.19.0 OS/(arm64-Darwin-24.3.0)" Accept-Encoding="gzip,deflate" Accept-Language="de" Authorization="Bea..." x-ms-correlation-request-id="707a4a98-9c88-4b98-9d06-16b65c5852e4" x-ms-client-request-id="435639ab-0c1f-4552-bc53-fd6f0c121252" X-ARR-LOG-ID="435639ab-0c1f-4552-bc53-fd6f0c121252" CLIENT-IP="84.138.91.166:62014" X-SITE-DEPLOYMENT-ID="LA-Zeiterfassung" WAS-DEFAULT-HOSTNAME="la-zeiterfassung-fyd4cge3d9e3cac4.scm.germanywestcentral-01.azurewebsites.net" X-Forwarded-Proto="https" X-AppService-Proto="https" X-Forwarded-TlsVersion="1.3" X-WAWS-Unencoded-URL="/api/deployments/latest" X-Client-IP="84.138.91.166" X-Client-Port="62014" >
  <step title="Cleanup Xml Logs" date="2025-05-21T20:30:23.547" >
    <step title="Cleanup Infos" date="2025-05-21T20:30:23.567" totalFiles="401" totalCleanup="241" /><!-- duration: 4ms -->
  </step><!-- duration: 31ms -->
  <step title="DeploymentService.GetResult" date="2025-05-21T20:30:23.588" >
    <step title="DeploymentService.GetLatestDeployment" date="2025-05-21T20:30:23.598" >
      <step title="DeploymentManager.GetResults" date="2025-05-21T20:30:23.609" /><!-- duration: 2684ms -->
    </step><!-- duration: 2766ms -->
  </step><!-- duration: 2785ms -->
  <step title="Outgoing response" date="2025-05-21T20:30:26.384" type="response" statusCode="202" statusText="Accepted" /><!-- duration: 12ms -->
</step><!-- duration: 2883ms -->
