<step title="Incoming Request" date="2025-05-21T18:26:37.855" instance="e0f283" url="/api/deployments/latest?deployer=ms-azuretools-vscode&amp;time=2025-05-21_18-26-33Z" method="GET" type="request" pid="776,1,5" Host="la-zeiterfassung-fyd4cge3d9e3cac4.scm.germanywestcentral-01.azurewebsites.net" User-Agent="vscode-azureappservice/0.26.1 core-rest-pipeline/1.19.1 Node/20.19.0 OS/(arm64-Darwin-24.3.0)" Accept-Encoding="gzip,deflate" Accept-Language="de" Authorization="Bea..." x-ms-correlation-request-id="34b530fc-22f2-4f59-9250-6748f2d119a2" x-ms-client-request-id="72cf680a-26d6-4a7b-8134-6371c99b05bb" X-ARR-LOG-ID="72cf680a-26d6-4a7b-8134-6371c99b05bb" CLIENT-IP="84.138.91.166:64803" X-SITE-DEPLOYMENT-ID="LA-Zeiterfassung" WAS-DEFAULT-HOSTNAME="la-zeiterfassung-fyd4cge3d9e3cac4.scm.germanywestcentral-01.azurewebsites.net" X-Forwarded-Proto="https" X-AppService-Proto="https" X-Forwarded-TlsVersion="1.3" X-WAWS-Unencoded-URL="/api/deployments/latest?deployer=ms-azuretools-vscode&amp;time=2025-05-21_18-26-33Z" X-Client-IP="84.138.91.166" X-Client-Port="64803" >
  <step title="Cleanup Xml Logs" date="2025-05-21T18:26:37.866" >
    <step title="Cleanup Infos" date="2025-05-21T18:26:37.880" totalFiles="236" totalCleanup="76" /><!-- duration: 4ms -->
  </step><!-- duration: 21ms -->
  <step title="DeploymentService.GetResult" date="2025-05-21T18:26:37.895" >
    <step title="DeploymentService.GetLatestDeployment" date="2025-05-21T18:26:37.897" >
      <step title="DeploymentManager.GetResults" date="2025-05-21T18:26:37.901" /><!-- duration: 404ms -->
    </step><!-- duration: 410ms -->
  </step><!-- duration: 417ms -->
  <step title="Outgoing response" date="2025-05-21T18:26:38.314" type="response" statusCode="202" statusText="Accepted" /><!-- duration: 2ms -->
</step><!-- duration: 465ms -->
