<step title="Incoming Request" date="2025-07-31T19:24:32.145" instance="a45adb" url="/api/deployments/latest" method="GET" type="request" pid="769,1,66" Accept="*/*" Host="la-zeiterfassung-fyd4cge3d9e3cac4.scm.azurewebsites.net" User-Agent="AZURECLI/2.75.0 (HOMEBREW)" Accept-Encoding="gzip, deflate" Authorization="Bas..." x-ms-client-request-id="f18e705c-6e43-11f0-ab54-3ecdac25f1e6" X-ARR-LOG-ID="f18e705c-6e43-11f0-ab54-3ecdac25f1e6" CLIENT-IP="84.138.86.68:65112" X-SITE-DEPLOYMENT-ID="la-zeiterfassung-fyd4cge3d9e3cac4" WAS-DEFAULT-HOSTNAME="la-zeiterfassung-fyd4cge3d9e3cac4.scm.azurewebsites.net" X-Forwarded-Proto="https" X-AppService-Proto="https" X-Forwarded-TlsVersion="1.3" X-WAWS-Unencoded-URL="/api/deployments/latest" X-Client-IP="84.138.86.68" X-Client-Port="65112" >
  <step title="Cleanup Xml Logs" date="2025-07-31T19:24:32.253" >
    <step title="Cleanup Infos" date="2025-07-31T19:24:32.405" totalFiles="327" totalCleanup="167" /><!-- duration: 20ms -->
  </step><!-- duration: 192ms -->
  <step title="DeploymentService.GetResult" date="2025-07-31T19:24:32.717" >
    <step title="DeploymentService.GetLatestDeployment" date="2025-07-31T19:24:32.765" >
      <step title="DeploymentManager.GetResults" date="2025-07-31T19:24:32.787" /><!-- duration: 1567ms -->
    </step><!-- duration: 1609ms -->
  </step><!-- duration: 1717ms -->
  <step title="Outgoing response" date="2025-07-31T19:24:34.465" type="response" statusCode="202" statusText="Accepted" /><!-- duration: 10ms -->
</step><!-- duration: 2351ms -->
