<step title="Incoming Request" date="2025-05-21T19:28:00.242" instance="e0f283" url="/api/zipdeploy?author=ms-azuretools-vscode&amp;deployer=ms-azuretools-vscode&amp;isAsync=true&amp;trackDeploymentId=true" method="POST" type="request" pid="769,1,22" Host="la-zeiterfassung-fyd4cge3d9e3cac4.scm.germanywestcentral-01.azurewebsites.net" User-Agent="vscode-azureappservice/0.26.1 core-rest-pipeline/1.19.1 Node/20.19.0 OS/(arm64-Darwin-24.3.0)" Accept-Encoding="gzip,deflate" Accept-Language="de" Authorization="Bea..." Transfer-Encoding="chunked" x-ms-correlation-request-id="c7326dfe-c345-404d-b12f-6971d1ee2b47" x-ms-client-request-id="452c66b5-6705-4783-bea2-8b1ec3192f4f" X-ARR-LOG-ID="452c66b5-6705-4783-bea2-8b1ec3192f4f" CLIENT-IP="84.138.91.166:60828" X-SITE-DEPLOYMENT-ID="LA-Zeiterfassung" WAS-DEFAULT-HOSTNAME="la-zeiterfassung-fyd4cge3d9e3cac4.scm.germanywestcentral-01.azurewebsites.net" X-Forwarded-Proto="https" X-AppService-Proto="https" X-Forwarded-TlsVersion="1.3" X-WAWS-Unencoded-URL="/api/zipdeploy?author=ms-azuretools-vscode&amp;deployer=ms-azuretools-vscode&amp;isAsync=true&amp;trackDeploymentId=true" X-Client-IP="84.138.91.166" X-Client-Port="60828" >
  <step title="ZipPushDeploy" date="2025-05-21T19:28:00.856" >
    <step title="ZipDeploy. Extract zip." date="2025-05-21T19:28:00.871" /><!-- duration: 2ms -->
    <step title="None repository commit" date="2025-05-21T19:28:00.884" >
      <step title="Commit id: 6ee812c7-4ae1-4b89-b6c2-18db6772ae56" date="2025-05-21T19:28:00.886" Message="N/A" AuthorName="N/A" AuthorEmail="N/A" /><!-- duration: 4ms -->
    </step><!-- duration: 9ms -->
    <step title="Starting PushDeployAsync" date="2025-05-21T19:28:00.895" /><!-- duration: 2ms -->
    <step title="Error occurred" date="2025-05-21T19:28:00.986" type="error" text="Error removing symlink: Path doesn&apos;t exist!" stackTrace="   at Mono.Unix.UnixFileSystemInfo.AssertValid()
   at Mono.Unix.UnixFileSystemInfo.get_FileType()
   at Kudu.Services.Deployment.PushDeploymentController.PushDeployAsync(ArtifactDeploymentInfo deploymentInfo, Boolean isAsync, HttpContext context, JObject requestJson) in /tmp/KuduLite/Kudu.Services/Deployment/PushDeploymentController.cs:line 740" /><!-- duration: 7ms -->
    <step title="Writing artifact to /tmp/zipdeploy/f73bccaa-4801-4333-a099-f440597faf01.zip" date="2025-05-21T19:28:01.005" >
      <step title="Writing multipart request body to /tmp/zipdeploy/f73bccaa-4801-4333-a099-f440597faf01.zip" date="2025-05-21T19:28:01.016" /><!-- duration: 9ms -->
    </step><!-- duration: 244ms -->
    <step title="Removing previous build artifact&apos;s manifest file" date="2025-05-21T19:28:01.357" >
      <step title="Start deployment in the background" date="2025-05-21T19:28:01.411" >
        <step title="Acquiring Deployment Lock" date="2025-05-21T19:28:01.471" /><!-- duration: 9ms -->
        <step title="Acquired Deployment Lock" date="2025-05-21T19:28:01.629" /><!-- duration: 11ms -->
      </step><!-- duration: 472ms -->
    </step><!-- duration: 555ms -->
    <step title="Outgoing response" date="2025-05-21T19:28:01.953" type="response" statusCode="202" statusText="Accepted" /><!-- duration: 9ms -->
  </step><!-- duration: 1136ms -->
