<step title="BackgroundTrace" date="2025-07-31T18:30:29.404" instance="a45adb" url="/api/zipdeploy" method="POST" >
  <step title="Creating temporary deployment - FetchDeploymentManager" date="2025-07-31T18:30:29.459" /><!-- duration: 4ms -->
  <step title="Creating temporary deployment" date="2025-07-31T18:30:29.467" /><!-- duration: 66ms -->
  <step title="Performing fetch based deployment" date="2025-07-31T18:30:29.561" >
    <step title="Cleaning up temp folders from previous zip deployments and extracting pushed zip file /tmp/zipdeploy/3b2a78e9-14df-4af7-b538-b2ae3227966c.zip (0.03 MB) to /tmp/zipdeploy/extracted" date="2025-07-31T18:30:30.728" >
      <step title="ChmodRecursive Process exited with total time taken in ms: 102" date="2025-07-31T18:30:30.875" /><!-- duration: 18ms -->
    </step><!-- duration: 185ms -->
    <step title="Deployment timer started" date="2025-07-31T18:30:32.927" >
      <step title="DeploymentManager.Deploy(id:1d6d4646-cd6b-41a9-96b0-eee5cc3bc5a3)" date="2025-07-31T18:30:32.935" >
        <step title="Collecting changeset information" date="2025-07-31T18:30:32.948" /><!-- duration: 90ms -->
        <step title="Updating submodules" date="2025-07-31T18:30:33.044" /><!-- duration: 1165ms -->
        <step title="Determining deployment builder" date="2025-07-31T18:30:34.703" >
          <step title="Builder is OryxBuilder" date="2025-07-31T18:30:34.725" /><!-- duration: 8ms -->
        </step><!-- duration: 34ms -->
        <step title="PreDeployment: context.CleanOutputPath False" date="2025-07-31T18:30:34.805" >
          <step title="PreDeployment: context.OutputPath /home/site/wwwroot" date="2025-07-31T18:30:35.179" >
            <step title="Building" date="2025-07-31T18:30:35.337" >
              <step title="Executing external process" date="2025-07-31T18:30:35.697" type="process" path="bash" arguments="-c &quot;oryx build /tmp/zipdeploy/extracted -o /home/site/wwwroot --platform python --platform-version 3.11 -p virtualenv_name=antenv --log-file /tmp/build-debug.log  -i /tmp/8ddd06056c197b7 --compress-destination-dir | tee /tmp/oryx-build.log ; exit $PIPESTATUS &quot;" /><!-- duration: 65468ms -->
              <step title="Using PythonDeploymentLogParser" date="2025-07-31T18:31:41.753" /><!-- duration: 10ms -->
              <step title="Triggering recycle (preview mode disabled)." date="2025-07-31T18:31:43.178" /><!-- duration: 30ms -->
              <step title="Modified file to trigger a restart of the app container." date="2025-07-31T18:31:43.261" /><!-- duration: 9ms -->
              <step title="Skip function trigger and logicapp sync because function is not enabled." date="2025-07-31T18:31:43.281" /><!-- duration: 11ms -->
              <step title="Purge deployment items" date="2025-07-31T18:31:44.350" >
                <step title="Remove d6370e97-, Success, received at 07/31/2025 14:21:54" date="2025-07-31T18:31:44.405" /><!-- duration: 3ms -->
              </step><!-- duration: 61ms -->
            </step><!-- duration: 69133ms -->
          </step><!-- duration: 69296ms -->
          <step title="Cleaning up temp files" date="2025-07-31T18:31:44.478" /><!-- duration: 1902ms -->
          <step title="Cleaning up temp files" date="2025-07-31T18:31:46.387" /><!-- duration: 509ms -->
          <step title="Reloading status file with latest updates" date="2025-07-31T18:31:46.923" >
            <step title="WebHooksManager.PublishEventAsync: PostDeployment" date="2025-07-31T18:31:46.932" /><!-- duration: 52ms -->
          </step><!-- duration: 64ms -->
          <step title="Cleaning up temporary deployment - fetch deployment was successful" date="2025-07-31T18:31:46.992" /><!-- duration: 3ms -->
        </step><!-- duration: 72247ms -->
      </step><!-- duration: 74133ms -->
