<step title="Incoming Request" date="2025-05-21T18:32:57.736" instance="e0f283" url="/api/zipdeploy?author=ms-azuretools-vscode&amp;deployer=ms-azuretools-vscode&amp;isAsync=true&amp;trackDeploymentId=true" method="POST" type="request" pid="776,1,29" Host="la-zeiterfassung-fyd4cge3d9e3cac4.scm.germanywestcentral-01.azurewebsites.net" User-Agent="vscode-azureappservice/0.26.1 core-rest-pipeline/1.19.1 Node/20.19.0 OS/(arm64-Darwin-24.3.0)" Accept-Encoding="gzip,deflate" Accept-Language="de" Authorization="Bea..." Transfer-Encoding="chunked" x-ms-correlation-request-id="e3cc1354-cf57-4745-8600-04d4b9abd832" x-ms-client-request-id="626bca6a-f8c8-48d1-8ef1-5273907b0766" X-ARR-LOG-ID="626bca6a-f8c8-48d1-8ef1-5273907b0766" CLIENT-IP="84.138.91.166:59409" X-SITE-DEPLOYMENT-ID="LA-Zeiterfassung" WAS-DEFAULT-HOSTNAME="la-zeiterfassung-fyd4cge3d9e3cac4.scm.germanywestcentral-01.azurewebsites.net" X-Forwarded-Proto="https" X-AppService-Proto="https" X-Forwarded-TlsVersion="1.3" X-WAWS-Unencoded-URL="/api/zipdeploy?author=ms-azuretools-vscode&amp;deployer=ms-azuretools-vscode&amp;isAsync=true&amp;trackDeploymentId=true" X-Client-IP="84.138.91.166" X-Client-Port="59409" >
  <step title="ZipPushDeploy" date="2025-05-21T18:32:57.787" >
    <step title="ZipDeploy. Extract zip." date="2025-05-21T18:32:57.827" /><!-- duration: 9ms -->
    <step title="Starting PushDeployAsync" date="2025-05-21T18:32:57.857" /><!-- duration: 2ms -->
    <step title="Error occurred" date="2025-05-21T18:32:57.899" type="error" text="Error removing symlink: Path doesn&apos;t exist!" stackTrace="   at Mono.Unix.UnixFileSystemInfo.AssertValid()
   at Mono.Unix.UnixFileSystemInfo.get_FileType()
   at Kudu.Services.Deployment.PushDeploymentController.PushDeployAsync(ArtifactDeploymentInfo deploymentInfo, Boolean isAsync, HttpContext context, JObject requestJson) in /tmp/KuduLite/Kudu.Services/Deployment/PushDeploymentController.cs:line 740" /><!-- duration: 10ms -->
    <step title="Writing artifact to /tmp/zipdeploy/611ec45a-c3de-4983-b3b1-384521ff4414.zip" date="2025-05-21T18:32:57.936" >
      <step title="Writing multipart request body to /tmp/zipdeploy/611ec45a-c3de-4983-b3b1-384521ff4414.zip" date="2025-05-21T18:32:57.939" /><!-- duration: 38ms -->
    </step><!-- duration: 61ms -->
    <step title="Start deployment in the background" date="2025-05-21T18:32:58.068" >
      <step title="Acquiring Deployment Lock" date="2025-05-21T18:32:58.119" /><!-- duration: 9ms -->
      <step title="Cannot Acquire Deployment Lock already held" date="2025-05-21T18:32:58.230" /><!-- duration: 8ms -->
    </step><!-- duration: 293ms -->
    <step title="There is a deployment currently in progress. Please try again when it completes." date="2025-05-21T18:32:58.399" /><!-- duration: 9ms -->
  </step><!-- duration: 633ms -->
  <step title="Outgoing response" date="2025-05-21T18:32:58.450" type="response" statusCode="409" statusText="Conflict" /><!-- duration: 19ms -->
</step><!-- duration: 745ms -->
