<step title="BackgroundTrace" date="2025-05-21T17:07:41.677" instance="e0f283" url="/api/zipdeploy" method="POST" >
  <step title="Creating temporary deployment - FetchDeploymentManager" date="2025-05-21T17:07:41.755" /><!-- duration: 2ms -->
  <step title="Creating temporary deployment" date="2025-05-21T17:07:41.761" /><!-- duration: 84ms -->
  <step title="Performing fetch based deployment" date="2025-05-21T17:07:41.899" >
    <step title="Cleaning up temp folders from previous zip deployments and extracting pushed zip file /tmp/zipdeploy/1a6bb96e-8522-420a-97db-1f5ec28095cf.zip (0.01 MB) to /tmp/zipdeploy/extracted" date="2025-05-21T17:07:43.100" >
      <step title="ChmodRecursive Process exited with total time taken in ms: 102" date="2025-05-21T17:07:43.259" /><!-- duration: 10ms -->
    </step><!-- duration: 179ms -->
    <step title="Deployment timer started" date="2025-05-21T17:07:45.308" >
      <step title="DeploymentManager.Deploy(id:b6668222-3061-4f13-8585-2375216c829f)" date="2025-05-21T17:07:45.322" >
        <step title="Collecting changeset information" date="2025-05-21T17:07:45.363" /><!-- duration: 102ms -->
        <step title="Updating submodules" date="2025-05-21T17:07:45.474" /><!-- duration: 1137ms -->
        <step title="Determining deployment builder" date="2025-05-21T17:07:46.782" >
          <step title="Builder is OryxBuilder" date="2025-05-21T17:07:46.821" /><!-- duration: 11ms -->
        </step><!-- duration: 57ms -->
        <step title="PreDeployment: context.CleanOutputPath False" date="2025-05-21T17:07:46.884" >
          <step title="PreDeployment: context.OutputPath /home/site/wwwroot" date="2025-05-21T17:07:46.982" >
            <step title="Building" date="2025-05-21T17:07:47.102" >
              <step title="Executing external process" date="2025-05-21T17:07:47.438" type="process" path="bash" arguments="-c &quot;oryx build /tmp/zipdeploy/extracted -o /home/site/wwwroot --platform python --platform-version 3.11 -p virtualenv_name=antenv --log-file /tmp/build-debug.log  -i /tmp/8dd988a0254a10e --compress-destination-dir | tee /tmp/oryx-build.log ; exit $PIPESTATUS &quot;" >
                <step title="Error occurred" date="2025-05-21T17:09:29.328" type="error" text="GetParentProcessLinux (919) failed.: Could not find a part of the path &apos;/proc/919/stat&apos;." stackTrace="   at Microsoft.Win32.SafeHandles.SafeFileHandle.Open(String , OpenFlags , Int32 )
   at Microsoft.Win32.SafeHandles.SafeFileHandle.Open(String , FileMode , FileAccess , FileShare , FileOptions , Int64 )
   at System.IO.Strategies.OSFileStreamStrategy..ctor(String , FileMode , FileAccess , FileShare , FileOptions , Int64 )
   at System.IO.Strategies.FileStreamHelpers.ChooseStrategy(FileStream , String , FileMode , FileAccess , FileShare , Int32 , FileOptions , Int64 )
   at System.IO.StreamReader.ValidateArgsAndOpenPath(String , Encoding , Int32 )
   at System.IO.File.ReadLines(String )
   at Kudu.Core.Infrastructure.ProcessExtensions.GetParentProcessLinux(Process process, ITracer tracer) in /tmp/KuduLite/Kudu.Core/Infrastructure/ProcessExtensions.cs:line 155" /><!-- duration: 50ms -->
                <step title="Cpu: build.sh(818,0.050s)+oryx(797,3.380s)+tee(798,0.000s)+bash(796,0.000s)=total(3.430s)" date="2025-05-21T17:09:29.821" /><!-- duration: 28ms -->
                <step title="bash: no io activity for 61s, prev-cpu=-1.000s, current-cpu=3.430s" date="2025-05-21T17:09:29.859" /><!-- duration: 111ms -->
