<step title="Incoming Request" date="2025-07-31T15:11:25.144" instance="a45adb" url="/logstream" method="GET" type="request" pid="769,1,26" Host="la-zeiterfassung-fyd4cge3d9e3cac4.scm.azurewebsites.net" User-Agent="AZURECLI/2.75.0 (HOMEBREW)" Accept-Encoding="identity" Authorization="Bas..." x-ms-client-request-id="4263feb2-6e20-11f0-a1a2-3ecdac25f1e6" X-ARR-LOG-ID="4263feb2-6e20-11f0-a1a2-3ecdac25f1e6" CLIENT-IP="84.138.86.68:64496" X-SITE-DEPLOYMENT-ID="la-zeiterfassung-fyd4cge3d9e3cac4" WAS-DEFAULT-HOSTNAME="la-zeiterfassung-fyd4cge3d9e3cac4.scm.azurewebsites.net" X-Forwarded-Proto="https" X-AppService-Proto="https" X-Forwarded-TlsVersion="1.3" X-WAWS-Unencoded-URL="/logstream" X-Client-IP="84.138.86.68" X-Client-Port="64496" >
  <step title="Cleanup Xml Logs" date="2025-07-31T15:11:25.148" >
    <step title="Cleanup Infos" date="2025-07-31T15:11:25.158" totalFiles="230" totalCleanup="70" /><!-- duration: 20ms -->
  </step><!-- duration: 34ms -->
  <step title="LogStreamHandlerMiddleware.Invoke" date="2025-07-31T15:11:25.228" /><!-- duration: 2962ms -->
  <step title="Error occurred" date="2025-07-31T17:11:25.558" type="error" text="LogStreamManager: Inside TerminateClient" /><!-- duration: 8ms -->
  <step title="Error occurred" date="2025-07-31T17:11:25.580" type="error" text="LogStreamManager: Inside Reset" /><!-- duration: 4ms -->
  <step title="Error occurred" date="2025-07-31T18:05:28.903" type="error" text="LogStreamManager: ProcessRequest end" /><!-- duration: 9ms -->
  <step title="Outgoing response" date="2025-07-31T18:05:28.955" type="response" statusCode="200" statusText="OK" /><!-- duration: 5ms -->
</step><!-- duration: 10443819ms -->
