<step title="Incoming Request" date="2025-07-31T19:24:27.273" instance="a45adb" url="/api/deployments/latest" method="GET" type="request" pid="769,1,66" Accept="*/*" Host="la-zeiterfassung-fyd4cge3d9e3cac4.scm.azurewebsites.net" User-Agent="AZURECLI/2.75.0 (HOMEBREW)" Accept-Encoding="gzip, deflate" Authorization="Bas..." x-ms-client-request-id="f18e705c-6e43-11f0-ab54-3ecdac25f1e6" X-ARR-LOG-ID="f18e705c-6e43-11f0-ab54-3ecdac25f1e6" CLIENT-IP="84.138.86.68:59852" X-SITE-DEPLOYMENT-ID="la-zeiterfassung-fyd4cge3d9e3cac4" WAS-DEFAULT-HOSTNAME="la-zeiterfassung-fyd4cge3d9e3cac4.scm.azurewebsites.net" X-Forwarded-Proto="https" X-AppService-Proto="https" X-Forwarded-TlsVersion="1.3" X-WAWS-Unencoded-URL="/api/deployments/latest" X-Client-IP="84.138.86.68" X-Client-Port="59852" >
  <step title="Cleanup Xml Logs" date="2025-07-31T19:24:27.303" >
    <step title="Cleanup Infos" date="2025-07-31T19:24:27.416" totalFiles="326" totalCleanup="166" /><!-- duration: 38ms -->
  </step><!-- duration: 211ms -->
  <step title="DeploymentService.GetResult" date="2025-07-31T19:24:27.699" >
    <step title="DeploymentService.GetLatestDeployment" date="2025-07-31T19:24:27.788" >
      <step title="DeploymentManager.GetResults" date="2025-07-31T19:24:27.837" /><!-- duration: 1597ms -->
    </step><!-- duration: 1696ms -->
  </step><!-- duration: 1837ms -->
  <step title="Outgoing response" date="2025-07-31T19:24:29.624" type="response" statusCode="202" statusText="Accepted" /><!-- duration: 20ms -->
</step><!-- duration: 2401ms -->
