<step title="Incoming Request" date="2025-05-21T20:35:05.156" instance="e0f283" url="/api/deployments/latest" method="GET" type="request" pid="770,1,15" Host="la-zeiterfassung-fyd4cge3d9e3cac4.scm.germanywestcentral-01.azurewebsites.net" User-Agent="vscode-azureappservice/0.26.1 core-rest-pipeline/1.19.1 Node/20.19.0 OS/(arm64-Darwin-24.3.0)" Accept-Encoding="gzip,deflate" Accept-Language="de" Authorization="Bea..." x-ms-correlation-request-id="fff0b9b5-d6f0-4e8e-b5e6-88881c60678d" x-ms-client-request-id="51a1c641-cad3-49f3-a05a-d254e24524d7" X-ARR-LOG-ID="51a1c641-cad3-49f3-a05a-d254e24524d7" CLIENT-IP="84.138.91.166:64833" X-SITE-DEPLOYMENT-ID="LA-Zeiterfassung" WAS-DEFAULT-HOSTNAME="la-zeiterfassung-fyd4cge3d9e3cac4.scm.germanywestcentral-01.azurewebsites.net" X-Forwarded-Proto="https" X-AppService-Proto="https" X-Forwarded-TlsVersion="1.3" X-WAWS-Unencoded-URL="/api/deployments/latest" X-Client-IP="84.138.91.166" X-Client-Port="64833" >
  <step title="Cleanup Xml Logs" date="2025-05-21T20:35:05.160" >
    <step title="Cleanup Infos" date="2025-05-21T20:35:05.175" totalFiles="414" totalCleanup="254" /><!-- duration: 4ms -->
  </step><!-- duration: 22ms -->
  <step title="DeploymentService.GetResult" date="2025-05-21T20:35:05.202" >
    <step title="DeploymentService.GetLatestDeployment" date="2025-05-21T20:35:05.211" >
      <step title="DeploymentManager.GetResults" date="2025-05-21T20:35:05.221" /><!-- duration: 1800ms -->
    </step><!-- duration: 1840ms -->
  </step><!-- duration: 1862ms -->
  <step title="Outgoing response" date="2025-05-21T20:35:07.152" type="response" statusCode="202" statusText="Accepted" /><!-- duration: 20ms -->
</step><!-- duration: 2036ms -->
