<step title="Incoming Request" date="2025-07-28T22:49:40.394" instance="a45adb" url="/api/publish?type=zip" method="POST" type="request" pid="769,1,21" Accept="*/*" Host="la-zeiterfassung-fyd4cge3d9e3cac4.scm.azurewebsites.net" User-Agent="AZURECLI/2.75.0 (HOMEBREW)" Accept-Encoding="gzip, deflate" Authorization="Bas..." Cache-Control="no-cache" Content-Type="application/octet-stream" Cookie="ARRAffinity=a45adbe19489ea2b14e790f681e17ad6f03a5528ca730625ec513d016d2b4c91; ARRAffinitySameSite=a45adbe19489ea2b14e790f681e17ad6f03a5528ca730625ec513d016d2b4c91" Content-Length="6994" x-ms-client-request-id="20675dee-6c05-11f0-ab70-3ecdac25f1e6" x-ms-artifact-checksum="ccf2c0c40d3e71aa729e9249793dd9027b0b562098ad63fa35fbec668b119019" X-ARR-LOG-ID="20675dee-6c05-11f0-ab70-3ecdac25f1e6" CLIENT-IP="84.138.86.68:62284" X-SITE-DEPLOYMENT-ID="la-zeiterfassung-fyd4cge3d9e3cac4" WAS-DEFAULT-HOSTNAME="la-zeiterfassung-fyd4cge3d9e3cac4.scm.azurewebsites.net" X-Forwarded-Proto="https" X-AppService-Proto="https" X-Forwarded-TlsVersion="1.3" X-WAWS-Unencoded-URL="/api/publish?type=zip" X-Client-IP="84.138.86.68" X-Client-Port="62284" >
  <step title="OneDeploy" date="2025-07-28T22:49:40.445" >
    <step title="Starting PushDeployAsync" date="2025-07-28T22:49:40.459" /><!-- duration: 7ms -->
    <step title="Writing artifact to /tmp/zipdeploy/0d872e06-295c-423b-a83b-f213e00ae820.zip" date="2025-07-28T22:49:40.484" >
      <step title="Writing multipart request body to /tmp/zipdeploy/0d872e06-295c-423b-a83b-f213e00ae820.zip" date="2025-07-28T22:49:40.487" /><!-- duration: 15ms -->
    </step><!-- duration: 80ms -->
    <step title="Attempting to fetch target branch HEAD" date="2025-07-28T22:49:40.594" /><!-- duration: 10ms -->
    <step title="Acquiring Deployment Lock" date="2025-07-28T22:49:40.613" /><!-- duration: 13ms -->
    <step title="Acquired Deployment Lock" date="2025-07-28T22:49:40.677" /><!-- duration: 3ms -->
    <step title="Performing fetch based deployment" date="2025-07-28T22:49:40.687" >
      <step title="Creating temporary deployment" date="2025-07-28T22:49:40.690" /><!-- duration: 71ms -->
      <step title="Releasing Deployment Lock" date="2025-07-28T22:49:42.013" /><!-- duration: 29ms -->
      <step title="Cleaning up temp folders from previous zip deployments and extracting pushed zip file /tmp/zipdeploy/0d872e06-295c-423b-a83b-f213e00ae820.zip (0.01 MB) to /tmp/zipdeploy/extracted" date="2025-07-28T22:49:42.114" >
        <step title="ChmodRecursive Process exited with total time taken in ms: 118" date="2025-07-28T22:49:42.269" /><!-- duration: 10ms -->
      </step><!-- duration: 196ms -->
      <step title="None repository commit" date="2025-07-28T22:49:42.314" >
        <step title="Commit id: f81ef343-8684-40ff-922f-bf4ae57de77a" date="2025-07-28T22:49:42.322" Message="OneDeploy" AuthorName="N/A" AuthorEmail="N/A" /><!-- duration: 3ms -->
      </step><!-- duration: 18ms -->
      <step title="Deployment timer started" date="2025-07-28T22:49:44.336" >
        <step title="DeploymentManager.Deploy(id:f81ef343-8684-40ff-922f-bf4ae57de77a)" date="2025-07-28T22:49:44.342" >
          <step title="Collecting changeset information" date="2025-07-28T22:49:44.380" /><!-- duration: 100ms -->
          <step title="Updating submodules" date="2025-07-28T22:49:44.487" /><!-- duration: 1151ms -->
          <step title="Determining deployment builder" date="2025-07-28T22:49:45.922" >
            <step title="Builder is OryxBuilder" date="2025-07-28T22:49:45.945" /><!-- duration: 7ms -->
          </step><!-- duration: 39ms -->
          <step title="PreDeployment: context.CleanOutputPath False" date="2025-07-28T22:49:46.006" >
            <step title="PreDeployment: context.OutputPath /home/site/wwwroot" date="2025-07-28T22:49:46.125" >
              <step title="Building" date="2025-07-28T22:49:46.309" >
                <step title="Executing external process" date="2025-07-28T22:49:46.708" type="process" path="bash" arguments="-c &quot;oryx build /tmp/zipdeploy/extracted -o /home/site/wwwroot --platform python --platform-version 3.11 -p virtualenv_name=antenv --log-file /tmp/build-debug.log  -i /tmp/8ddce290cc43bac --compress-destination-dir | tee /tmp/oryx-build.log ; exit $PIPESTATUS &quot;" /><!-- duration: 93055ms -->
                <step title="Using PythonDeploymentLogParser" date="2025-07-28T22:51:20.488" /><!-- duration: 9ms -->
                <step title="Modified file to trigger a restart of the app container." date="2025-07-28T22:51:22.525" /><!-- duration: 10ms -->
                <step title="Skip function trigger and logicapp sync because function is not enabled." date="2025-07-28T22:51:22.554" /><!-- duration: 23ms -->
                <step title="Purge deployment items" date="2025-07-28T22:51:23.778" >
                  <step title="Remove temp-b281, Pending, received at 07/28/2025 22:50:57" date="2025-07-28T22:51:23.878" /><!-- duration: 10ms -->
                  <step title="Remove temp-9bae, Pending, received at 07/28/2025 22:49:40" date="2025-07-28T22:51:24.008" /><!-- duration: 9ms -->
                  <step title="Remove ef9ec4f0-, Failed, received at 07/28/2025 22:44:28" date="2025-07-28T22:51:24.088" /><!-- duration: 9ms -->
                </step><!-- duration: 328ms -->
              </step><!-- duration: 97895ms -->
            </step><!-- duration: 98090ms -->
            <step title="Cleaning up temp files" date="2025-07-28T22:51:24.226" /><!-- duration: 2763ms -->
            <step title="Cleaning up temp files" date="2025-07-28T22:51:27.010" /><!-- duration: 529ms -->
            <step title="Reloading status file with latest updates" date="2025-07-28T22:51:27.741" >
              <step title="WebHooksManager.PublishEventAsync: PostDeployment" date="2025-07-28T22:51:27.792" /><!-- duration: 79ms -->
            </step><!-- duration: 140ms -->
            <step title="Cleaning up temporary deployment - fetch deployment was successful" date="2025-07-28T22:51:27.902" /><!-- duration: 9ms -->
          </step><!-- duration: 102008ms -->
        </step><!-- duration: 103729ms -->
        <step title="Outgoing response" date="2025-07-28T22:51:28.085" type="response" statusCode="200" statusText="OK" /><!-- duration: 28ms -->
      </step><!-- duration: 103786ms -->
