<step title="BackgroundTrace" date="2025-07-31T18:27:48.472" instance="a45adb" url="/api/zipdeploy" method="POST" >
  <step title="Creating temporary deployment - FetchDeploymentManager" date="2025-07-31T18:27:48.521" /><!-- duration: 3ms -->
  <step title="Creating temporary deployment" date="2025-07-31T18:27:48.530" /><!-- duration: 60ms -->
  <step title="Performing fetch based deployment" date="2025-07-31T18:27:48.637" >
    <step title="Cleaning up temp folders from previous zip deployments and extracting pushed zip file /tmp/zipdeploy/7e1d05f4-d7b9-476e-a322-aa8d4c20179c.zip (0.03 MB) to /tmp/zipdeploy/extracted" date="2025-07-31T18:27:49.797" >
      <step title="ChmodRecursive Process exited with total time taken in ms: 56" date="2025-07-31T18:27:49.909" /><!-- duration: 10ms -->
    </step><!-- duration: 161ms -->
    <step title="Deployment timer started" date="2025-07-31T18:27:51.986" >
      <step title="DeploymentManager.Deploy(id:135eb03c-1b1e-430c-94da-bc19d8b87fb9)" date="2025-07-31T18:27:52.001" >
        <step title="Collecting changeset information" date="2025-07-31T18:27:52.031" /><!-- duration: 148ms -->
        <step title="Updating submodules" date="2025-07-31T18:27:52.184" /><!-- duration: 1133ms -->
        <step title="Determining deployment builder" date="2025-07-31T18:27:53.559" >
          <step title="Builder is OryxBuilder" date="2025-07-31T18:27:53.590" /><!-- duration: 13ms -->
        </step><!-- duration: 48ms -->
        <step title="PreDeployment: context.CleanOutputPath False" date="2025-07-31T18:27:53.644" >
          <step title="PreDeployment: context.OutputPath /home/site/wwwroot" date="2025-07-31T18:27:53.750" >
            <step title="Building" date="2025-07-31T18:27:53.885" >
              <step title="Executing external process" date="2025-07-31T18:27:54.258" type="process" path="bash" arguments="-c &quot;oryx build /tmp/zipdeploy/extracted -o /home/site/wwwroot --platform python --platform-version 3.11 -p virtualenv_name=antenv --log-file /tmp/build-debug.log  -i /tmp/8ddd05ff6b674a9 --compress-destination-dir | tee /tmp/oryx-build.log ; exit $PIPESTATUS &quot;" /><!-- duration: 63848ms -->
              <step title="Using PythonDeploymentLogParser" date="2025-07-31T18:28:58.455" /><!-- duration: 3ms -->
              <step title="Triggering recycle (preview mode disabled)." date="2025-07-31T18:28:59.432" /><!-- duration: 13ms -->
              <step title="Modified file to trigger a restart of the app container." date="2025-07-31T18:28:59.473" /><!-- duration: 4ms -->
              <step title="Skip function trigger and logicapp sync because function is not enabled." date="2025-07-31T18:28:59.481" /><!-- duration: 3ms -->
              <step title="Purge deployment items" date="2025-07-31T18:29:00.490" >
                <step title="Remove 5a1c7607-, Success, received at 07/31/2025 14:16:12" date="2025-07-31T18:29:00.545" /><!-- duration: 2ms -->
              </step><!-- duration: 61ms -->
            </step><!-- duration: 66729ms -->
          </step><!-- duration: 66869ms -->
          <step title="Cleaning up temp files" date="2025-07-31T18:29:00.622" /><!-- duration: 1933ms -->
          <step title="Cleaning up temp files" date="2025-07-31T18:29:02.560" /><!-- duration: 515ms -->
          <step title="Reloading status file with latest updates" date="2025-07-31T18:29:03.106" >
            <step title="WebHooksManager.PublishEventAsync: PostDeployment" date="2025-07-31T18:29:03.116" /><!-- duration: 36ms -->
          </step><!-- duration: 48ms -->
          <step title="Cleaning up temporary deployment - fetch deployment was successful" date="2025-07-31T18:29:03.158" /><!-- duration: 2ms -->
        </step><!-- duration: 69556ms -->
      </step><!-- duration: 71216ms -->
