<step title="BackgroundTrace" date="2025-07-31T14:58:04.398" instance="a45adb" url="/api/zipdeploy" method="POST" >
  <step title="Creating temporary deployment - FetchDeploymentManager" date="2025-07-31T14:58:04.527" /><!-- duration: 5ms -->
  <step title="Creating temporary deployment" date="2025-07-31T14:58:04.539" /><!-- duration: 68ms -->
  <step title="Performing fetch based deployment" date="2025-07-31T14:58:04.637" >
    <step title="Cleaning up temp folders from previous zip deployments and extracting pushed zip file /tmp/zipdeploy/b33989de-9cc4-4b17-a86e-87d50fbceeeb.zip (0.03 MB) to /tmp/zipdeploy/extracted" date="2025-07-31T14:58:05.802" >
      <step title="ChmodRecursive Process exited with total time taken in ms: 90" date="2025-07-31T14:58:05.974" /><!-- duration: 10ms -->
    </step><!-- duration: 191ms -->
    <step title="Deployment timer started" date="2025-07-31T14:58:08.014" >
      <step title="DeploymentManager.Deploy(id:00c271c3-6752-4437-b45a-047cfa461d05)" date="2025-07-31T14:58:08.029" >
        <step title="Collecting changeset information" date="2025-07-31T14:58:08.070" /><!-- duration: 119ms -->
        <step title="Updating submodules" date="2025-07-31T14:58:08.195" /><!-- duration: 1117ms -->
        <step title="Determining deployment builder" date="2025-07-31T14:58:10.030" >
          <step title="Builder is OryxBuilder" date="2025-07-31T14:58:10.055" /><!-- duration: 9ms -->
        </step><!-- duration: 37ms -->
        <step title="PreDeployment: context.CleanOutputPath False" date="2025-07-31T14:58:10.123" >
          <step title="PreDeployment: context.OutputPath /home/site/wwwroot" date="2025-07-31T14:58:10.258" >
            <step title="Building" date="2025-07-31T14:58:10.431" >
              <step title="Executing external process" date="2025-07-31T14:58:10.999" type="process" path="bash" arguments="-c &quot;oryx build /tmp/zipdeploy/extracted -o /home/site/wwwroot --platform python --platform-version 3.11 -p virtualenv_name=antenv --log-file /tmp/build-debug.log  -i /tmp/8ddd042aa577104 --compress-destination-dir | tee /tmp/oryx-build.log ; exit $PIPESTATUS &quot;" /><!-- duration: 63999ms -->
              <step title="Using PythonDeploymentLogParser" date="2025-07-31T14:59:15.394" /><!-- duration: 4ms -->
              <step title="Triggering recycle (preview mode disabled)." date="2025-07-31T14:59:16.427" /><!-- duration: 8ms -->
              <step title="Modified file to trigger a restart of the app container." date="2025-07-31T14:59:16.463" /><!-- duration: 2ms -->
              <step title="Skip function trigger and logicapp sync because function is not enabled." date="2025-07-31T14:59:16.470" /><!-- duration: 9ms -->
              <step title="Purge deployment items" date="2025-07-31T14:59:17.424" >
                <step title="Remove f1c492c4-, Success, received at 07/31/2025 13:30:42" date="2025-07-31T14:59:17.474" /><!-- duration: 6ms -->
              </step><!-- duration: 61ms -->
            </step><!-- duration: 67117ms -->
          </step><!-- duration: 67295ms -->
          <step title="Cleaning up temp files" date="2025-07-31T14:59:17.555" /><!-- duration: 1959ms -->
          <step title="Cleaning up temp files" date="2025-07-31T14:59:19.522" /><!-- duration: 517ms -->
          <step title="Reloading status file with latest updates" date="2025-07-31T14:59:20.076" >
            <step title="WebHooksManager.PublishEventAsync: PostDeployment" date="2025-07-31T14:59:20.090" /><!-- duration: 28ms -->
          </step><!-- duration: 45ms -->
          <step title="Cleaning up temporary deployment - fetch deployment was successful" date="2025-07-31T14:59:20.126" /><!-- duration: 3ms -->
        </step><!-- duration: 70064ms -->
      </step><!-- duration: 72175ms -->
