<step title="Incoming Request" date="2025-05-21T19:31:01.929" instance="e0f283" url="/api/deployments/latest?deployer=ms-azuretools-vscode&amp;time=2025-05-21_19-30-50Z" method="GET" type="request" pid="772,1,18" Host="la-zeiterfassung-fyd4cge3d9e3cac4.scm.germanywestcentral-01.azurewebsites.net" User-Agent="vscode-azureappservice/0.26.1 core-rest-pipeline/1.19.1 Node/20.19.0 OS/(arm64-Darwin-24.3.0)" Accept-Encoding="gzip,deflate" Accept-Language="de" Authorization="Bea..." x-ms-correlation-request-id="12eca0b6-830f-492c-9c1a-add5a71bb141" x-ms-client-request-id="f53619f6-b16e-439d-8d76-1391587491f9" X-ARR-LOG-ID="f53619f6-b16e-439d-8d76-1391587491f9" CLIENT-IP="84.138.91.166:59781" X-SITE-DEPLOYMENT-ID="LA-Zeiterfassung" WAS-DEFAULT-HOSTNAME="la-zeiterfassung-fyd4cge3d9e3cac4.scm.germanywestcentral-01.azurewebsites.net" X-Forwarded-Proto="https" X-AppService-Proto="https" X-Forwarded-TlsVersion="1.3" X-WAWS-Unencoded-URL="/api/deployments/latest?deployer=ms-azuretools-vscode&amp;time=2025-05-21_19-30-50Z" X-Client-IP="84.138.91.166" X-Client-Port="59781" >
  <step title="Cleanup Xml Logs" date="2025-05-21T19:31:01.950" >
    <step title="Cleanup Infos" date="2025-05-21T19:31:02.042" totalFiles="322" totalCleanup="162" /><!-- duration: 88ms -->
  </step><!-- duration: 202ms -->
  <step title="DeploymentService.GetResult" date="2025-05-21T19:31:02.351" >
    <step title="DeploymentService.GetLatestDeployment" date="2025-05-21T19:31:02.411" >
      <step title="DeploymentManager.GetResults" date="2025-05-21T19:31:02.423" /><!-- duration: 3077ms -->
    </step><!-- duration: 3188ms -->
  </step><!-- duration: 3270ms -->
  <step title="Outgoing response" date="2025-05-21T19:31:06.032" type="response" statusCode="202" statusText="Accepted" /><!-- duration: 21ms -->
</step><!-- duration: 4145ms -->
