<step title="Incoming Request" date="2025-07-31T20:22:30.123" instance="a45adb" url="/api/deployments/latest" method="GET" type="request" pid="772,1,29" Accept="*/*" Host="la-zeiterfassung-fyd4cge3d9e3cac4.scm.azurewebsites.net" User-Agent="AZURECLI/2.75.0 (HOMEBREW)" Accept-Encoding="gzip, deflate" Authorization="Bas..." x-ms-client-request-id="0bc58d4a-6e4c-11f0-9d98-3ecdac25f1e6" X-ARR-LOG-ID="0bc58d4a-6e4c-11f0-9d98-3ecdac25f1e6" CLIENT-IP="84.138.86.68:62285" X-SITE-DEPLOYMENT-ID="la-zeiterfassung-fyd4cge3d9e3cac4" WAS-DEFAULT-HOSTNAME="la-zeiterfassung-fyd4cge3d9e3cac4.scm.azurewebsites.net" X-Forwarded-Proto="https" X-AppService-Proto="https" X-Forwarded-TlsVersion="1.3" X-WAWS-Unencoded-URL="/api/deployments/latest" X-Client-IP="84.138.86.68" X-Client-Port="62285" >
  <step title="Cleanup Xml Logs" date="2025-07-31T20:22:30.141" >
    <step title="Cleanup Infos" date="2025-07-31T20:22:30.171" totalFiles="358" totalCleanup="198" /><!-- duration: 15ms -->
  </step><!-- duration: 56ms -->
  <step title="DeploymentService.GetResult" date="2025-07-31T20:22:30.354" >
    <step title="DeploymentService.GetLatestDeployment" date="2025-07-31T20:22:30.364" >
      <step title="DeploymentManager.GetResults" date="2025-07-31T20:22:30.367" /><!-- duration: 606ms -->
    </step><!-- duration: 619ms -->
  </step><!-- duration: 637ms -->
  <step title="Outgoing response" date="2025-07-31T20:22:30.997" type="response" statusCode="202" statusText="Accepted" /><!-- duration: 3ms -->
</step><!-- duration: 882ms -->
