<step title="Incoming Request" date="2025-05-21T18:32:47.913" instance="e0f283" url="/api/zipdeploy?author=ms-azuretools-vscode&amp;deployer=ms-azuretools-vscode&amp;isAsync=true&amp;trackDeploymentId=true" method="POST" type="request" pid="776,1,16" Host="la-zeiterfassung-fyd4cge3d9e3cac4.scm.germanywestcentral-01.azurewebsites.net" User-Agent="vscode-azureappservice/0.26.1 core-rest-pipeline/1.19.1 Node/20.19.0 OS/(arm64-Darwin-24.3.0)" Accept-Encoding="gzip,deflate" Accept-Language="de" Authorization="Bea..." Transfer-Encoding="chunked" x-ms-correlation-request-id="8c6f2c55-1c23-4509-8fef-221c6799c348" x-ms-client-request-id="141a35dc-eaa6-4be6-8346-997485e6baa0" X-ARR-LOG-ID="141a35dc-eaa6-4be6-8346-997485e6baa0" CLIENT-IP="84.138.91.166:61818" X-SITE-DEPLOYMENT-ID="LA-Zeiterfassung" WAS-DEFAULT-HOSTNAME="la-zeiterfassung-fyd4cge3d9e3cac4.scm.germanywestcentral-01.azurewebsites.net" X-Forwarded-Proto="https" X-AppService-Proto="https" X-Forwarded-TlsVersion="1.3" X-WAWS-Unencoded-URL="/api/zipdeploy?author=ms-azuretools-vscode&amp;deployer=ms-azuretools-vscode&amp;isAsync=true&amp;trackDeploymentId=true" X-Client-IP="84.138.91.166" X-Client-Port="61818" >
  <step title="Cleanup Xml Logs" date="2025-05-21T18:32:47.917" >
    <step title="Cleanup Infos" date="2025-05-21T18:32:47.931" totalFiles="244" totalCleanup="84" /><!-- duration: 7ms -->
  </step><!-- duration: 23ms -->
  <step title="ZipPushDeploy" date="2025-05-21T18:32:47.955" >
    <step title="ZipDeploy. Extract zip." date="2025-05-21T18:32:47.969" /><!-- duration: 6ms -->
    <step title="Starting PushDeployAsync" date="2025-05-21T18:32:47.983" /><!-- duration: 2ms -->
    <step title="Error occurred" date="2025-05-21T18:32:48.019" type="error" text="Error removing symlink: Path doesn&apos;t exist!" stackTrace="   at Mono.Unix.UnixFileSystemInfo.AssertValid()
   at Mono.Unix.UnixFileSystemInfo.get_FileType()
   at Kudu.Services.Deployment.PushDeploymentController.PushDeployAsync(ArtifactDeploymentInfo deploymentInfo, Boolean isAsync, HttpContext context, JObject requestJson) in /tmp/KuduLite/Kudu.Services/Deployment/PushDeploymentController.cs:line 740" /><!-- duration: 2ms -->
    <step title="Writing artifact to /tmp/zipdeploy/20e7625f-a1ea-4fb4-a3f0-b5af3a2c7eb9.zip" date="2025-05-21T18:32:48.029" >
      <step title="Writing multipart request body to /tmp/zipdeploy/20e7625f-a1ea-4fb4-a3f0-b5af3a2c7eb9.zip" date="2025-05-21T18:32:48.038" /><!-- duration: 10ms -->
    </step><!-- duration: 70ms -->
    <step title="Removing previous build artifact&apos;s manifest file" date="2025-05-21T18:32:48.128" >
      <step title="Start deployment in the background" date="2025-05-21T18:32:48.173" >
        <step title="Acquiring Deployment Lock" date="2025-05-21T18:32:48.196" /><!-- duration: 3ms -->
        <step title="Acquired Deployment Lock" date="2025-05-21T18:32:48.228" /><!-- duration: 5ms -->
      </step><!-- duration: 155ms -->
    </step><!-- duration: 206ms -->
    <step title="Outgoing response" date="2025-05-21T18:32:48.337" type="response" statusCode="202" statusText="Accepted" /><!-- duration: 4ms -->
  </step><!-- duration: 389ms -->
