<step title="BackgroundTrace" date="2025-05-21T17:39:50.542" instance="e0f283" url="/api/zipdeploy" method="POST" >
  <step title="Creating temporary deployment - FetchDeploymentManager" date="2025-05-21T17:39:50.634" /><!-- duration: 2ms -->
  <step title="Creating temporary deployment" date="2025-05-21T17:39:50.652" /><!-- duration: 65ms -->
  <step title="Performing fetch based deployment" date="2025-05-21T17:39:50.810" >
    <step title="Cleaning up temp folders from previous zip deployments and extracting pushed zip file /tmp/zipdeploy/11a88339-4976-4f6d-b22a-e52cbe7eaffd.zip (0.01 MB) to /tmp/zipdeploy/extracted" date="2025-05-21T17:39:51.996" >
      <step title="ChmodRecursive Process exited with total time taken in ms: 129" date="2025-05-21T17:39:52.153" /><!-- duration: 16ms -->
    </step><!-- duration: 177ms -->
    <step title="Deployment timer started" date="2025-05-21T17:39:54.199" >
      <step title="DeploymentManager.Deploy(id:eb29dc32-251a-4b0c-ab39-c68cc08aafe9)" date="2025-05-21T17:39:54.205" >
        <step title="Collecting changeset information" date="2025-05-21T17:39:54.219" /><!-- duration: 127ms -->
        <step title="Updating submodules" date="2025-05-21T17:39:54.356" /><!-- duration: 1115ms -->
        <step title="Determining deployment builder" date="2025-05-21T17:39:55.653" >
          <step title="Builder is OryxBuilder" date="2025-05-21T17:39:55.676" /><!-- duration: 10ms -->
        </step><!-- duration: 43ms -->
        <step title="PreDeployment: context.CleanOutputPath False" date="2025-05-21T17:39:55.750" >
          <step title="PreDeployment: context.OutputPath /home/site/wwwroot" date="2025-05-21T17:39:55.877" >
            <step title="Building" date="2025-05-21T17:39:55.988" >
              <step title="Executing external process" date="2025-05-21T17:39:56.322" type="process" path="bash" arguments="-c &quot;oryx build /tmp/zipdeploy/extracted -o /home/site/wwwroot --platform python --platform-version 3.11 -p virtualenv_name=antenv --log-file /tmp/build-debug.log  -i /tmp/8dd988e800663ae --compress-destination-dir | tee /tmp/oryx-build.log ; exit $PIPESTATUS &quot;" >
                <step title="Error occurred" date="2025-05-21T17:42:53.896" type="error" text="GetParentProcessLinux (1100) failed.: Could not find a part of the path &apos;/proc/1100/stat&apos;." stackTrace="   at Microsoft.Win32.SafeHandles.SafeFileHandle.Open(String , OpenFlags , Int32 )
   at Microsoft.Win32.SafeHandles.SafeFileHandle.Open(String , FileMode , FileAccess , FileShare , FileOptions , Int64 )
   at System.IO.Strategies.OSFileStreamStrategy..ctor(String , FileMode , FileAccess , FileShare , FileOptions , Int64 )
   at System.IO.Strategies.FileStreamHelpers.ChooseStrategy(FileStream , String , FileMode , FileAccess , FileShare , Int32 , FileOptions , Int64 )
   at System.IO.StreamReader.ValidateArgsAndOpenPath(String , Encoding , Int32 )
   at System.IO.File.ReadLines(String )
   at Kudu.Core.Infrastructure.ProcessExtensions.GetParentProcessLinux(Process process, ITracer tracer) in /tmp/KuduLite/Kudu.Core/Infrastructure/ProcessExtensions.cs:line 155" /><!-- duration: 29ms -->
                <step title="Cpu: python(1058,11.380s)+ts(1059,0.100s)+build.sh(1057,0.000s)+build.sh(1056,0.000s)+build.sh(922,0.060s)+oryx(900,4.000s)+tee(901,0.010s)+bash(899,0.000s)=total(15.540s)" date="2025-05-21T17:42:54.056" /><!-- duration: 20ms -->
                <step title="bash: no io activity for 61s, prev-cpu=-1.000s, current-cpu=15.540s" date="2025-05-21T17:42:54.096" /><!-- duration: 82ms -->
              </step><!-- duration: 204134ms -->
              <step title="Using PythonDeploymentLogParser" date="2025-05-21T17:43:20.831" /><!-- duration: 4ms -->
              <step title="Triggering recycle (preview mode disabled)." date="2025-05-21T17:43:22.372" /><!-- duration: 48ms -->
              <step title="Modified file to trigger a restart of the app container." date="2025-05-21T17:43:22.493" /><!-- duration: 10ms -->
              <step title="Skip function trigger and logicapp sync because function is not enabled." date="2025-05-21T17:43:22.550" /><!-- duration: 42ms -->
              <step title="Purge deployment items" date="2025-05-21T17:43:23.823" >
                <step title="Remove 6ac0bb5a-, Failed, received at 05/21/2025 17:31:22" date="2025-05-21T17:43:23.908" /><!-- duration: 6ms -->
                <step title="Remove temp-2443, Failed, received at 05/21/2025 17:31:19" date="2025-05-21T17:43:24.005" /><!-- duration: 10ms -->
              </step><!-- duration: 211ms -->
            </step><!-- duration: 208169ms -->
          </step><!-- duration: 208300ms -->
          <step title="Cleaning up temp files" date="2025-05-21T17:43:24.195" /><!-- duration: 746ms -->
          <step title="Cleaning up temp files" date="2025-05-21T17:43:24.980" /><!-- duration: 544ms -->
          <step title="Reloading status file with latest updates" date="2025-05-21T17:43:25.623" >
            <step title="WebHooksManager.PublishEventAsync: PostDeployment" date="2025-05-21T17:43:25.675" /><!-- duration: 330ms -->
          </step><!-- duration: 414ms -->
          <step title="Cleaning up temporary deployment - fetch deployment was successful" date="2025-05-21T17:43:26.097" /><!-- duration: 10ms -->
        </step><!-- duration: 210449ms -->
      </step><!-- duration: 212083ms -->
