<step title="Incoming Request" date="2025-07-31T14:03:46.399" instance="a45adb" url="/api/zipdeploy?isAsync=true" method="POST" type="request" pid="769,1,28" Accept="*/*" Host="la-zeiterfassung-fyd4cge3d9e3cac4.scm.azurewebsites.net" User-Agent="AZURECLI/2.75.0 (HOMEBREW)" Accept-Encoding="gzip, deflate" Authorization="Bas..." Cache-Control="no-cache" Content-Type="application/octet-stream" Cookie="ARRAffinity=a45adbe19489ea2b14e790f681e17ad6f03a5528ca730625ec513d016d2b4c91; ARRAffinitySameSite=a45adbe19489ea2b14e790f681e17ad6f03a5528ca730625ec513d016d2b4c91" Content-Length="26339" x-ms-client-request-id="287dbb36-6e17-11f0-bf79-3ecdac25f1e6" x-ms-artifact-checksum="1c69efc6a758dff6a23c357f00595ae43adc43e7e8e2232aea35b5412181a600" X-ARR-LOG-ID="287dbb36-6e17-11f0-bf79-3ecdac25f1e6" CLIENT-IP="84.138.86.68:61010" X-SITE-DEPLOYMENT-ID="la-zeiterfassung-fyd4cge3d9e3cac4" WAS-DEFAULT-HOSTNAME="la-zeiterfassung-fyd4cge3d9e3cac4.scm.azurewebsites.net" X-Forwarded-Proto="https" X-AppService-Proto="https" X-Forwarded-TlsVersion="1.3" X-WAWS-Unencoded-URL="/api/zipdeploy?isAsync=true" X-Client-IP="84.138.86.68" X-Client-Port="61010" >
  <step title="ZipPushDeploy" date="2025-07-31T14:03:46.411" >
    <step title="ZipDeploy. Extract zip. Remote build." date="2025-07-31T14:03:46.428" /><!-- duration: 8ms -->
    <step title="Starting PushDeployAsync" date="2025-07-31T14:03:46.441" /><!-- duration: 5ms -->
    <step title="Writing artifact to /tmp/zipdeploy/b18c5858-f2c5-48b1-97d0-1ca73e590ae4.zip" date="2025-07-31T14:03:46.458" >
      <step title="Writing multipart request body to /tmp/zipdeploy/b18c5858-f2c5-48b1-97d0-1ca73e590ae4.zip" date="2025-07-31T14:03:46.474" /><!-- duration: 3ms -->
    </step><!-- duration: 79ms -->
    <step title="Removing previous build artifact&apos;s manifest file" date="2025-07-31T14:03:46.549" >
      <step title="Start deployment in the background" date="2025-07-31T14:03:46.595" >
        <step title="Acquiring Deployment Lock" date="2025-07-31T14:03:46.668" /><!-- duration: 8ms -->
        <step title="Acquired Deployment Lock" date="2025-07-31T14:03:46.729" /><!-- duration: 5ms -->
      </step><!-- duration: 243ms -->
    </step><!-- duration: 307ms -->
    <step title="Outgoing response" date="2025-07-31T14:03:46.869" type="response" statusCode="202" statusText="Accepted" /><!-- duration: 7ms -->
  </step><!-- duration: 468ms -->
