<step title="Incoming Request" date="2025-05-21T18:36:07.494" instance="e0f283" url="/api/zipdeploy?author=ms-azuretools-vscode&amp;deployer=ms-azuretools-vscode&amp;isAsync=true&amp;trackDeploymentId=true" method="POST" type="request" pid="776,1,7" Host="la-zeiterfassung-fyd4cge3d9e3cac4.scm.germanywestcentral-01.azurewebsites.net" User-Agent="vscode-azureappservice/0.26.1 core-rest-pipeline/1.19.1 Node/20.19.0 OS/(arm64-Darwin-24.3.0)" Accept-Encoding="gzip,deflate" Accept-Language="de" Authorization="Bea..." Transfer-Encoding="chunked" x-ms-correlation-request-id="d2dfa397-ae25-4104-9e0a-a64e6ca39a0a" x-ms-client-request-id="b7e38c51-c75f-4114-ae80-3f1e81b520ed" X-ARR-LOG-ID="b7e38c51-c75f-4114-ae80-3f1e81b520ed" CLIENT-IP="84.138.91.166:62999" X-SITE-DEPLOYMENT-ID="LA-Zeiterfassung" WAS-DEFAULT-HOSTNAME="la-zeiterfassung-fyd4cge3d9e3cac4.scm.germanywestcentral-01.azurewebsites.net" X-Forwarded-Proto="https" X-AppService-Proto="https" X-Forwarded-TlsVersion="1.3" X-WAWS-Unencoded-URL="/api/zipdeploy?author=ms-azuretools-vscode&amp;deployer=ms-azuretools-vscode&amp;isAsync=true&amp;trackDeploymentId=true" X-Client-IP="84.138.91.166" X-Client-Port="62999" >
  <step title="Cleanup Xml Logs" date="2025-05-21T18:36:07.498" >
    <step title="Cleanup Infos" date="2025-05-21T18:36:07.511" totalFiles="264" totalCleanup="104" /><!-- duration: 8ms -->
  </step><!-- duration: 23ms -->
  <step title="ZipPushDeploy" date="2025-05-21T18:36:07.532" >
    <step title="ZipDeploy. Extract zip." date="2025-05-21T18:36:07.543" /><!-- duration: 10ms -->
    <step title="Starting PushDeployAsync" date="2025-05-21T18:36:07.566" /><!-- duration: 2ms -->
    <step title="Error occurred" date="2025-05-21T18:36:07.585" type="error" text="Error removing symlink: Path doesn&apos;t exist!" stackTrace="   at Mono.Unix.UnixFileSystemInfo.AssertValid()
   at Kudu.Services.Deployment.PushDeploymentController.PushDeployAsync(ArtifactDeploymentInfo deploymentInfo, Boolean isAsync, HttpContext context, JObject requestJson) in /tmp/KuduLite/Kudu.Services/Deployment/PushDeploymentController.cs:line 887" /><!-- duration: 9ms -->
    <step title="Writing artifact to /tmp/zipdeploy/ba4b41eb-0fcd-4266-adc4-c62da1101526.zip" date="2025-05-21T18:36:07.607" >
      <step title="Writing multipart request body to /tmp/zipdeploy/ba4b41eb-0fcd-4266-adc4-c62da1101526.zip" date="2025-05-21T18:36:07.614" /><!-- duration: 9ms -->
    </step><!-- duration: 37ms -->
    <step title="Removing previous build artifact&apos;s manifest file" date="2025-05-21T18:36:07.673" >
      <step title="Start deployment in the background" date="2025-05-21T18:36:07.703" >
        <step title="Acquiring Deployment Lock" date="2025-05-21T18:36:07.734" /><!-- duration: 10ms -->
        <step title="Acquired Deployment Lock" date="2025-05-21T18:36:07.787" /><!-- duration: 3ms -->
      </step><!-- duration: 193ms -->
    </step><!-- duration: 226ms -->
    <step title="Outgoing response" date="2025-05-21T18:36:07.902" type="response" statusCode="202" statusText="Accepted" /><!-- duration: 3ms -->
  </step><!-- duration: 376ms -->
