<step title="Incoming Request" date="2025-07-31T18:10:10.471" instance="a45adb" url="/api/zipdeploy?isAsync=true" method="POST" type="request" pid="769,1,62" Accept="*/*" Host="la-zeiterfassung-fyd4cge3d9e3cac4.scm.azurewebsites.net" User-Agent="AZURECLI/2.75.0 (HOMEBREW)" Accept-Encoding="gzip, deflate" Authorization="Bas..." Cache-Control="no-cache" Content-Type="application/octet-stream" Cookie="ARRAffinity=a45adbe19489ea2b14e790f681e17ad6f03a5528ca730625ec513d016d2b4c91; ARRAffinitySameSite=a45adbe19489ea2b14e790f681e17ad6f03a5528ca730625ec513d016d2b4c91" Content-Length="33863" x-ms-client-request-id="940d35bc-6e39-11f0-85dc-3ecdac25f1e6" x-ms-artifact-checksum="9b8ded344bc567b6a9417c17e3bc3f061a15fb0a68936bcd0a119fca890c4733" X-ARR-LOG-ID="940d35bc-6e39-11f0-85dc-3ecdac25f1e6" CLIENT-IP="84.138.86.68:60187" X-SITE-DEPLOYMENT-ID="la-zeiterfassung-fyd4cge3d9e3cac4" WAS-DEFAULT-HOSTNAME="la-zeiterfassung-fyd4cge3d9e3cac4.scm.azurewebsites.net" X-Forwarded-Proto="https" X-AppService-Proto="https" X-Forwarded-TlsVersion="1.3" X-WAWS-Unencoded-URL="/api/zipdeploy?isAsync=true" X-Client-IP="84.138.86.68" X-Client-Port="60187" >
  <step title="ZipPushDeploy" date="2025-07-31T18:10:10.480" >
    <step title="ZipDeploy. Extract zip. Remote build." date="2025-07-31T18:10:10.489" /><!-- duration: 3ms -->
    <step title="Starting PushDeployAsync" date="2025-07-31T18:10:10.508" /><!-- duration: 3ms -->
    <step title="Writing artifact to /tmp/zipdeploy/08b34987-2b37-405a-a855-8b1dbc0ba008.zip" date="2025-07-31T18:10:10.536" >
      <step title="Writing multipart request body to /tmp/zipdeploy/08b34987-2b37-405a-a855-8b1dbc0ba008.zip" date="2025-07-31T18:10:10.539" /><!-- duration: 16ms -->
    </step><!-- duration: 49ms -->
    <step title="Removing previous build artifact&apos;s manifest file" date="2025-07-31T18:10:10.594" >
      <step title="Start deployment in the background" date="2025-07-31T18:10:10.607" >
        <step title="Acquiring Deployment Lock" date="2025-07-31T18:10:10.638" /><!-- duration: 4ms -->
        <step title="Acquired Deployment Lock" date="2025-07-31T18:10:10.720" /><!-- duration: 4ms -->
      </step><!-- duration: 325ms -->
    </step><!-- duration: 364ms -->
    <step title="Outgoing response" date="2025-07-31T18:10:10.967" type="response" statusCode="202" statusText="Accepted" /><!-- duration: 3ms -->
  </step><!-- duration: 497ms -->
