<step title="BackgroundTrace" date="2025-05-21T19:28:01.428" instance="e0f283" url="/api/zipdeploy" method="POST" >
  <step title="Creating temporary deployment - FetchDeploymentManager" date="2025-05-21T19:28:01.651" /><!-- duration: 9ms -->
  <step title="Creating temporary deployment" date="2025-05-21T19:28:01.689" /><!-- duration: 172ms -->
  <step title="Performing fetch based deployment" date="2025-05-21T19:28:02.084" >
    <step title="Cleaning up temp folders from previous zip deployments and extracting pushed zip file /tmp/zipdeploy/f73bccaa-4801-4333-a099-f440597faf01.zip (0.02 MB) to /tmp/zipdeploy/extracted" date="2025-05-21T19:28:03.633" >
      <step title="ChmodRecursive Process exited with total time taken in ms: 130" date="2025-05-21T19:28:03.800" /><!-- duration: 11ms -->
    </step><!-- duration: 205ms -->
    <step title="Deployment timer started" date="2025-05-21T19:28:05.863" >
      <step title="DeploymentManager.Deploy(id:6ee812c7-4ae1-4b89-b6c2-18db6772ae56)" date="2025-05-21T19:28:05.877" >
        <step title="Collecting changeset information" date="2025-05-21T19:28:05.930" /><!-- duration: 96ms -->
        <step title="Updating submodules" date="2025-05-21T19:28:06.031" /><!-- duration: 1141ms -->
        <step title="Determining deployment builder" date="2025-05-21T19:28:07.432" >
          <step title="Builder is OryxBuilder" date="2025-05-21T19:28:07.479" /><!-- duration: 3ms -->
        </step><!-- duration: 87ms -->
        <step title="PreDeployment: context.CleanOutputPath False" date="2025-05-21T19:28:07.693" >
          <step title="PreDeployment: context.OutputPath /home/site/wwwroot" date="2025-05-21T19:28:07.881" >
            <step title="Building" date="2025-05-21T19:28:08.084" >
              <step title="Executing external process" date="2025-05-21T19:28:08.477" type="process" path="bash" arguments="-c &quot;oryx build /tmp/zipdeploy/extracted -o /home/site/wwwroot --platform python --platform-version 3.11 -p virtualenv_name=antenv --log-file /tmp/build-debug.log  -i /tmp/8dd989d9d727c7a --compress-destination-dir | tee /tmp/oryx-build.log ; exit $PIPESTATUS &quot;" >
                <step title="Cpu: gzip(932,8.220s)+tar(931,2.640s)+build.sh(909,0.010s)+oryx(887,3.030s)+tee(888,0.010s)+bash(886,0.000s)=total(13.880s)" date="2025-05-21T19:29:30.661" /><!-- duration: 71ms -->
                <step title="bash: no io activity for 60s, prev-cpu=-1.000s, current-cpu=13.880s" date="2025-05-21T19:29:30.982" /><!-- duration: 120ms -->
