<step title="Incoming Request" date="2025-05-21T16:42:03.841" instance="e0f283" url="/api/zipdeploy?author=ms-azuretools-vscode&amp;deployer=ms-azuretools-vscode&amp;isAsync=true&amp;trackDeploymentId=true" method="POST" type="request" pid="768,1,15" Host="la-zeiterfassung-fyd4cge3d9e3cac4.scm.germanywestcentral-01.azurewebsites.net" User-Agent="vscode-azureappservice/0.26.1 core-rest-pipeline/1.19.1 Node/20.19.0 OS/(arm64-Darwin-24.3.0)" Accept-Encoding="gzip,deflate" Accept-Language="de" Authorization="Bea..." Transfer-Encoding="chunked" x-ms-correlation-request-id="d1dc827c-98ac-49d2-967e-b267eb0ede83" x-ms-client-request-id="7edbaf4b-d638-4d73-bf40-28f804e7b61e" X-ARR-LOG-ID="7edbaf4b-d638-4d73-bf40-28f804e7b61e" CLIENT-IP="84.138.91.166:64168" X-SITE-DEPLOYMENT-ID="LA-Zeiterfassung" WAS-DEFAULT-HOSTNAME="la-zeiterfassung-fyd4cge3d9e3cac4.scm.germanywestcentral-01.azurewebsites.net" X-Forwarded-Proto="https" X-AppService-Proto="https" X-Forwarded-TlsVersion="1.3" X-WAWS-Unencoded-URL="/api/zipdeploy?author=ms-azuretools-vscode&amp;deployer=ms-azuretools-vscode&amp;isAsync=true&amp;trackDeploymentId=true" X-Client-IP="84.138.91.166" X-Client-Port="64168" >
  <step title="ZipPushDeploy" date="2025-05-21T16:42:04.889" >
    <step title="ZipDeploy. Extract zip." date="2025-05-21T16:42:04.899" /><!-- duration: 2ms -->
    <step title="None repository commit" date="2025-05-21T16:42:04.910" >
      <step title="Commit id: 3d9e75e9-43af-4a08-a0e6-6540d32d592a" date="2025-05-21T16:42:04.912" Message="N/A" AuthorName="N/A" AuthorEmail="N/A" /><!-- duration: 2ms -->
    </step><!-- duration: 6ms -->
    <step title="Starting PushDeployAsync" date="2025-05-21T16:42:04.919" /><!-- duration: 4ms -->
    <step title="Error occurred" date="2025-05-21T16:42:05.010" type="error" text="Error removing symlink: Path doesn&apos;t exist!" stackTrace="   at Mono.Unix.UnixFileSystemInfo.AssertValid()
   at Mono.Unix.UnixFileSystemInfo.get_FileType()
   at Kudu.Services.Deployment.PushDeploymentController.PushDeployAsync(ArtifactDeploymentInfo deploymentInfo, Boolean isAsync, HttpContext context, JObject requestJson) in /tmp/KuduLite/Kudu.Services/Deployment/PushDeploymentController.cs:line 740" /><!-- duration: 3ms -->
    <step title="Writing artifact to /tmp/zipdeploy/8004587f-0e1e-4f74-8d6d-857e50da2fe1.zip" date="2025-05-21T16:42:05.028" >
      <step title="Writing multipart request body to /tmp/zipdeploy/8004587f-0e1e-4f74-8d6d-857e50da2fe1.zip" date="2025-05-21T16:42:05.053" /><!-- duration: 2ms -->
    </step><!-- duration: 145ms -->
    <step title="Removing previous build artifact&apos;s manifest file" date="2025-05-21T16:42:05.184" >
      <step title="Start deployment in the background" date="2025-05-21T16:42:05.230" >
        <step title="Acquiring Deployment Lock" date="2025-05-21T16:42:05.265" /><!-- duration: 9ms -->
        <step title="Acquired Deployment Lock" date="2025-05-21T16:42:05.329" /><!-- duration: 3ms -->
      </step><!-- duration: 200ms -->
    </step><!-- duration: 253ms -->
    <step title="Outgoing response" date="2025-05-21T16:42:05.459" type="response" statusCode="202" statusText="Accepted" /><!-- duration: 8ms -->
  </step><!-- duration: 581ms -->
