<step title="Incoming Request" date="2025-07-31T19:15:59.160" instance="a45adb" url="/api/deployments/latest" method="GET" type="request" pid="769,1,43" Accept="*/*" Host="la-zeiterfassung-fyd4cge3d9e3cac4.scm.azurewebsites.net" User-Agent="AZURECLI/2.75.0 (HOMEBREW)" Accept-Encoding="gzip, deflate" Authorization="Bas..." x-ms-client-request-id="c34ed700-6e42-11f0-ad4b-3ecdac25f1e6" X-ARR-LOG-ID="c34ed700-6e42-11f0-ad4b-3ecdac25f1e6" CLIENT-IP="84.138.86.68:64045" X-SITE-DEPLOYMENT-ID="la-zeiterfassung-fyd4cge3d9e3cac4" WAS-DEFAULT-HOSTNAME="la-zeiterfassung-fyd4cge3d9e3cac4.scm.azurewebsites.net" X-Forwarded-Proto="https" X-AppService-Proto="https" X-Forwarded-TlsVersion="1.3" X-WAWS-Unencoded-URL="/api/deployments/latest" X-Client-IP="84.138.86.68" X-Client-Port="64045" >
  <step title="Cleanup Xml Logs" date="2025-07-31T19:15:59.164" >
    <step title="Cleanup Infos" date="2025-07-31T19:15:59.180" totalFiles="308" totalCleanup="148" /><!-- duration: 4ms -->
  </step><!-- duration: 25ms -->
  <step title="DeploymentService.GetResult" date="2025-07-31T19:15:59.199" >
    <step title="DeploymentService.GetLatestDeployment" date="2025-07-31T19:15:59.202" >
      <step title="DeploymentManager.GetResults" date="2025-07-31T19:15:59.210" /><!-- duration: 528ms -->
    </step><!-- duration: 539ms -->
  </step><!-- duration: 546ms -->
  <step title="Outgoing response" date="2025-07-31T19:15:59.753" type="response" statusCode="202" statusText="Accepted" /><!-- duration: 3ms -->
</step><!-- duration: 600ms -->
