<step title="Incoming Request" date="2025-07-29T11:17:43.503" instance="a45adb" url="/api/publish?type=zip" method="POST" type="request" pid="769,1,24" Accept="*/*" Host="la-zeiterfassung-fyd4cge3d9e3cac4.scm.azurewebsites.net" User-Agent="AZURECLI/2.75.0 (HOMEBREW)" Accept-Encoding="gzip, deflate" Authorization="Bas..." Cache-Control="no-cache" Content-Type="application/octet-stream" Cookie="ARRAffinity=a45adbe19489ea2b14e790f681e17ad6f03a5528ca730625ec513d016d2b4c91; ARRAffinitySameSite=a45adbe19489ea2b14e790f681e17ad6f03a5528ca730625ec513d016d2b4c91" Content-Length="20025" x-ms-client-request-id="a0666d10-6c6d-11f0-bdb3-3ecdac25f1e6" x-ms-artifact-checksum="7832ad6192bbb96b6c2f62a471f1f4517467f15f591cdf6e744199f94f0303df" X-ARR-LOG-ID="a0666d10-6c6d-11f0-bdb3-3ecdac25f1e6" CLIENT-IP="84.138.86.68:63034" X-SITE-DEPLOYMENT-ID="la-zeiterfassung-fyd4cge3d9e3cac4" WAS-DEFAULT-HOSTNAME="la-zeiterfassung-fyd4cge3d9e3cac4.scm.azurewebsites.net" X-Forwarded-Proto="https" X-AppService-Proto="https" X-Forwarded-TlsVersion="1.3" X-WAWS-Unencoded-URL="/api/publish?type=zip" X-Client-IP="84.138.86.68" X-Client-Port="63034" >
  <step title="OneDeploy" date="2025-07-29T11:17:43.530" >
    <step title="Starting PushDeployAsync" date="2025-07-29T11:17:43.695" /><!-- duration: 10ms -->
    <step title="Writing artifact to /tmp/zipdeploy/cfa4065e-b813-4cf7-8e64-3eb2bf7868e7.zip" date="2025-07-29T11:17:43.743" >
      <step title="Writing multipart request body to /tmp/zipdeploy/cfa4065e-b813-4cf7-8e64-3eb2bf7868e7.zip" date="2025-07-29T11:17:43.754" /><!-- duration: 9ms -->
    </step><!-- duration: 109ms -->
    <step title="Removing previous build artifact&apos;s manifest file" date="2025-07-29T11:17:43.858" >
      <step title="Attempting to fetch target branch HEAD" date="2025-07-29T11:17:43.883" /><!-- duration: 3ms -->
      <step title="Acquiring Deployment Lock" date="2025-07-29T11:17:43.891" /><!-- duration: 3ms -->
      <step title="Acquired Deployment Lock" date="2025-07-29T11:17:43.951" /><!-- duration: 5ms -->
      <step title="Performing fetch based deployment" date="2025-07-29T11:17:43.964" >
        <step title="Creating temporary deployment" date="2025-07-29T11:17:43.972" /><!-- duration: 70ms -->
        <step title="Releasing Deployment Lock" date="2025-07-29T11:17:45.227" /><!-- duration: 20ms -->
        <step title="Cleaning up temp folders from previous zip deployments and extracting pushed zip file /tmp/zipdeploy/cfa4065e-b813-4cf7-8e64-3eb2bf7868e7.zip (0.02 MB) to /tmp/zipdeploy/extracted" date="2025-07-29T11:17:45.316" >
          <step title="ChmodRecursive Process exited with total time taken in ms: 50" date="2025-07-29T11:17:45.476" /><!-- duration: 10ms -->
        </step><!-- duration: 198ms -->
        <step title="None repository commit" date="2025-07-29T11:17:45.518" >
          <step title="Commit id: e68976b5-293a-4297-b481-7c6f04ba6de3" date="2025-07-29T11:17:45.527" Message="OneDeploy" AuthorName="N/A" AuthorEmail="N/A" /><!-- duration: 10ms -->
        </step><!-- duration: 22ms -->
        <step title="Deployment timer started" date="2025-07-29T11:17:47.544" >
          <step title="DeploymentManager.Deploy(id:e68976b5-293a-4297-b481-7c6f04ba6de3)" date="2025-07-29T11:17:47.557" >
            <step title="Collecting changeset information" date="2025-07-29T11:17:47.580" /><!-- duration: 104ms -->
            <step title="Updating submodules" date="2025-07-29T11:17:47.689" /><!-- duration: 1189ms -->
            <step title="Determining deployment builder" date="2025-07-29T11:17:49.144" >
              <step title="Builder is OryxBuilder" date="2025-07-29T11:17:49.160" /><!-- duration: 3ms -->
            </step><!-- duration: 22ms -->
            <step title="PreDeployment: context.CleanOutputPath False" date="2025-07-29T11:17:49.211" >
              <step title="PreDeployment: context.OutputPath /home/site/wwwroot" date="2025-07-29T11:17:49.350" >
                <step title="Building" date="2025-07-29T11:17:49.480" >
                  <step title="Executing external process" date="2025-07-29T11:17:49.823" type="process" path="bash" arguments="-c &quot;oryx build /tmp/zipdeploy/extracted -o /home/site/wwwroot --platform python --platform-version 3.11 -p virtualenv_name=antenv --log-file /tmp/build-debug.log  -i /tmp/8ddce918d3db645 --compress-destination-dir | tee /tmp/oryx-build.log ; exit $PIPESTATUS &quot;" /><!-- duration: 69430ms -->
                  <step title="Using PythonDeploymentLogParser" date="2025-07-29T11:18:59.661" /><!-- duration: 3ms -->
                  <step title="Modified file to trigger a restart of the app container." date="2025-07-29T11:19:00.809" /><!-- duration: 5ms -->
                  <step title="Skip function trigger and logicapp sync because function is not enabled." date="2025-07-29T11:19:00.839" /><!-- duration: 20ms -->
                  <step title="Purge deployment items" date="2025-07-29T11:19:02.016" >
                    <step title="Remove 3f3f2772-, Success, received at 07/29/2025 09:04:30" date="2025-07-29T11:19:02.064" /><!-- duration: 4ms -->
                  </step><!-- duration: 55ms -->
                </step><!-- duration: 72671ms -->
              </step><!-- duration: 72806ms -->
              <step title="Cleaning up temp files" date="2025-07-29T11:19:02.159" /><!-- duration: 1932ms -->
              <step title="Cleaning up temp files" date="2025-07-29T11:19:04.097" /><!-- duration: 508ms -->
              <step title="Reloading status file with latest updates" date="2025-07-29T11:19:04.641" >
                <step title="WebHooksManager.PublishEventAsync: PostDeployment" date="2025-07-29T11:19:04.648" /><!-- duration: 41ms -->
              </step><!-- duration: 51ms -->
              <step title="Cleaning up temporary deployment - fetch deployment was successful" date="2025-07-29T11:19:04.697" /><!-- duration: 3ms -->
            </step><!-- duration: 75553ms -->
          </step><!-- duration: 77212ms -->
          <step title="Outgoing response" date="2025-07-29T11:19:04.775" type="response" statusCode="200" statusText="OK" /><!-- duration: 3ms -->
        </step><!-- duration: 77237ms -->
