<step title="Incoming Request" date="2025-07-31T18:27:48.321" instance="a45adb" url="/api/zipdeploy?isAsync=true" method="POST" type="request" pid="769,1,59" Accept="*/*" Host="la-zeiterfassung-fyd4cge3d9e3cac4.scm.azurewebsites.net" User-Agent="AZURECLI/2.75.0 (HOMEBREW)" Accept-Encoding="gzip, deflate" Authorization="Bas..." Cache-Control="no-cache" Content-Type="application/octet-stream" Cookie="ARRAffinity=a45adbe19489ea2b14e790f681e17ad6f03a5528ca730625ec513d016d2b4c91; ARRAffinitySameSite=a45adbe19489ea2b14e790f681e17ad6f03a5528ca730625ec513d016d2b4c91" Content-Length="33863" x-ms-client-request-id="0bb4d866-6e3c-11f0-b996-3ecdac25f1e6" x-ms-artifact-checksum="fffde197b4d78c6ad4cd3604557339828c19edb14624e33332e0ba63f4d1ae81" X-ARR-LOG-ID="0bb4d866-6e3c-11f0-b996-3ecdac25f1e6" CLIENT-IP="84.138.86.68:60307" X-SITE-DEPLOYMENT-ID="la-zeiterfassung-fyd4cge3d9e3cac4" WAS-DEFAULT-HOSTNAME="la-zeiterfassung-fyd4cge3d9e3cac4.scm.azurewebsites.net" X-Forwarded-Proto="https" X-AppService-Proto="https" X-Forwarded-TlsVersion="1.3" X-WAWS-Unencoded-URL="/api/zipdeploy?isAsync=true" X-Client-IP="84.138.86.68" X-Client-Port="60307" >
  <step title="ZipPushDeploy" date="2025-07-31T18:27:48.329" >
    <step title="ZipDeploy. Extract zip. Remote build." date="2025-07-31T18:27:48.336" /><!-- duration: 3ms -->
    <step title="Starting PushDeployAsync" date="2025-07-31T18:27:48.345" /><!-- duration: 3ms -->
    <step title="Writing artifact to /tmp/zipdeploy/7e1d05f4-d7b9-476e-a322-aa8d4c20179c.zip" date="2025-07-31T18:27:48.364" >
      <step title="Writing multipart request body to /tmp/zipdeploy/7e1d05f4-d7b9-476e-a322-aa8d4c20179c.zip" date="2025-07-31T18:27:48.366" /><!-- duration: 3ms -->
    </step><!-- duration: 56ms -->
    <step title="Removing previous build artifact&apos;s manifest file" date="2025-07-31T18:27:48.433" >
      <step title="Start deployment in the background" date="2025-07-31T18:27:48.454" >
        <step title="Acquiring Deployment Lock" date="2025-07-31T18:27:48.486" /><!-- duration: 4ms -->
        <step title="Acquired Deployment Lock" date="2025-07-31T18:27:48.515" /><!-- duration: 3ms -->
      </step><!-- duration: 140ms -->
    </step><!-- duration: 168ms -->
    <step title="Outgoing response" date="2025-07-31T18:27:48.607" type="response" statusCode="202" statusText="Accepted" /><!-- duration: 3ms -->
  </step><!-- duration: 285ms -->
