<step title="Incoming Request" date="2025-05-21T19:30:51.543" instance="e0f283" url="/api/deployments/latest?deployer=ms-azuretools-vscode&amp;time=2025-05-21_19-30-50Z" method="GET" type="request" pid="772,1,16" Host="la-zeiterfassung-fyd4cge3d9e3cac4.scm.germanywestcentral-01.azurewebsites.net" User-Agent="vscode-azureappservice/0.26.1 core-rest-pipeline/1.19.1 Node/20.19.0 OS/(arm64-Darwin-24.3.0)" Accept-Encoding="gzip,deflate" Accept-Language="de" Authorization="Bea..." x-ms-correlation-request-id="12eca0b6-830f-492c-9c1a-add5a71bb141" x-ms-client-request-id="a36534bd-fe7f-42a2-8f58-64a5fd17b1f1" X-ARR-LOG-ID="a36534bd-fe7f-42a2-8f58-64a5fd17b1f1" CLIENT-IP="84.138.91.166:61587" X-SITE-DEPLOYMENT-ID="LA-Zeiterfassung" WAS-DEFAULT-HOSTNAME="la-zeiterfassung-fyd4cge3d9e3cac4.scm.germanywestcentral-01.azurewebsites.net" X-Forwarded-Proto="https" X-AppService-Proto="https" X-Forwarded-TlsVersion="1.3" X-WAWS-Unencoded-URL="/api/deployments/latest?deployer=ms-azuretools-vscode&amp;time=2025-05-21_19-30-50Z" X-Client-IP="84.138.91.166" X-Client-Port="61587" >
  <step title="Cleanup Xml Logs" date="2025-05-21T19:30:51.564" >
    <step title="Cleanup Infos" date="2025-05-21T19:30:51.623" totalFiles="317" totalCleanup="157" /><!-- duration: 20ms -->
  </step><!-- duration: 99ms -->
  <step title="DeploymentService.GetResult" date="2025-05-21T19:30:51.796" >
    <step title="DeploymentService.GetLatestDeployment" date="2025-05-21T19:30:51.805" >
      <step title="DeploymentManager.GetResults" date="2025-05-21T19:30:51.816" /><!-- duration: 1518ms -->
    </step><!-- duration: 1598ms -->
  </step><!-- duration: 1618ms -->
  <step title="Outgoing response" date="2025-05-21T19:30:53.767" type="response" statusCode="202" statusText="Accepted" /><!-- duration: 47ms -->
</step><!-- duration: 2282ms -->
