<step title="BackgroundTrace" date="2025-05-21T16:18:16.235" instance="e0f283" url="/api/zipdeploy" method="POST" >
  <step title="Creating temporary deployment - FetchDeploymentManager" date="2025-05-21T16:18:16.363" /><!-- duration: 3ms -->
  <step title="Creating temporary deployment" date="2025-05-21T16:18:16.376" /><!-- duration: 182ms -->
  <step title="Performing fetch based deployment" date="2025-05-21T16:18:16.671" >
    <step title="Cleaning up temp folders from previous zip deployments and extracting pushed zip file /tmp/zipdeploy/eb2e719e-aecd-48f5-bbf6-42f2fe446b6c.zip (0.01 MB) to /tmp/zipdeploy/extracted" date="2025-05-21T16:18:17.829" >
      <step title="ChmodRecursive Process exited with total time taken in ms: 151" date="2025-05-21T16:18:18.022" /><!-- duration: 18ms -->
    </step><!-- duration: 217ms -->
    <step title="Deployment timer started" date="2025-05-21T16:18:20.085" >
      <step title="DeploymentManager.Deploy(id:dd0d080f-a506-400d-b099-4f2c12c5ec7b)" date="2025-05-21T16:18:20.104" >
        <step title="Collecting changeset information" date="2025-05-21T16:18:20.256" /><!-- duration: 154ms -->
        <step title="Updating submodules" date="2025-05-21T16:18:20.417" /><!-- duration: 1101ms -->
        <step title="Determining deployment builder" date="2025-05-21T16:18:21.714" >
          <step title="Builder is OryxBuilder" date="2025-05-21T16:18:21.737" /><!-- duration: 10ms -->
        </step><!-- duration: 42ms -->
        <step title="PreDeployment: context.CleanOutputPath False" date="2025-05-21T16:18:21.804" >
          <step title="PreDeployment: context.OutputPath /home/site/wwwroot" date="2025-05-21T16:18:21.901" >
            <step title="Building" date="2025-05-21T16:18:22.192" >
              <step title="Executing external process" date="2025-05-21T16:18:22.540" type="process" path="bash" arguments="-c &quot;oryx build /tmp/zipdeploy/extracted -o /home/site/wwwroot --platform python --platform-version 3.11 -p virtualenv_name=antenv --log-file /tmp/build-debug.log  -i /tmp/8dd98831affe95e --compress-destination-dir | tee /tmp/oryx-build.log ; exit $PIPESTATUS &quot;" /><!-- duration: 100663ms -->
              <step title="Using PythonDeploymentLogParser" date="2025-05-21T16:20:03.946" /><!-- duration: 10ms -->
              <step title="Triggering recycle (preview mode disabled)." date="2025-05-21T16:20:05.324" /><!-- duration: 12ms -->
              <step title="Modified file to trigger a restart of the app container." date="2025-05-21T16:20:05.366" /><!-- duration: 11ms -->
              <step title="Skip function trigger and logicapp sync because function is not enabled." date="2025-05-21T16:20:05.396" /><!-- duration: 9ms -->
            </step><!-- duration: 103795ms -->
          </step><!-- duration: 104088ms -->
          <step title="Cleaning up temp files" date="2025-05-21T16:20:05.994" /><!-- duration: 402ms -->
          <step title="Cleaning up temp files" date="2025-05-21T16:20:06.400" /><!-- duration: 518ms -->
          <step title="Reloading status file with latest updates" date="2025-05-21T16:20:06.952" >
            <step title="WebHooksManager.PublishEventAsync: PostDeployment" date="2025-05-21T16:20:06.965" /><!-- duration: 105ms -->
          </step><!-- duration: 121ms -->
          <step title="Cleaning up temporary deployment - fetch deployment was successful" date="2025-05-21T16:20:07.087" /><!-- duration: 9ms -->
        </step><!-- duration: 105356ms -->
      </step><!-- duration: 107070ms -->
