<step title="BackgroundTrace" date="2025-05-21T18:03:16.486" instance="e0f283" url="/api/zipdeploy" method="POST" >
  <step title="Creating temporary deployment - FetchDeploymentManager" date="2025-05-21T18:03:16.635" /><!-- duration: 3ms -->
  <step title="Creating temporary deployment" date="2025-05-21T18:03:16.641" /><!-- duration: 76ms -->
  <step title="Performing fetch based deployment" date="2025-05-21T18:03:16.747" >
    <step title="Cleaning up temp folders from previous zip deployments and extracting pushed zip file /tmp/zipdeploy/a612ee47-d3de-4f4a-bd08-5578909f1646.zip (0.01 MB) to /tmp/zipdeploy/extracted" date="2025-05-21T18:03:17.892" >
      <step title="ChmodRecursive Process exited with total time taken in ms: 91" date="2025-05-21T18:03:18.094" /><!-- duration: 11ms -->
    </step><!-- duration: 230ms -->
    <step title="Deployment timer started" date="2025-05-21T18:03:20.167" >
      <step title="DeploymentManager.Deploy(id:ac46eeca-645c-4d56-80cb-00b4c7b9ea35)" date="2025-05-21T18:03:20.178" >
        <step title="Collecting changeset information" date="2025-05-21T18:03:20.220" /><!-- duration: 112ms -->
        <step title="Updating submodules" date="2025-05-21T18:03:20.340" /><!-- duration: 1142ms -->
        <step title="Determining deployment builder" date="2025-05-21T18:03:22.476" >
          <step title="Builder is OryxBuilder" date="2025-05-21T18:03:22.576" /><!-- duration: 70ms -->
        </step><!-- duration: 191ms -->
        <step title="PreDeployment: context.CleanOutputPath False" date="2025-05-21T18:03:22.787" >
          <step title="PreDeployment: context.OutputPath /home/site/wwwroot" date="2025-05-21T18:03:23.071" >
            <step title="Building" date="2025-05-21T18:03:23.311" >
              <step title="Executing external process" date="2025-05-21T18:03:23.895" type="process" path="bash" arguments="-c &quot;oryx build /tmp/zipdeploy/extracted -o /home/site/wwwroot --platform python --platform-version 3.11 -p virtualenv_name=antenv --log-file /tmp/build-debug.log  -i /tmp/8dd9891c6a41c6d --compress-destination-dir | tee /tmp/oryx-build.log ; exit $PIPESTATUS &quot;" /><!-- duration: 61497ms -->
              <step title="Using PythonDeploymentLogParser" date="2025-05-21T18:04:25.695" /><!-- duration: 4ms -->
              <step title="Triggering recycle (preview mode disabled)." date="2025-05-21T18:04:26.670" /><!-- duration: 32ms -->
              <step title="Modified file to trigger a restart of the app container." date="2025-05-21T18:04:26.730" /><!-- duration: 11ms -->
              <step title="Skip function trigger and logicapp sync because function is not enabled." date="2025-05-21T18:04:26.747" /><!-- duration: 3ms -->
              <step title="Purge deployment items" date="2025-05-21T18:04:27.635" >
                <step title="Remove 48060dbe-, Success, received at 05/21/2025 16:07:21" date="2025-05-21T18:04:27.677" /><!-- duration: 5ms -->
              </step><!-- duration: 51ms -->
            </step><!-- duration: 64445ms -->
          </step><!-- duration: 64688ms -->
          <step title="Cleaning up temp files" date="2025-05-21T18:04:27.762" /><!-- duration: 336ms -->
          <step title="Cleaning up temp files" date="2025-05-21T18:04:28.102" /><!-- duration: 521ms -->
          <step title="Reloading status file with latest updates" date="2025-05-21T18:04:28.684" >
            <step title="WebHooksManager.PublishEventAsync: PostDeployment" date="2025-05-21T18:04:28.696" /><!-- duration: 128ms -->
          </step><!-- duration: 150ms -->
          <step title="Cleaning up temporary deployment - fetch deployment was successful" date="2025-05-21T18:04:28.854" /><!-- duration: 10ms -->
        </step><!-- duration: 66169ms -->
      </step><!-- duration: 68860ms -->
