<step title="Incoming Request" date="2025-05-21T20:45:33.599" instance="e0f283" url="/api/deployments/latest" method="GET" type="request" pid="770,1,32" Host="la-zeiterfassung-fyd4cge3d9e3cac4.scm.germanywestcentral-01.azurewebsites.net" User-Agent="vscode-azureappservice/0.26.1 core-rest-pipeline/1.19.1 Node/20.19.0 OS/(arm64-Darwin-24.3.0)" Accept-Encoding="gzip,deflate" Accept-Language="de" Authorization="Bea..." x-ms-correlation-request-id="9607e9af-c2c4-4ebe-8bc6-c0c4ede01418" x-ms-client-request-id="e3e72e0f-0e58-4df2-b8b7-94a712176345" X-ARR-LOG-ID="e3e72e0f-0e58-4df2-b8b7-94a712176345" CLIENT-IP="84.138.91.166:61856" X-SITE-DEPLOYMENT-ID="LA-Zeiterfassung" WAS-DEFAULT-HOSTNAME="la-zeiterfassung-fyd4cge3d9e3cac4.scm.germanywestcentral-01.azurewebsites.net" X-Forwarded-Proto="https" X-AppService-Proto="https" X-Forwarded-TlsVersion="1.3" X-WAWS-Unencoded-URL="/api/deployments/latest" X-Client-IP="84.138.91.166" X-Client-Port="61856" >
  <step title="Cleanup Xml Logs" date="2025-05-21T20:45:33.619" >
    <step title="Cleanup Infos" date="2025-05-21T20:45:33.693" totalFiles="441" totalCleanup="281" /><!-- duration: 8ms -->
  </step><!-- duration: 85ms -->
  <step title="DeploymentService.GetResult" date="2025-05-21T20:45:33.720" >
    <step title="DeploymentService.GetLatestDeployment" date="2025-05-21T20:45:33.724" >
      <step title="DeploymentManager.GetResults" date="2025-05-21T20:45:33.728" /><!-- duration: 437ms -->
    </step><!-- duration: 445ms -->
  </step><!-- duration: 453ms -->
  <step title="Outgoing response" date="2025-05-21T20:45:34.178" type="response" statusCode="202" statusText="Accepted" /><!-- duration: 4ms -->
</step><!-- duration: 586ms -->
