<step title="Incoming Request" date="2025-07-29T07:42:24.038" instance="a45adb" url="/api/publish?type=zip" method="POST" type="request" pid="769,1,24" Accept="*/*" Host="la-zeiterfassung-fyd4cge3d9e3cac4.scm.azurewebsites.net" User-Agent="AZURECLI/2.75.0 (HOMEBREW)" Accept-Encoding="gzip, deflate" Authorization="Bas..." Cache-Control="no-cache" Content-Type="application/octet-stream" Cookie="ARRAffinity=a45adbe19489ea2b14e790f681e17ad6f03a5528ca730625ec513d016d2b4c91; ARRAffinitySameSite=a45adbe19489ea2b14e790f681e17ad6f03a5528ca730625ec513d016d2b4c91" Content-Length="4344" x-ms-client-request-id="8c094644-6c4f-11f0-b333-3ecdac25f1e6" x-ms-artifact-checksum="66425fc8b395bffa5c19de33145ef74b1c7ebd20aee692eb19bc088fa83cc2b9" X-ARR-LOG-ID="8c094644-6c4f-11f0-b333-3ecdac25f1e6" CLIENT-IP="84.138.86.68:60827" X-SITE-DEPLOYMENT-ID="la-zeiterfassung-fyd4cge3d9e3cac4" WAS-DEFAULT-HOSTNAME="la-zeiterfassung-fyd4cge3d9e3cac4.scm.azurewebsites.net" X-Forwarded-Proto="https" X-AppService-Proto="https" X-Forwarded-TlsVersion="1.3" X-WAWS-Unencoded-URL="/api/publish?type=zip" X-Client-IP="84.138.86.68" X-Client-Port="60827" >
  <step title="OneDeploy" date="2025-07-29T07:42:24.097" >
    <step title="Starting PushDeployAsync" date="2025-07-29T07:42:24.126" /><!-- duration: 10ms -->
    <step title="Writing artifact to /tmp/zipdeploy/55d7b8fb-4f62-4e5b-bd0d-7b827d341a57.zip" date="2025-07-29T07:42:24.169" >
      <step title="Writing multipart request body to /tmp/zipdeploy/55d7b8fb-4f62-4e5b-bd0d-7b827d341a57.zip" date="2025-07-29T07:42:24.216" /><!-- duration: 30ms -->
    </step><!-- duration: 147ms -->
    <step title="Removing previous build artifact&apos;s manifest file" date="2025-07-29T07:42:24.346" >
      <step title="Attempting to fetch target branch HEAD" date="2025-07-29T07:42:24.447" /><!-- duration: 4ms -->
      <step title="Acquiring Deployment Lock" date="2025-07-29T07:42:24.477" /><!-- duration: 14ms -->
      <step title="Acquired Deployment Lock" date="2025-07-29T07:42:24.598" /><!-- duration: 9ms -->
      <step title="Performing fetch based deployment" date="2025-07-29T07:42:24.668" >
        <step title="Creating temporary deployment" date="2025-07-29T07:42:24.716" /><!-- duration: 162ms -->
        <step title="Releasing Deployment Lock" date="2025-07-29T07:42:26.129" /><!-- duration: 19ms -->
        <step title="Cleaning up temp folders from previous zip deployments and extracting pushed zip file /tmp/zipdeploy/55d7b8fb-4f62-4e5b-bd0d-7b827d341a57.zip (0.00 MB) to /tmp/zipdeploy/extracted" date="2025-07-29T07:42:26.179" >
          <step title="ChmodRecursive Process exited with total time taken in ms: 98" date="2025-07-29T07:42:26.328" /><!-- duration: 13ms -->
        </step><!-- duration: 170ms -->
        <step title="None repository commit" date="2025-07-29T07:42:26.359" >
          <step title="Commit id: 73cfad70-0464-44c7-bfa8-3754a86aa799" date="2025-07-29T07:42:26.368" Message="OneDeploy" AuthorName="N/A" AuthorEmail="N/A" /><!-- duration: 3ms -->
        </step><!-- duration: 21ms -->
        <step title="Deployment timer started" date="2025-07-29T07:42:28.385" >
          <step title="DeploymentManager.Deploy(id:73cfad70-0464-44c7-bfa8-3754a86aa799)" date="2025-07-29T07:42:28.390" >
            <step title="Collecting changeset information" date="2025-07-29T07:42:28.420" /><!-- duration: 95ms -->
            <step title="Updating submodules" date="2025-07-29T07:42:28.521" /><!-- duration: 1121ms -->
            <step title="Determining deployment builder" date="2025-07-29T07:42:29.930" >
              <step title="Builder is OryxBuilder" date="2025-07-29T07:42:29.962" /><!-- duration: 9ms -->
            </step><!-- duration: 48ms -->
            <step title="PreDeployment: context.CleanOutputPath False" date="2025-07-29T07:42:30.051" >
              <step title="PreDeployment: context.OutputPath /home/site/wwwroot" date="2025-07-29T07:42:30.270" >
                <step title="Building" date="2025-07-29T07:42:30.529" >
                  <step title="Executing external process" date="2025-07-29T07:42:31.089" type="process" path="bash" arguments="-c &quot;oryx build /tmp/zipdeploy/extracted -o /home/site/wwwroot --platform python --platform-version 3.11 -p virtualenv_name=antenv --log-file /tmp/build-debug.log  -i /tmp/8ddce7378ce3b0d --compress-destination-dir | tee /tmp/oryx-build.log ; exit $PIPESTATUS &quot;" /><!-- duration: 46426ms -->
                  <step title="Using PythonDeploymentLogParser" date="2025-07-29T07:43:17.848" /><!-- duration: 9ms -->
                  <step title="Modified file to trigger a restart of the app container." date="2025-07-29T07:43:18.966" /><!-- duration: 4ms -->
                  <step title="Skip function trigger and logicapp sync because function is not enabled." date="2025-07-29T07:43:18.980" /><!-- duration: 3ms -->
                  <step title="Purge deployment items" date="2025-07-29T07:43:19.944" >
                    <step title="Remove b9f432c7-, Success, received at 07/29/2025 06:16:16" date="2025-07-29T07:43:20.019" /><!-- duration: 10ms -->
                  </step><!-- duration: 104ms -->
                </step><!-- duration: 49606ms -->
              </step><!-- duration: 49870ms -->
              <step title="Cleaning up temp files" date="2025-07-29T07:43:20.150" /><!-- duration: 1855ms -->
              <step title="Cleaning up temp files" date="2025-07-29T07:43:22.011" /><!-- duration: 533ms -->
              <step title="Reloading status file with latest updates" date="2025-07-29T07:43:22.573" >
                <step title="WebHooksManager.PublishEventAsync: PostDeployment" date="2025-07-29T07:43:22.580" /><!-- duration: 31ms -->
              </step><!-- duration: 43ms -->
              <step title="Cleaning up temporary deployment - fetch deployment was successful" date="2025-07-29T07:43:22.622" /><!-- duration: 4ms -->
            </step><!-- duration: 52651ms -->
          </step><!-- duration: 54315ms -->
          <step title="Outgoing response" date="2025-07-29T07:43:22.714" type="response" statusCode="200" statusText="OK" /><!-- duration: 3ms -->
        </step><!-- duration: 54335ms -->
