<step title="BackgroundTrace" date="2025-05-21T20:13:34.255" instance="e0f283" url="/api/zipdeploy" method="POST" >
  <step title="Creating temporary deployment - FetchDeploymentManager" date="2025-05-21T20:13:34.567" /><!-- duration: 21ms -->
  <step title="Creating temporary deployment" date="2025-05-21T20:13:34.626" /><!-- duration: 174ms -->
  <step title="Performing fetch based deployment" date="2025-05-21T20:13:35.061" >
    <step title="Cleaning up temp folders from previous zip deployments and extracting pushed zip file /tmp/zipdeploy/00cdf6ea-6ebc-4197-a73a-36c54552b829.zip (0.02 MB) to /tmp/zipdeploy/extracted" date="2025-05-21T20:13:36.433" >
      <step title="ChmodRecursive Process exited with total time taken in ms: 657" date="2025-05-21T20:13:38.419" /><!-- duration: 20ms -->
    </step><!-- duration: 2074ms -->
    <step title="Deployment timer started" date="2025-05-21T20:13:40.662" >
      <step title="DeploymentManager.Deploy(id:516eed7f-b927-433a-9c19-54c92f8dd4a5)" date="2025-05-21T20:13:40.667" >
        <step title="Collecting changeset information" date="2025-05-21T20:13:40.756" /><!-- duration: 107ms -->
        <step title="Updating submodules" date="2025-05-21T20:13:40.871" /><!-- duration: 1145ms -->
        <step title="Determining deployment builder" date="2025-05-21T20:13:42.174" >
          <step title="Builder is OryxBuilder" date="2025-05-21T20:13:42.201" /><!-- duration: 11ms -->
        </step><!-- duration: 46ms -->
        <step title="PreDeployment: context.CleanOutputPath False" date="2025-05-21T20:13:42.273" >
          <step title="PreDeployment: context.OutputPath /home/site/wwwroot" date="2025-05-21T20:13:42.412" >
            <step title="Building" date="2025-05-21T20:13:42.554" >
              <step title="Executing external process" date="2025-05-21T20:13:42.969" type="process" path="bash" arguments="-c &quot;oryx build /tmp/zipdeploy/extracted -o /home/site/wwwroot --platform python --platform-version 3.11 -p virtualenv_name=antenv --log-file /tmp/build-debug.log  -i /tmp/8dd98a3fb74b63d --compress-destination-dir | tee /tmp/oryx-build.log ; exit $PIPESTATUS &quot;" 