<step title="Incoming Request" date="2025-07-31T14:41:02.224" instance="a45adb" url="/api/zipdeploy?isAsync=true" method="POST" type="request" pid="769,1,3" Accept="*/*" Host="la-zeiterfassung-fyd4cge3d9e3cac4.scm.azurewebsites.net" User-Agent="AZURECLI/2.75.0 (HOMEBREW)" Accept-Encoding="gzip, deflate" Authorization="Bas..." Cache-Control="no-cache" Content-Type="application/octet-stream" Cookie="ARRAffinity=a45adbe19489ea2b14e790f681e17ad6f03a5528ca730625ec513d016d2b4c91; ARRAffinitySameSite=a45adbe19489ea2b14e790f681e17ad6f03a5528ca730625ec513d016d2b4c91" Content-Length="33553" x-ms-client-request-id="5ce9e26e-6e1c-11f0-8aef-3ecdac25f1e6" x-ms-artifact-checksum="48a158d98237964dc9fbd552af2b6302da3b164e20ead08764ebe886f62fae24" X-ARR-LOG-ID="5ce9e26e-6e1c-11f0-8aef-3ecdac25f1e6" CLIENT-IP="84.138.86.68:65131" X-SITE-DEPLOYMENT-ID="la-zeiterfassung-fyd4cge3d9e3cac4" WAS-DEFAULT-HOSTNAME="la-zeiterfassung-fyd4cge3d9e3cac4.scm.azurewebsites.net" X-Forwarded-Proto="https" X-AppService-Proto="https" X-Forwarded-TlsVersion="1.3" X-WAWS-Unencoded-URL="/api/zipdeploy?isAsync=true" X-Client-IP="84.138.86.68" X-Client-Port="65131" >
  <step title="ZipPushDeploy" date="2025-07-31T14:41:02.263" >
    <step title="ZipDeploy. Extract zip. Remote build." date="2025-07-31T14:41:02.272" /><!-- duration: 4ms -->
    <step title="Starting PushDeployAsync" date="2025-07-31T14:41:02.281" /><!-- duration: 3ms -->
    <step title="Writing artifact to /tmp/zipdeploy/0869eeab-a005-408b-b345-c1b7b0c7cad9.zip" date="2025-07-31T14:41:02.317" >
      <step title="Writing multipart request body to /tmp/zipdeploy/0869eeab-a005-408b-b345-c1b7b0c7cad9.zip" date="2025-07-31T14:41:02.333" /><!-- duration: 3ms -->
    </step><!-- duration: 90ms -->
    <step title="Removing previous build artifact&apos;s manifest file" date="2025-07-31T14:41:02.416" >
      <step title="Start deployment in the background" date="2025-07-31T14:41:02.443" >
        <step title="Acquiring Deployment Lock" date="2025-07-31T14:41:02.468" /><!-- duration: 8ms -->
        <step title="Acquired Deployment Lock" date="2025-07-31T14:41:02.505" /><!-- duration: 3ms -->
      </step><!-- duration: 149ms -->
    </step><!-- duration: 188ms -->
    <step title="Outgoing response" date="2025-07-31T14:41:02.609" type="response" statusCode="202" statusText="Accepted" /><!-- duration: 5ms -->
  </step><!-- duration: 358ms -->
