<step title="BackgroundTrace" date="2025-05-21T20:01:12.450" instance="e0f283" url="/api/zipdeploy" method="POST" >
  <step title="Creating temporary deployment - FetchDeploymentManager" date="2025-05-21T20:01:12.520" /><!-- duration: 2ms -->
  <step title="Creating temporary deployment" date="2025-05-21T20:01:12.525" /><!-- duration: 67ms -->
  <step title="Performing fetch based deployment" date="2025-05-21T20:01:12.618" >
    <step title="Cleaning up temp folders from previous zip deployments and extracting pushed zip file /tmp/zipdeploy/474d584c-610e-4f04-919b-035e4974c34e.zip (0.02 MB) to /tmp/zipdeploy/extracted" date="2025-05-21T20:01:13.941" >
      <step title="ChmodRecursive Process exited with total time taken in ms: 71" date="2025-05-21T20:01:14.072" /><!-- duration: 9ms -->
    </step><!-- duration: 150ms -->
    <step title="Deployment timer started" date="2025-05-21T20:01:16.115" >
      <step title="DeploymentManager.Deploy(id:f0daa1b8-2f1f-4f38-9472-3144999c2169)" date="2025-05-21T20:01:16.128" >
        <step title="Collecting changeset information" date="2025-05-21T20:01:16.201" /><!-- duration: 99ms -->
        <step title="Updating submodules" date="2025-05-21T20:01:16.313" /><!-- duration: 1097ms -->
        <step title="Determining deployment builder" date="2025-05-21T20:01:17.581" >
          <step title="Builder is OryxBuilder" date="2025-05-21T20:01:17.608" /><!-- duration: 18ms -->
        </step><!-- duration: 64ms -->
        <step title="PreDeployment: context.CleanOutputPath False" date="2025-05-21T20:01:17.712" >
          <step title="PreDeployment: context.OutputPath /home/site/wwwroot" date="2025-05-21T20:01:17.810" >
            <step title="Building" date="2025-05-21T20:01:18.010" >
              <step title="Executing external process" date="2025-05-21T20:01:18.314" type="process" path="bash" arguments="-c &quot;oryx build /tmp/zipdeploy/extracted -o /home/site/wwwroot --platform python --platform-version 3.11 -p virtualenv_name=antenv --log-file /tmp/build-debug.log  -i /tmp/8dd98a23fa7f75e --compress-destination-dir | tee /tmp/oryx-build.log ; exit $PIPESTATUS &quot;" >
                <step title="Error occurred" date="2025-05-21T20:03:12.089" type="error" text="GetParentProcessLinux (1530) failed.: Could not find a part of the path &apos;/proc/1530/stat&apos;." stackTrace="   at Microsoft.Win32.SafeHandles.SafeFileHandle.Open(String , OpenFlags , Int32 )
   at Microsoft.Win32.SafeHandles.SafeFileHandle.Open(String , FileMode , FileAccess , FileShare , FileOptions , Int64 )
   at System.IO.Strategies.OSFileStreamStrategy..ctor(String , FileMode , FileAccess , FileShare , FileOptions , Int64 )
   at System.IO.StreamReader.ValidateArgsAndOpenPath(String , Encoding , Int32 )
   at System.IO.File.ReadLines(String )
   at Kudu.Core.Infrastructure.ProcessExtensions.GetParentProcessLinux(Process process, ITracer tracer) in /tmp/KuduLite/Kudu.Core/Infrastructure/ProcessExtensions.cs:line 155" /><!-- duration: 30ms -->
                <step title="Cpu: python(1505,6.450s)+ts(1506,0.090s)+build.sh(1504,0.000s)+build.sh(1503,0.000s)+build.sh(1409,0.060s)+oryx(1388,3.070s)+tee(1389,0.000s)+bash(1387,0.000s)=total(9.660s)" date="2025-05-21T20:03:12.232" /><!-- duration: 48ms -->
                <step title="bash: no io activity for 61s, prev-cpu=-1.000s, current-cpu=9.660s" date="2025-05-21T20:03:12.300" /><!-- duration: 30ms -->
