<step title="Incoming Request" date="2025-07-31T20:35:46.139" instance="a45adb" url="/api/deployments/latest" method="GET" type="request" pid="770,1,27" Accept="*/*" Host="la-zeiterfassung-fyd4cge3d9e3cac4.scm.azurewebsites.net" User-Agent="AZURECLI/2.75.0 (HOMEBREW)" Accept-Encoding="gzip, deflate" Authorization="Bas..." x-ms-client-request-id="e8844bb2-6e4d-11f0-93f0-3ecdac25f1e6" X-ARR-LOG-ID="e8844bb2-6e4d-11f0-93f0-3ecdac25f1e6" CLIENT-IP="84.138.86.68:59548" X-SITE-DEPLOYMENT-ID="la-zeiterfassung-fyd4cge3d9e3cac4" WAS-DEFAULT-HOSTNAME="la-zeiterfassung-fyd4cge3d9e3cac4.scm.azurewebsites.net" X-Forwarded-Proto="https" X-AppService-Proto="https" X-Forwarded-TlsVersion="1.3" X-WAWS-Unencoded-URL="/api/deployments/latest" X-Client-IP="84.138.86.68" X-Client-Port="59548" >
  <step title="Cleanup Xml Logs" date="2025-07-31T20:35:46.168" >
    <step title="Cleanup Infos" date="2025-07-31T20:35:46.184" totalFiles="372" totalCleanup="212" /><!-- duration: 8ms -->
  </step><!-- duration: 32ms -->
  <step title="DeploymentService.GetResult" date="2025-07-31T20:35:46.296" >
    <step title="DeploymentService.GetLatestDeployment" date="2025-07-31T20:35:46.300" >
      <step title="DeploymentManager.GetResults" date="2025-07-31T20:35:46.303" /><!-- duration: 523ms -->
    </step><!-- duration: 535ms -->
  </step><!-- duration: 543ms -->
  <step title="Outgoing response" date="2025-07-31T20:35:46.846" type="response" statusCode="202" statusText="Accepted" /><!-- duration: 3ms -->
</step><!-- duration: 713ms -->
