<step title="Incoming Request" date="2025-07-31T19:24:21.728" instance="a45adb" url="/api/zipdeploy?isAsync=true" method="POST" type="request" pid="769,1,46" Accept="*/*" Host="la-zeiterfassung-fyd4cge3d9e3cac4.scm.azurewebsites.net" User-Agent="AZURECLI/2.75.0 (HOMEBREW)" Accept-Encoding="gzip, deflate" Authorization="Bas..." Cache-Control="no-cache" Content-Type="application/octet-stream" Cookie="ARRAffinity=a45adbe19489ea2b14e790f681e17ad6f03a5528ca730625ec513d016d2b4c91; ARRAffinitySameSite=a45adbe19489ea2b14e790f681e17ad6f03a5528ca730625ec513d016d2b4c91" Content-Length="4575" x-ms-client-request-id="f18e705c-6e43-11f0-ab54-3ecdac25f1e6" x-ms-artifact-checksum="c688efc24af131203b9604d0514cc9c6b2697ed1080bd088199228eef377f9e7" X-ARR-LOG-ID="f18e705c-6e43-11f0-ab54-3ecdac25f1e6" CLIENT-IP="84.138.86.68:60543" X-SITE-DEPLOYMENT-ID="la-zeiterfassung-fyd4cge3d9e3cac4" WAS-DEFAULT-HOSTNAME="la-zeiterfassung-fyd4cge3d9e3cac4.scm.azurewebsites.net" X-Forwarded-Proto="https" X-AppService-Proto="https" X-Forwarded-TlsVersion="1.3" X-WAWS-Unencoded-URL="/api/zipdeploy?isAsync=true" X-Client-IP="84.138.86.68" X-Client-Port="60543" >
  <step title="ZipPushDeploy" date="2025-07-31T19:24:21.770" >
    <step title="ZipDeploy. Extract zip. Remote build." date="2025-07-31T19:24:21.792" /><!-- duration: 9ms -->
    <step title="Starting PushDeployAsync" date="2025-07-31T19:24:21.811" /><!-- duration: 9ms -->
    <step title="Writing artifact to /tmp/zipdeploy/cce224a3-04db-4042-9f28-ce7d0b39fc43.zip" date="2025-07-31T19:24:21.841" >
      <step title="Writing multipart request body to /tmp/zipdeploy/cce224a3-04db-4042-9f28-ce7d0b39fc43.zip" date="2025-07-31T19:24:21.852" /><!-- duration: 19ms -->
    </step><!-- duration: 49ms -->
    <step title="Start deployment in the background" date="2025-07-31T19:24:21.951" >
      <step title="Acquiring Deployment Lock" date="2025-07-31T19:24:22.020" /><!-- duration: 21ms -->
      <step title="Acquired Deployment Lock" date="2025-07-31T19:24:22.111" /><!-- duration: 58ms -->
    </step><!-- duration: 571ms -->
  </step><!-- duration: 784ms -->
  <step title="Outgoing response" date="2025-07-31T19:24:22.573" type="response" statusCode="202" statusText="Accepted" /><!-- duration: 11ms -->
</step><!-- duration: 865ms -->
