<step title="Incoming Request" date="2025-05-21T20:21:43.442" instance="e0f283" url="/api/zipdeploy?author=ms-azuretools-vscode&amp;deployer=ms-azuretools-vscode&amp;isAsync=true&amp;trackDeploymentId=true" method="POST" type="request" pid="770,1,22" Host="la-zeiterfassung-fyd4cge3d9e3cac4.scm.germanywestcentral-01.azurewebsites.net" User-Agent="vscode-azureappservice/0.26.1 core-rest-pipeline/1.19.1 Node/20.19.0 OS/(arm64-Darwin-24.3.0)" Accept-Encoding="gzip,deflate" Accept-Language="de" Authorization="Bea..." Transfer-Encoding="chunked" x-ms-correlation-request-id="e584bd44-40ce-4876-b3fb-329d88b90d2d" x-ms-client-request-id="0eb5ff6c-8dc7-4fb4-a8c8-e60d1a86838a" X-ARR-LOG-ID="0eb5ff6c-8dc7-4fb4-a8c8-e60d1a86838a" CLIENT-IP="84.138.91.166:61851" X-SITE-DEPLOYMENT-ID="LA-Zeiterfassung" WAS-DEFAULT-HOSTNAME="la-zeiterfassung-fyd4cge3d9e3cac4.scm.germanywestcentral-01.azurewebsites.net" X-Forwarded-Proto="https" X-AppService-Proto="https" X-Forwarded-TlsVersion="1.3" X-WAWS-Unencoded-URL="/api/zipdeploy?author=ms-azuretools-vscode&amp;deployer=ms-azuretools-vscode&amp;isAsync=true&amp;trackDeploymentId=true" X-Client-IP="84.138.91.166" X-Client-Port="61851" >
  <step title="Cleanup Xml Logs" date="2025-05-21T20:21:43.448" >
    <step title="Cleanup Infos" date="2025-05-21T20:21:43.540" totalFiles="383" totalCleanup="223" /><!-- duration: 78ms -->
  </step><!-- duration: 241ms -->
  <step title="ZipPushDeploy" date="2025-05-21T20:21:44.102" >
    <step title="ZipDeploy. Extract zip." date="2025-05-21T20:21:44.132" /><!-- duration: 11ms -->
    <step title="Starting PushDeployAsync" date="2025-05-21T20:21:44.284" /><!-- duration: 10ms -->
    <step title="Error occurred" date="2025-05-21T20:21:44.534" type="error" text="Error removing symlink: Path doesn&apos;t exist!" stackTrace="   at Mono.Unix.UnixFileSystemInfo.AssertValid()
   at Mono.Unix.UnixFileSystemInfo.get_FileType()
   at Kudu.Services.Deployment.PushDeploymentController.PushDeployAsync(ArtifactDeploymentInfo deploymentInfo, Boolean isAsync, HttpContext context, JObject requestJson) in /tmp/KuduLite/Kudu.Services/Deployment/PushDeploymentController.cs:line 740" /><!-- duration: 11ms -->
    <step title="Writing artifact to /tmp/zipdeploy/81d51a3f-4a57-485c-8abe-71065634229c.zip" date="2025-05-21T20:21:44.575" >
      <step title="Writing multipart request body to /tmp/zipdeploy/81d51a3f-4a57-485c-8abe-71065634229c.zip" date="2025-05-21T20:21:44.626" /><!-- duration: 9ms -->
    </step><!-- duration: 110ms -->
    <step title="Start deployment in the background" date="2025-05-21T20:21:44.776" >
      <step title="Acquiring Deployment Lock" date="2025-05-21T20:21:44.857" /><!-- duration: 21ms -->
      <step title="Cannot Acquire Deployment Lock already held" date="2025-05-21T20:21:44.955" /><!-- duration: 2ms -->
    </step><!-- duration: 302ms -->
    <step title="There is a deployment currently in progress. Please try again when it completes." date="2025-05-21T20:21:45.097" /><!-- duration: 2ms -->
  </step><!-- duration: 1016ms -->
  <step title="Outgoing response" date="2025-05-21T20:21:45.216" type="response" statusCode="409" statusText="Conflict" /><!-- duration: 2ms -->
</step><!-- duration: 1786ms -->
