<step title="Incoming Request" date="2025-05-21T18:03:28.556" instance="e0f283" url="/api/deployments/latest" method="GET" type="request" pid="776,1,23" Host="la-zeiterfassung-fyd4cge3d9e3cac4.scm.germanywestcentral-01.azurewebsites.net" User-Agent="vscode-azureappservice/0.26.1 core-rest-pipeline/1.19.1 Node/20.19.0 OS/(arm64-Darwin-24.3.0)" Accept-Encoding="gzip,deflate" Accept-Language="de" Authorization="Bea..." x-ms-correlation-request-id="c9db5f15-14c1-4058-828a-955e9e030201" x-ms-client-request-id="60ee860f-21f8-4937-82b6-75a3832a16b6" X-ARR-LOG-ID="60ee860f-21f8-4937-82b6-75a3832a16b6" CLIENT-IP="84.138.91.166:63182" X-SITE-DEPLOYMENT-ID="LA-Zeiterfassung" WAS-DEFAULT-HOSTNAME="la-zeiterfassung-fyd4cge3d9e3cac4.scm.germanywestcentral-01.azurewebsites.net" X-Forwarded-Proto="https" X-AppService-Proto="https" X-Forwarded-TlsVersion="1.3" X-WAWS-Unencoded-URL="/api/deployments/latest" X-Client-IP="84.138.91.166" X-Client-Port="63182" >
  <step title="Cleanup Xml Logs" date="2025-05-21T18:03:28.559" >
    <step title="Cleanup Infos" date="2025-05-21T18:03:28.575" totalFiles="200" totalCleanup="40" /><!-- duration: 67ms -->
  </step><!-- duration: 122ms -->
  <step title="DeploymentService.GetResult" date="2025-05-21T18:03:28.689" >
    <step title="DeploymentService.GetLatestDeployment" date="2025-05-21T18:03:28.691" >
      <step title="DeploymentManager.GetResults" date="2025-05-21T18:03:28.694" /><!-- duration: 450ms -->
    </step><!-- duration: 456ms -->
  </step><!-- duration: 461ms -->
  <step title="Outgoing response" date="2025-05-21T18:03:29.154" type="response" statusCode="202" statusText="Accepted" /><!-- duration: 2ms -->
</step><!-- duration: 604ms -->
