<step title="Incoming Request" date="2025-05-21T17:58:52.096" instance="e0f283" url="/api/zipdeploy?author=ms-azuretools-vscode&amp;deployer=ms-azuretools-vscode&amp;isAsync=true&amp;trackDeploymentId=true" method="POST" type="request" pid="776,1,25" Host="la-zeiterfassung-fyd4cge3d9e3cac4.scm.germanywestcentral-01.azurewebsites.net" User-Agent="vscode-azureappservice/0.26.1 core-rest-pipeline/1.19.1 Node/20.19.0 OS/(arm64-Darwin-24.3.0)" Accept-Encoding="gzip,deflate" Accept-Language="de" Authorization="Bea..." Transfer-Encoding="chunked" x-ms-correlation-request-id="bfe9935a-b4c0-464e-823d-e956dfff5818" x-ms-client-request-id="52e580a2-da05-49cb-8d34-336285245ca9" X-ARR-LOG-ID="52e580a2-da05-49cb-8d34-336285245ca9" CLIENT-IP="84.138.91.166:60512" X-SITE-DEPLOYMENT-ID="LA-Zeiterfassung" WAS-DEFAULT-HOSTNAME="la-zeiterfassung-fyd4cge3d9e3cac4.scm.germanywestcentral-01.azurewebsites.net" X-Forwarded-Proto="https" X-AppService-Proto="https" X-Forwarded-TlsVersion="1.3" X-WAWS-Unencoded-URL="/api/zipdeploy?author=ms-azuretools-vscode&amp;deployer=ms-azuretools-vscode&amp;isAsync=true&amp;trackDeploymentId=true" X-Client-IP="84.138.91.166" X-Client-Port="60512" >
  <step title="Cleanup Xml Logs" date="2025-05-21T17:58:52.099" /><!-- duration: 11ms -->
  <step title="ZipPushDeploy" date="2025-05-21T17:58:52.131" >
    <step title="ZipDeploy. Extract zip." date="2025-05-21T17:58:52.150" /><!-- duration: 2ms -->
    <step title="Starting PushDeployAsync" date="2025-05-21T17:58:52.161" /><!-- duration: 2ms -->
    <step title="Error occurred" date="2025-05-21T17:58:52.205" type="error" text="Error removing symlink: Path doesn&apos;t exist!" stackTrace="   at Mono.Unix.UnixFileSystemInfo.AssertValid()
   at Mono.Unix.UnixFileSystemInfo.get_FileType()
   at Kudu.Services.Deployment.PushDeploymentController.PushDeployAsync(ArtifactDeploymentInfo deploymentInfo, Boolean isAsync, HttpContext context, JObject requestJson) in /tmp/KuduLite/Kudu.Services/Deployment/PushDeploymentController.cs:line 740" /><!-- duration: 3ms -->
    <step title="Writing artifact to /tmp/zipdeploy/a1d6652a-3bd9-46f5-96af-3b2e55cd8d6a.zip" date="2025-05-21T17:58:52.217" >
      <step title="Writing multipart request body to /tmp/zipdeploy/a1d6652a-3bd9-46f5-96af-3b2e55cd8d6a.zip" date="2025-05-21T17:58:52.227" /><!-- duration: 9ms -->
    </step><!-- duration: 31ms -->
    <step title="Removing previous build artifact&apos;s manifest file" date="2025-05-21T17:58:52.267" >
      <step title="Start deployment in the background" date="2025-05-21T17:58:52.326" >
        <step title="Acquiring Deployment Lock" date="2025-05-21T17:58:52.358" /><!-- duration: 10ms -->
        <step title="Acquired Deployment Lock" date="2025-05-21T17:58:52.397" /><!-- duration: 3ms -->
      </step><!-- duration: 159ms -->
    </step><!-- duration: 227ms -->
    <step title="Outgoing response" date="2025-05-21T17:58:52.497" type="response" statusCode="202" statusText="Accepted" /><!-- duration: 3ms -->
  </step><!-- duration: 371ms -->
