<step title="Incoming Request" date="2025-07-31T15:03:31.683" instance="a45adb" url="/api/deployments/latest" method="GET" type="request" pid="769,1,7" Accept="*/*" Host="la-zeiterfassung-fyd4cge3d9e3cac4.scm.azurewebsites.net" User-Agent="AZURECLI/2.75.0 (HOMEBREW)" Accept-Encoding="gzip, deflate" Authorization="Bas..." x-ms-client-request-id="7f6c9568-6e1f-11f0-8778-3ecdac25f1e6" X-ARR-LOG-ID="7f6c9568-6e1f-11f0-8778-3ecdac25f1e6" CLIENT-IP="84.138.86.68:59566" X-SITE-DEPLOYMENT-ID="la-zeiterfassung-fyd4cge3d9e3cac4" WAS-DEFAULT-HOSTNAME="la-zeiterfassung-fyd4cge3d9e3cac4.scm.azurewebsites.net" X-Forwarded-Proto="https" X-AppService-Proto="https" X-Forwarded-TlsVersion="1.3" X-WAWS-Unencoded-URL="/api/deployments/latest" X-Client-IP="84.138.86.68" X-Client-Port="59566" >
  <step title="Cleanup Xml Logs" date="2025-07-31T15:03:31.698" >
    <step title="Cleanup Infos" date="2025-07-31T15:03:31.708" totalFiles="223" totalCleanup="63" /><!-- duration: 4ms -->
  </step><!-- duration: 17ms -->
  <step title="DeploymentService.GetResult" date="2025-07-31T15:03:31.722" >
    <step title="DeploymentService.GetLatestDeployment" date="2025-07-31T15:03:31.729" >
      <step title="DeploymentManager.GetResults" date="2025-07-31T15:03:31.732" /><!-- duration: 520ms -->
    </step><!-- duration: 527ms -->
  </step><!-- duration: 537ms -->
  <step title="Outgoing response" date="2025-07-31T15:03:32.270" type="response" statusCode="202" statusText="Accepted" /><!-- duration: 6ms -->
</step><!-- duration: 596ms -->
