<step title="Incoming Request" date="2025-05-21T20:12:29.280" instance="e0f283" url="/api/zipdeploy?author=ms-azuretools-vscode&amp;deployer=ms-azuretools-vscode&amp;isAsync=true&amp;trackDeploymentId=true" method="POST" type="request" pid="773,1,3" Host="la-zeiterfassung-fyd4cge3d9e3cac4.scm.germanywestcentral-01.azurewebsites.net" User-Agent="vscode-azureappservice/0.26.1 core-rest-pipeline/1.19.1 Node/20.19.0 OS/(arm64-Darwin-24.3.0)" Accept-Encoding="gzip,deflate" Accept-Language="de" Authorization="Bea..." Transfer-Encoding="chunked" x-ms-correlation-request-id="8b75d046-911b-413c-9279-948bc461f3cf" x-ms-client-request-id="92760b19-d1c1-4ddb-a91e-c880657f6fb7" X-ARR-LOG-ID="92760b19-d1c1-4ddb-a91e-c880657f6fb7" CLIENT-IP="84.138.91.166:63947" X-SITE-DEPLOYMENT-ID="LA-Zeiterfassung" WAS-DEFAULT-HOSTNAME="la-zeiterfassung-fyd4cge3d9e3cac4.scm.germanywestcentral-01.azurewebsites.net" X-Forwarded-Proto="https" X-AppService-Proto="https" X-Forwarded-TlsVersion="1.3" X-WAWS-Unencoded-URL="/api/zipdeploy?author=ms-azuretools-vscode&amp;deployer=ms-azuretools-vscode&amp;isAsync=true&amp;trackDeploymentId=true" X-Client-IP="84.138.91.166" X-Client-Port="63947" >
  <step title="Cleanup Xml Logs" date="2025-05-21T20:12:29.292" >
    <step title="Cleanup Infos" date="2025-05-21T20:12:29.332" totalFiles="352" totalCleanup="192" /><!-- duration: 11ms -->
  </step><!-- duration: 60ms -->
  <step title="ZipPushDeploy" date="2025-05-21T20:12:29.432" >
    <step title="ZipDeploy. Extract zip." date="2025-05-21T20:12:29.464" /><!-- duration: 20ms -->
    <step title="Starting PushDeployAsync" date="2025-05-21T20:12:29.522" /><!-- duration: 10ms -->
    <step title="Error occurred" date="2025-05-21T20:12:29.643" type="error" text="Error removing symlink: Path doesn&apos;t exist!" stackTrace="   at Mono.Unix.UnixFileSystemInfo.AssertValid()
   at Mono.Unix.UnixFileSystemInfo.get_FileType()
   at Kudu.Services.Deployment.PushDeploymentController.PushDeployAsync(ArtifactDeploymentInfo deploymentInfo, Boolean isAsync, HttpContext context, JObject requestJson) in /tmp/KuduLite/Kudu.Services/Deployment/PushDeploymentController.cs:line 740" /><!-- duration: 10ms -->
    <step title="Writing artifact to /tmp/zipdeploy/d20a7121-eacb-4060-a9ea-f317bebe1fbb.zip" date="2025-05-21T20:12:29.683" >
      <step title="Writing multipart request body to /tmp/zipdeploy/d20a7121-eacb-4060-a9ea-f317bebe1fbb.zip" date="2025-05-21T20:12:29.704" /><!-- duration: 21ms -->
    </step><!-- duration: 132ms -->
    <step title="Removing previous build artifact&apos;s manifest file" date="2025-05-21T20:12:29.856" >
      <step title="Start deployment in the background" date="2025-05-21T20:12:29.944" >
        <step title="Acquiring Deployment Lock" date="2025-05-21T20:12:30.015" /><!-- duration: 20ms -->
        <step title="Cannot Acquire Deployment Lock already held" date="2025-05-21T20:12:30.065" /><!-- duration: 20ms -->
      </step><!-- duration: 313ms -->
      <step title="There is a deployment currently in progress. Please try again when it completes." date="2025-05-21T20:12:30.277" /><!-- duration: 19ms -->
    </step><!-- duration: 531ms -->
    <step title="Outgoing response" date="2025-05-21T20:12:30.417" type="response" statusCode="409" statusText="Conflict" /><!-- duration: 3ms -->
  </step><!-- duration: 1025ms -->
