<step title="BackgroundTrace" date="2025-07-31T18:10:10.616" instance="a45adb" url="/api/zipdeploy" method="POST" >
  <step title="Creating temporary deployment - FetchDeploymentManager" date="2025-07-31T18:10:10.727" /><!-- duration: 3ms -->
  <step title="Creating temporary deployment" date="2025-07-31T18:10:10.741" /><!-- duration: 76ms -->
  <step title="Performing fetch based deployment" date="2025-07-31T18:10:10.990" >
    <step title="Cleaning up temp folders from previous zip deployments and extracting pushed zip file /tmp/zipdeploy/08b34987-2b37-405a-a855-8b1dbc0ba008.zip (0.03 MB) to /tmp/zipdeploy/extracted" date="2025-07-31T18:10:12.157" >
      <step title="ChmodRecursive Process exited with total time taken in ms: 102" date="2025-07-31T18:10:12.335" /><!-- duration: 9ms -->
    </step><!-- duration: 198ms -->
    <step title="Deployment timer started" date="2025-07-31T18:10:14.370" >
      <step title="DeploymentManager.Deploy(id:4cf8d3b1-4126-4052-bd6a-c4ceb3fbd693)" date="2025-07-31T18:10:14.385" >
        <step title="Collecting changeset information" date="2025-07-31T18:10:14.457" /><!-- duration: 153ms -->
        <step title="Updating submodules" date="2025-07-31T18:10:14.618" /><!-- duration: 1127ms -->
        <step title="Determining deployment builder" date="2025-07-31T18:10:16.232" >
          <step title="Builder is OryxBuilder" date="2025-07-31T18:10:16.268" /><!-- duration: 4ms -->
        </step><!-- duration: 43ms -->
        <step title="PreDeployment: context.CleanOutputPath False" date="2025-07-31T18:10:16.342" >
          <step title="PreDeployment: context.OutputPath /home/site/wwwroot" date="2025-07-31T18:10:16.485" >
            <step title="Building" date="2025-07-31T18:10:16.674" >
              <step title="Executing external process" date="2025-07-31T18:10:17.041" type="process" path="bash" arguments="-c &quot;oryx build /tmp/zipdeploy/extracted -o /home/site/wwwroot --platform python --platform-version 3.11 -p virtualenv_name=antenv --log-file /tmp/build-debug.log  -i /tmp/8ddd05d80806f01 --compress-destination-dir | tee /tmp/oryx-build.log ; exit $PIPESTATUS &quot;" /><!-- duration: 66955ms -->
              <step title="Using PythonDeploymentLogParser" date="2025-07-31T18:11:24.339" /><!-- duration: 5ms -->
              <step title="Triggering recycle (preview mode disabled)." date="2025-07-31T18:11:26.149" /><!-- duration: 14ms -->
              <step title="Modified file to trigger a restart of the app container." date="2025-07-31T18:11:26.211" /><!-- duration: 3ms -->
              <step title="Skip function trigger and logicapp sync because function is not enabled." date="2025-07-31T18:11:26.219" /><!-- duration: 5ms -->
              <step title="Purge deployment items" date="2025-07-31T18:11:27.750" >
                <step title="Remove f07e8be7-, Success, received at 07/31/2025 13:44:27" date="2025-07-31T18:11:27.844" /><!-- duration: 9ms -->
              </step><!-- duration: 124ms -->
            </step><!-- duration: 71319ms -->
          </step><!-- duration: 71527ms -->
          <step title="Cleaning up temp files" date="2025-07-31T18:11:28.015" /><!-- duration: 2372ms -->
          <step title="Cleaning up temp files" date="2025-07-31T18:11:30.394" /><!-- duration: 510ms -->
          <step title="Reloading status file with latest updates" date="2025-07-31T18:11:30.937" >
            <step title="WebHooksManager.PublishEventAsync: PostDeployment" date="2025-07-31T18:11:30.949" /><!-- duration: 42ms -->
          </step><!-- duration: 58ms -->
          <step title="Cleaning up temporary deployment - fetch deployment was successful" date="2025-07-31T18:11:31.001" /><!-- duration: 3ms -->
        </step><!-- duration: 74724ms -->
      </step><!-- duration: 76695ms -->
