<step title="Incoming Request" date="2025-07-31T19:26:31.710" instance="a45adb" url="/api/zipdeploy?isAsync=true" method="POST" type="request" pid="769,1,46" Accept="*/*" Host="la-zeiterfassung-fyd4cge3d9e3cac4.scm.azurewebsites.net" User-Agent="AZURECLI/2.75.0 (HOMEBREW)" Accept-Encoding="gzip, deflate" Authorization="Bas..." Cache-Control="no-cache" Content-Type="application/octet-stream" Cookie="ARRAffinity=a45adbe19489ea2b14e790f681e17ad6f03a5528ca730625ec513d016d2b4c91; ARRAffinitySameSite=a45adbe19489ea2b14e790f681e17ad6f03a5528ca730625ec513d016d2b4c91" Content-Length="4575" x-ms-client-request-id="3fdf32be-6e44-11f0-a3a0-3ecdac25f1e6" x-ms-artifact-checksum="c688efc24af131203b9604d0514cc9c6b2697ed1080bd088199228eef377f9e7" X-ARR-LOG-ID="3fdf32be-6e44-11f0-a3a0-3ecdac25f1e6" CLIENT-IP="84.138.86.68:65035" X-SITE-DEPLOYMENT-ID="la-zeiterfassung-fyd4cge3d9e3cac4" WAS-DEFAULT-HOSTNAME="la-zeiterfassung-fyd4cge3d9e3cac4.scm.azurewebsites.net" X-Forwarded-Proto="https" X-AppService-Proto="https" X-Forwarded-TlsVersion="1.3" X-WAWS-Unencoded-URL="/api/zipdeploy?isAsync=true" X-Client-IP="84.138.86.68" X-Client-Port="65035" >
  <step title="ZipPushDeploy" date="2025-07-31T19:26:31.778" >
    <step title="ZipDeploy. Extract zip. Remote build." date="2025-07-31T19:26:31.807" /><!-- duration: 10ms -->
    <step title="Starting PushDeployAsync" date="2025-07-31T19:26:31.829" /><!-- duration: 10ms -->
    <step title="Writing artifact to /tmp/zipdeploy/59b7c5a2-9129-483f-85dc-9c7e104cb3e8.zip" date="2025-07-31T19:26:31.868" >
      <step title="Writing multipart request body to /tmp/zipdeploy/59b7c5a2-9129-483f-85dc-9c7e104cb3e8.zip" date="2025-07-31T19:26:31.887" /><!-- duration: 9ms -->
    </step><!-- duration: 109ms -->
    <step title="Removing previous build artifact&apos;s manifest file" date="2025-07-31T19:26:31.988" >
      <step title="Start deployment in the background" date="2025-07-31T19:26:32.030" >
        <step title="Acquiring Deployment Lock" date="2025-07-31T19:26:32.080" /><!-- duration: 9ms -->
        <step title="Acquired Deployment Lock" date="2025-07-31T19:26:32.165" /><!-- duration: 11ms -->
      </step><!-- duration: 313ms -->
    </step><!-- duration: 379ms -->
    <step title="Outgoing response" date="2025-07-31T19:26:32.378" type="response" statusCode="202" statusText="Accepted" /><!-- duration: 18ms -->
  </step><!-- duration: 638ms -->
