<step title="BackgroundTrace" date="2025-07-31T18:18:15.746" instance="a45adb" url="/api/zipdeploy" method="POST" >
  <step title="Creating temporary deployment - FetchDeploymentManager" date="2025-07-31T18:18:15.790" /><!-- duration: 3ms -->
  <step title="Creating temporary deployment" date="2025-07-31T18:18:15.802" /><!-- duration: 93ms -->
  <step title="Performing fetch based deployment" date="2025-07-31T18:18:15.929" >
    <step title="Cleaning up temp folders from previous zip deployments and extracting pushed zip file /tmp/zipdeploy/4a44ae7f-cd86-47ad-af88-b7f1720b26ab.zip (0.03 MB) to /tmp/zipdeploy/extracted" date="2025-07-31T18:18:17.081" >
      <step title="ChmodRecursive Process exited with total time taken in ms: 80" date="2025-07-31T18:18:17.229" /><!-- duration: 9ms -->
    </step><!-- duration: 168ms -->
    <step title="Deployment timer started" date="2025-07-31T18:18:19.270" >
      <step title="DeploymentManager.Deploy(id:8f66c298-91e9-4632-a5f9-61fea396a0d9)" date="2025-07-31T18:18:19.281" >
        <step title="Collecting changeset information" date="2025-07-31T18:18:19.364" /><!-- duration: 162ms -->
        <step title="Updating submodules" date="2025-07-31T18:18:19.532" /><!-- duration: 1127ms -->
        <step title="Determining deployment builder" date="2025-07-31T18:18:20.857" >
          <step title="Builder is OryxBuilder" date="2025-07-31T18:18:20.889" /><!-- duration: 4ms -->
        </step><!-- duration: 40ms -->
        <step title="PreDeployment: context.CleanOutputPath False" date="2025-07-31T18:18:20.962" >
          <step title="PreDeployment: context.OutputPath /home/site/wwwroot" date="2025-07-31T18:18:21.071" >
            <step title="Building" date="2025-07-31T18:18:21.233" >
              <step title="Executing external process" date="2025-07-31T18:18:21.626" type="process" path="bash" arguments="-c &quot;oryx build /tmp/zipdeploy/extracted -o /home/site/wwwroot --platform python --platform-version 3.11 -p virtualenv_name=antenv --log-file /tmp/build-debug.log  -i /tmp/8ddd05ea15a8fd2 --compress-destination-dir | tee /tmp/oryx-build.log ; exit $PIPESTATUS &quot;" /><!-- duration: 64397ms -->
              <step title="Using PythonDeploymentLogParser" date="2025-07-31T18:19:26.350" /><!-- duration: 3ms -->
              <step title="Triggering recycle (preview mode disabled)." date="2025-07-31T18:19:27.337" /><!-- duration: 13ms -->
              <step title="Modified file to trigger a restart of the app container." date="2025-07-31T18:19:27.380" /><!-- duration: 4ms -->
              <step title="Skip function trigger and logicapp sync because function is not enabled." date="2025-07-31T18:19:27.389" /><!-- duration: 9ms -->
              <step title="Purge deployment items" date="2025-07-31T18:19:28.445" >
                <step title="Remove 58f3e40b-, Success, received at 07/31/2025 13:56:14" date="2025-07-31T18:19:28.498" /><!-- duration: 3ms -->
              </step><!-- duration: 63ms -->
            </step><!-- duration: 67373ms -->
          </step><!-- duration: 67540ms -->
          <step title="Cleaning up temp files" date="2025-07-31T18:19:28.613" /><!-- duration: 1987ms -->
          <step title="Cleaning up temp files" date="2025-07-31T18:19:30.606" /><!-- duration: 509ms -->
          <step title="Reloading status file with latest updates" date="2025-07-31T18:19:31.146" >
            <step title="WebHooksManager.PublishEventAsync: PostDeployment" date="2025-07-31T18:19:31.151" /><!-- duration: 34ms -->
          </step><!-- duration: 48ms -->
          <step title="Cleaning up temporary deployment - fetch deployment was successful" date="2025-07-31T18:19:31.200" /><!-- duration: 6ms -->
        </step><!-- duration: 70297ms -->
      </step><!-- duration: 71995ms -->
