<step title="Incoming Request" date="2025-05-21T18:03:16.219" instance="e0f283" url="/api/zipdeploy?author=ms-azuretools-vscode&amp;deployer=ms-azuretools-vscode&amp;isAsync=true&amp;trackDeploymentId=true" method="POST" type="request" pid="776,1,19" Host="la-zeiterfassung-fyd4cge3d9e3cac4.scm.germanywestcentral-01.azurewebsites.net" User-Agent="vscode-azureappservice/0.26.1 core-rest-pipeline/1.19.1 Node/20.19.0 OS/(arm64-Darwin-24.3.0)" Accept-Encoding="gzip,deflate" Accept-Language="de" Authorization="Bea..." Transfer-Encoding="chunked" x-ms-correlation-request-id="979ffcec-ab88-4deb-adc3-25f5c9ca2ef2" x-ms-client-request-id="9ce29b8f-f175-4fba-9851-70eb7712c086" X-ARR-LOG-ID="9ce29b8f-f175-4fba-9851-70eb7712c086" CLIENT-IP="84.138.91.166:59532" X-SITE-DEPLOYMENT-ID="LA-Zeiterfassung" WAS-DEFAULT-HOSTNAME="la-zeiterfassung-fyd4cge3d9e3cac4.scm.germanywestcentral-01.azurewebsites.net" X-Forwarded-Proto="https" X-AppService-Proto="https" X-Forwarded-TlsVersion="1.3" X-WAWS-Unencoded-URL="/api/zipdeploy?author=ms-azuretools-vscode&amp;deployer=ms-azuretools-vscode&amp;isAsync=true&amp;trackDeploymentId=true" X-Client-IP="84.138.91.166" X-Client-Port="59532" >
  <step title="Cleanup Xml Logs" date="2025-05-21T18:03:16.224" /><!-- duration: 15ms -->
  <step title="ZipPushDeploy" date="2025-05-21T18:03:16.256" >
    <step title="ZipDeploy. Extract zip." date="2025-05-21T18:03:16.266" /><!-- duration: 8ms -->
    <step title="Starting PushDeployAsync" date="2025-05-21T18:03:16.283" /><!-- duration: 2ms -->
    <step title="Error occurred" date="2025-05-21T18:03:16.316" type="error" text="Error removing symlink: Path doesn&apos;t exist!" stackTrace="   at Mono.Unix.UnixFileSystemInfo.AssertValid()
   at Mono.Unix.UnixFileSystemInfo.get_FileType()
   at Kudu.Services.Deployment.PushDeploymentController.PushDeployAsync(ArtifactDeploymentInfo deploymentInfo, Boolean isAsync, HttpContext context, JObject requestJson) in /tmp/KuduLite/Kudu.Services/Deployment/PushDeploymentController.cs:line 740" /><!-- duration: 3ms -->
    <step title="Writing artifact to /tmp/zipdeploy/a612ee47-d3de-4f4a-bd08-5578909f1646.zip" date="2025-05-21T18:03:16.345" >
      <step title="Writing multipart request body to /tmp/zipdeploy/a612ee47-d3de-4f4a-bd08-5578909f1646.zip" date="2025-05-21T18:03:16.348" /><!-- duration: 10ms -->
    </step><!-- duration: 52ms -->
    <step title="Removing previous build artifact&apos;s manifest file" date="2025-05-21T18:03:16.427" >
      <step title="Start deployment in the background" date="2025-05-21T18:03:16.477" >
        <step title="Acquiring Deployment Lock" date="2025-05-21T18:03:16.508" /><!-- duration: 8ms -->
        <step title="Acquired Deployment Lock" date="2025-05-21T18:03:16.629" /><!-- duration: 3ms -->
      </step><!-- duration: 242ms -->
    </step><!-- duration: 302ms -->
    <step title="Outgoing response" date="2025-05-21T18:03:16.732" type="response" statusCode="202" statusText="Accepted" /><!-- duration: 3ms -->
  </step><!-- duration: 483ms -->
