<step title="Incoming Request" date="2025-07-31T20:38:31.429" instance="a45adb" url="/api/zipdeploy?isAsync=true" method="POST" type="request" pid="770,1,23" Accept="*/*" Host="la-zeiterfassung-fyd4cge3d9e3cac4.scm.azurewebsites.net" User-Agent="AZURECLI/2.75.0 (HOMEBREW)" Accept-Encoding="gzip, deflate" Authorization="Bas..." Cache-Control="no-cache" Content-Type="application/octet-stream" Cookie="ARRAffinity=a45adbe19489ea2b14e790f681e17ad6f03a5528ca730625ec513d016d2b4c91; ARRAffinitySameSite=a45adbe19489ea2b14e790f681e17ad6f03a5528ca730625ec513d016d2b4c91" Content-Length="407024" x-ms-client-request-id="4e556584-6e4e-11f0-8018-3ecdac25f1e6" x-ms-artifact-checksum="7b94d29a29f8cb34854fc83ee622d4aa3983bf654d4072134d42ae5030c530b7" X-ARR-LOG-ID="4e556584-6e4e-11f0-8018-3ecdac25f1e6" CLIENT-IP="84.138.86.68:63405" X-SITE-DEPLOYMENT-ID="la-zeiterfassung-fyd4cge3d9e3cac4" WAS-DEFAULT-HOSTNAME="la-zeiterfassung-fyd4cge3d9e3cac4.scm.azurewebsites.net" X-Forwarded-Proto="https" X-AppService-Proto="https" X-Forwarded-TlsVersion="1.3" X-WAWS-Unencoded-URL="/api/zipdeploy?isAsync=true" X-Client-IP="84.138.86.68" X-Client-Port="63405" >
  <step title="ZipPushDeploy" date="2025-07-31T20:38:31.470" >
    <step title="ZipDeploy. Extract zip. Remote build." date="2025-07-31T20:38:31.488" /><!-- duration: 3ms -->
    <step title="Starting PushDeployAsync" date="2025-07-31T20:38:31.499" /><!-- duration: 3ms -->
    <step title="Writing artifact to /tmp/zipdeploy/c903aab8-0a6c-47bb-a77b-6e731d654f3d.zip" date="2025-07-31T20:38:31.523" >
      <step title="Writing multipart request body to /tmp/zipdeploy/c903aab8-0a6c-47bb-a77b-6e731d654f3d.zip" date="2025-07-31T20:38:31.533" /><!-- duration: 3ms -->
    </step><!-- duration: 115ms -->
    <step title="Removing previous build artifact&apos;s manifest file" date="2025-07-31T20:38:31.645" >
      <step title="Start deployment in the background" date="2025-07-31T20:38:31.671" >
        <step title="Acquiring Deployment Lock" date="2025-07-31T20:38:31.704" /><!-- duration: 4ms -->
        <step title="Acquired Deployment Lock" date="2025-07-31T20:38:31.748" /><!-- duration: 4ms -->
      </step><!-- duration: 167ms -->
    </step><!-- duration: 203ms -->
    <step title="Outgoing response" date="2025-07-31T20:38:31.854" type="response" statusCode="202" statusText="Accepted" /><!-- duration: 6ms -->
  </step><!-- duration: 396ms -->
