<step title="BackgroundTrace" date="2025-07-31T13:12:57.466" instance="a45adb" url="/api/zipdeploy" method="POST" >
  <step title="Creating temporary deployment - FetchDeploymentManager" date="2025-07-31T13:12:57.528" /><!-- duration: 3ms -->
  <step title="Creating temporary deployment" date="2025-07-31T13:12:57.534" /><!-- duration: 76ms -->
  <step title="Performing fetch based deployment" date="2025-07-31T13:12:57.652" >
    <step title="Cleaning up temp folders from previous zip deployments and extracting pushed zip file /tmp/zipdeploy/5c0049d7-07dd-41d9-8e2f-3d9acb90d21f.zip (0.01 MB) to /tmp/zipdeploy/extracted" date="2025-07-31T13:12:58.787" >
      <step title="ChmodRecursive Process exited with total time taken in ms: 57" date="2025-07-31T13:12:58.903" /><!-- duration: 11ms -->
    </step><!-- duration: 144ms -->
    <step title="Deployment timer started" date="2025-07-31T13:13:00.964" >
      <step title="DeploymentManager.Deploy(id:5a88332c-3543-4b55-a44a-baf5552feaee)" date="2025-07-31T13:13:00.974" >
        <step title="Collecting changeset information" date="2025-07-31T13:13:01.028" /><!-- duration: 115ms -->
        <step title="Updating submodules" date="2025-07-31T13:13:01.152" /><!-- duration: 1172ms -->
        <step title="Determining deployment builder" date="2025-07-31T13:13:02.576" >
          <step title="Builder is OryxBuilder" date="2025-07-31T13:13:02.599" /><!-- duration: 8ms -->
        </step><!-- duration: 34ms -->
        <step title="PreDeployment: context.CleanOutputPath False" date="2025-07-31T13:13:02.655" >
          <step title="PreDeployment: context.OutputPath /home/site/wwwroot" date="2025-07-31T13:13:02.779" >
            <step title="Building" date="2025-07-31T13:13:02.949" >
              <step title="Executing external process" date="2025-07-31T13:13:03.308" type="process" path="bash" arguments="-c &quot;oryx build /tmp/zipdeploy/extracted -o /home/site/wwwroot --platform python --platform-version 3.11 -p virtualenv_name=antenv --log-file /tmp/build-debug.log  -i /tmp/8ddd033facda22b --compress-destination-dir | tee /tmp/oryx-build.log ; exit $PIPESTATUS &quot;" /><!-- duration: 80632ms -->
              <step title="Using PythonDeploymentLogParser" date="2025-07-31T13:14:24.249" /><!-- duration: 7ms -->
              <step title="Triggering recycle (preview mode disabled)." date="2025-07-31T13:14:25.336" /><!-- duration: 14ms -->
              <step title="Modified file to trigger a restart of the app container." date="2025-07-31T13:14:25.415" /><!-- duration: 3ms -->
              <step title="Skip function trigger and logicapp sync because function is not enabled." date="2025-07-31T13:14:25.427" /><!-- duration: 11ms -->
              <step title="Purge deployment items" date="2025-07-31T13:14:26.488" >
                <step title="Remove 9c527f71-, Success, received at 07/29/2025 09:15:40" date="2025-07-31T13:14:26.538" /><!-- duration: 3ms -->
              </step><!-- duration: 55ms -->
            </step><!-- duration: 83663ms -->
          </step><!-- duration: 83843ms -->
          <step title="Cleaning up temp files" date="2025-07-31T13:14:26.630" /><!-- duration: 2309ms -->
          <step title="Cleaning up temp files" date="2025-07-31T13:14:28.961" /><!-- duration: 552ms -->
          <step title="Reloading status file with latest updates" date="2025-07-31T13:14:29.803" >
            <step title="WebHooksManager.PublishEventAsync: PostDeployment" date="2025-07-31T13:14:29.814" /><!-- duration: 100ms -->
          </step><!-- duration: 120ms -->
          <step title="Cleaning up temporary deployment - fetch deployment was successful" date="2025-07-31T13:14:29.944" /><!-- duration: 19ms -->
        </step><!-- duration: 87482ms -->
      </step><!-- duration: 89231ms -->
