<step title="Incoming Request" date="2025-07-31T19:15:54.097" instance="a45adb" url="/api/zipdeploy?isAsync=true" method="POST" type="request" pid="769,1,47" Accept="*/*" Host="la-zeiterfassung-fyd4cge3d9e3cac4.scm.azurewebsites.net" User-Agent="AZURECLI/2.75.0 (HOMEBREW)" Accept-Encoding="gzip, deflate" Authorization="Bas..." Cache-Control="no-cache" Content-Type="application/octet-stream" Cookie="ARRAffinity=a45adbe19489ea2b14e790f681e17ad6f03a5528ca730625ec513d016d2b4c91; ARRAffinitySameSite=a45adbe19489ea2b14e790f681e17ad6f03a5528ca730625ec513d016d2b4c91" Content-Length="15138" x-ms-client-request-id="c34ed700-6e42-11f0-ad4b-3ecdac25f1e6" x-ms-artifact-checksum="d99899381e30f42f5942ded966f134aae41a43715c54889257f0ef415cce4739" X-ARR-LOG-ID="c34ed700-6e42-11f0-ad4b-3ecdac25f1e6" CLIENT-IP="84.138.86.68:62119" X-SITE-DEPLOYMENT-ID="la-zeiterfassung-fyd4cge3d9e3cac4" WAS-DEFAULT-HOSTNAME="la-zeiterfassung-fyd4cge3d9e3cac4.scm.azurewebsites.net" X-Forwarded-Proto="https" X-AppService-Proto="https" X-Forwarded-TlsVersion="1.3" X-WAWS-Unencoded-URL="/api/zipdeploy?isAsync=true" X-Client-IP="84.138.86.68" X-Client-Port="62119" >
  <step title="ZipPushDeploy" date="2025-07-31T19:15:54.143" >
    <step title="ZipDeploy. Extract zip. Remote build." date="2025-07-31T19:15:54.153" /><!-- duration: 4ms -->
    <step title="Starting PushDeployAsync" date="2025-07-31T19:15:54.163" /><!-- duration: 3ms -->
    <step title="Writing artifact to /tmp/zipdeploy/e864c0c8-ca7d-4da4-9665-e47a4b34205b.zip" date="2025-07-31T19:15:54.183" >
      <step title="Writing multipart request body to /tmp/zipdeploy/e864c0c8-ca7d-4da4-9665-e47a4b34205b.zip" date="2025-07-31T19:15:54.191" /><!-- duration: 3ms -->
    </step><!-- duration: 72ms -->
    <step title="Removing previous build artifact&apos;s manifest file" date="2025-07-31T19:15:54.270" >
      <step title="Start deployment in the background" date="2025-07-31T19:15:54.295" >
        <step title="Acquiring Deployment Lock" date="2025-07-31T19:15:54.389" /><!-- duration: 5ms -->
        <step title="Acquired Deployment Lock" date="2025-07-31T19:15:54.424" /><!-- duration: 4ms -->
      </step><!-- duration: 259ms -->
    </step><!-- duration: 290ms -->
    <step title="Outgoing response" date="2025-07-31T19:15:54.573" type="response" statusCode="202" statusText="Accepted" /><!-- duration: 4ms -->
  </step><!-- duration: 437ms -->
