<step title="Incoming Request" date="2025-05-21T16:22:35.699" instance="e0f283" url="/api/zipdeploy?author=ms-azuretools-vscode&amp;deployer=ms-azuretools-vscode&amp;isAsync=true&amp;trackDeploymentId=true" method="POST" type="request" pid="770,1,23" Host="la-zeiterfassung-fyd4cge3d9e3cac4.scm.germanywestcentral-01.azurewebsites.net" User-Agent="vscode-azureappservice/0.26.1 core-rest-pipeline/1.19.1 Node/20.19.0 OS/(arm64-Darwin-24.3.0)" Accept-Encoding="gzip,deflate" Accept-Language="de" Authorization="Bea..." Transfer-Encoding="chunked" x-ms-correlation-request-id="130b023c-02a1-4e26-8640-110ea56bbcfe" x-ms-client-request-id="9640d060-2914-46f9-bfbb-ff65b659116b" X-ARR-LOG-ID="9640d060-2914-46f9-bfbb-ff65b659116b" CLIENT-IP="84.138.91.166:64612" X-SITE-DEPLOYMENT-ID="LA-Zeiterfassung" WAS-DEFAULT-HOSTNAME="la-zeiterfassung-fyd4cge3d9e3cac4.scm.germanywestcentral-01.azurewebsites.net" X-Forwarded-Proto="https" X-AppService-Proto="https" X-Forwarded-TlsVersion="1.3" X-WAWS-Unencoded-URL="/api/zipdeploy?author=ms-azuretools-vscode&amp;deployer=ms-azuretools-vscode&amp;isAsync=true&amp;trackDeploymentId=true" X-Client-IP="84.138.91.166" X-Client-Port="64612" >
  <step title="Cleanup Xml Logs" date="2025-05-21T16:22:35.709" /><!-- duration: 23ms -->
  <step title="ZipPushDeploy" date="2025-05-21T16:22:35.780" >
    <step title="ZipDeploy. Extract zip." date="2025-05-21T16:22:35.802" /><!-- duration: 2ms -->
    <step title="Starting PushDeployAsync" date="2025-05-21T16:22:35.809" /><!-- duration: 2ms -->
    <step title="Error occurred" date="2025-05-21T16:22:35.854" type="error" text="Error removing symlink: Path doesn&apos;t exist!" stackTrace="   at Mono.Unix.UnixFileSystemInfo.AssertValid()
   at Mono.Unix.UnixFileSystemInfo.get_FileType()
   at Kudu.Services.Deployment.PushDeploymentController.PushDeployAsync(ArtifactDeploymentInfo deploymentInfo, Boolean isAsync, HttpContext context, JObject requestJson) in /tmp/KuduLite/Kudu.Services/Deployment/PushDeploymentController.cs:line 740" /><!-- duration: 2ms -->
    <step title="Writing artifact to /tmp/zipdeploy/2f1b9ac8-7b5c-4112-8ece-22e38df7fa71.zip" date="2025-05-21T16:22:35.868" >
      <step title="Writing multipart request body to /tmp/zipdeploy/2f1b9ac8-7b5c-4112-8ece-22e38df7fa71.zip" date="2025-05-21T16:22:35.893" /><!-- duration: 2ms -->
    </step><!-- duration: 126ms -->
    <step title="Removing previous build artifact&apos;s manifest file" date="2025-05-21T16:22:36.000" >
      <step title="Start deployment in the background" date="2025-05-21T16:22:36.024" >
        <step title="Acquiring Deployment Lock" date="2025-05-21T16:22:36.046" /><!-- duration: 2ms -->
        <step title="Acquired Deployment Lock" date="2025-05-21T16:22:36.081" /><!-- duration: 2ms -->
      </step><!-- duration: 135ms -->
    </step><!-- duration: 162ms -->
    <step title="Outgoing response" date="2025-05-21T16:22:36.164" type="response" statusCode="202" statusText="Accepted" /><!-- duration: 2ms -->
  </step><!-- duration: 390ms -->
