<step title="Incoming Request" date="2025-07-29T07:05:25.501" instance="a45adb" url="/api/publish?type=zip" method="POST" type="request" pid="769,1,21" Accept="*/*" Host="la-zeiterfassung-fyd4cge3d9e3cac4.scm.azurewebsites.net" User-Agent="AZURECLI/2.75.0 (HOMEBREW)" Accept-Encoding="gzip, deflate" Authorization="Bas..." Cache-Control="no-cache" Content-Type="application/octet-stream" Cookie="ARRAffinity=a45adbe19489ea2b14e790f681e17ad6f03a5528ca730625ec513d016d2b4c91; ARRAffinitySameSite=a45adbe19489ea2b14e790f681e17ad6f03a5528ca730625ec513d016d2b4c91" Content-Length="4089" x-ms-client-request-id="62385de6-6c4a-11f0-a7ea-3ecdac25f1e6" x-ms-artifact-checksum="79060719eab6762ed4da70b147ce2e98183e4e646f7f29a585c06e7b73990cee" X-ARR-LOG-ID="62385de6-6c4a-11f0-a7ea-3ecdac25f1e6" CLIENT-IP="84.138.86.68:64074" X-SITE-DEPLOYMENT-ID="la-zeiterfassung-fyd4cge3d9e3cac4" WAS-DEFAULT-HOSTNAME="la-zeiterfassung-fyd4cge3d9e3cac4.scm.azurewebsites.net" X-Forwarded-Proto="https" X-AppService-Proto="https" X-Forwarded-TlsVersion="1.3" X-WAWS-Unencoded-URL="/api/publish?type=zip" X-Client-IP="84.138.86.68" X-Client-Port="64074" >
  <step title="OneDeploy" date="2025-07-29T07:05:25.513" >
    <step title="Starting PushDeployAsync" date="2025-07-29T07:05:25.537" /><!-- duration: 4ms -->
    <step title="Writing artifact to /tmp/zipdeploy/9d50e45c-f9df-4c5a-8b57-b90fb463536f.zip" date="2025-07-29T07:05:25.564" >
      <step title="Writing multipart request body to /tmp/zipdeploy/9d50e45c-f9df-4c5a-8b57-b90fb463536f.zip" date="2025-07-29T07:05:25.567" /><!-- duration: 4ms -->
    </step><!-- duration: 28ms -->
    <step title="Removing previous build artifact&apos;s manifest file" date="2025-07-29T07:05:25.613" >
      <step title="Attempting to fetch target branch HEAD" date="2025-07-29T07:05:25.634" /><!-- duration: 7ms -->
      <step title="Acquiring Deployment Lock" date="2025-07-29T07:05:25.649" /><!-- duration: 4ms -->
      <step title="Acquired Deployment Lock" date="2025-07-29T07:05:25.728" /><!-- duration: 4ms -->
      <step title="Performing fetch based deployment" date="2025-07-29T07:05:25.742" >
        <step title="Creating temporary deployment" date="2025-07-29T07:05:25.751" /><!-- duration: 94ms -->
        <step title="Releasing Deployment Lock" date="2025-07-29T07:05:26.963" /><!-- duration: 7ms -->
        <step title="Cleaning up temp folders from previous zip deployments and extracting pushed zip file /tmp/zipdeploy/9d50e45c-f9df-4c5a-8b57-b90fb463536f.zip (0.00 MB) to /tmp/zipdeploy/extracted" date="2025-07-29T07:05:26.995" >
          <step title="ChmodRecursive Process exited with total time taken in ms: 102" date="2025-07-29T07:05:27.138" /><!-- duration: 37ms -->
        </step><!-- duration: 184ms -->
        <step title="None repository commit" date="2025-07-29T07:05:27.206" >
          <step title="Commit id: 2f950b4f-a951-4152-90db-c96ec2dd0eb3" date="2025-07-29T07:05:27.215" Message="OneDeploy" AuthorName="N/A" AuthorEmail="N/A" /><!-- duration: 13ms -->
        </step><!-- duration: 30ms -->
        <step title="Deployment timer started" date="2025-07-29T07:05:29.247" >
          <step title="DeploymentManager.Deploy(id:2f950b4f-a951-4152-90db-c96ec2dd0eb3)" date="2025-07-29T07:05:29.264" >
            <step title="Collecting changeset information" date="2025-07-29T07:05:29.314" /><!-- duration: 113ms -->
            <step title="Updating submodules" date="2025-07-29T07:05:29.433" /><!-- duration: 1132ms -->
            <step title="Determining deployment builder" date="2025-07-29T07:05:30.810" >
              <step title="Builder is OryxBuilder" date="2025-07-29T07:05:30.850" /><!-- duration: 3ms -->
            </step><!-- duration: 46ms -->
            <step title="PreDeployment: context.CleanOutputPath False" date="2025-07-29T07:05:30.915" >
              <step title="PreDeployment: context.OutputPath /home/site/wwwroot" date="2025-07-29T07:05:31.030" >
                <step title="Building" date="2025-07-29T07:05:31.162" >
                  <step title="Executing external process" date="2025-07-29T07:05:31.509" type="process" path="bash" arguments="-c &quot;oryx build /tmp/zipdeploy/extracted -o /home/site/wwwroot --platform python --platform-version 3.11 -p virtualenv_name=antenv --log-file /tmp/build-debug.log  -i /tmp/8ddce6e4e1bf0ec --compress-destination-dir | tee /tmp/oryx-build.log ; exit $PIPESTATUS &quot;" /><!-- duration: 47839ms -->
                  <step title="Using PythonDeploymentLogParser" date="2025-07-29T07:06:19.754" /><!-- duration: 3ms -->
                  <step title="Modified file to trigger a restart of the app container." date="2025-07-29T07:06:21.292" /><!-- duration: 10ms -->
                  <step title="Skip function trigger and logicapp sync because function is not enabled." date="2025-07-29T07:06:21.312" /><!-- duration: 10ms -->
                  <step title="Purge deployment items" date="2025-07-29T07:06:22.312" >
                    <step title="Remove 73f8a89c-, Success, received at 07/28/2025 22:57:05" date="2025-07-29T07:06:22.361" /><!-- duration: 2ms -->
                  </step><!-- duration: 54ms -->
                </step><!-- duration: 51273ms -->
              </step><!-- duration: 51413ms -->
              <step title="Cleaning up temp files" date="2025-07-29T07:06:22.446" /><!-- duration: 1825ms -->
              <step title="Cleaning up temp files" date="2025-07-29T07:06:24.320" /><!-- duration: 547ms -->
              <step title="Reloading status file with latest updates" date="2025-07-29T07:06:24.941" >
                <step title="WebHooksManager.PublishEventAsync: PostDeployment" date="2025-07-29T07:06:24.998" /><!-- duration: 60ms -->
              </step><!-- duration: 121ms -->
              <step title="Cleaning up temporary deployment - fetch deployment was successful" date="2025-07-29T07:06:25.079" /><!-- duration: 19ms -->
            </step><!-- duration: 54276ms -->
          </step><!-- duration: 55937ms -->
          <step title="Outgoing response" date="2025-07-29T07:06:25.221" type="response" statusCode="200" statusText="OK" /><!-- duration: 18ms -->
        </step><!-- duration: 55995ms -->
