<step title="Incoming Request" date="2025-07-31T20:22:24.982" instance="a45adb" url="/api/zipdeploy?isAsync=true" method="POST" type="request" pid="772,1,22" Accept="*/*" Host="la-zeiterfassung-fyd4cge3d9e3cac4.scm.azurewebsites.net" User-Agent="AZURECLI/2.75.0 (HOMEBREW)" Accept-Encoding="gzip, deflate" Authorization="Bas..." Cache-Control="no-cache" Content-Type="application/octet-stream" Cookie="ARRAffinity=a45adbe19489ea2b14e790f681e17ad6f03a5528ca730625ec513d016d2b4c91; ARRAffinitySameSite=a45adbe19489ea2b14e790f681e17ad6f03a5528ca730625ec513d016d2b4c91" Content-Length="407024" x-ms-client-request-id="0bc58d4a-6e4c-11f0-9d98-3ecdac25f1e6" x-ms-artifact-checksum="974c45862e7daa1fb4c4f659bc362fb1b1347b9a84edbd552e71cdb1d0753f28" X-ARR-LOG-ID="0bc58d4a-6e4c-11f0-9d98-3ecdac25f1e6" CLIENT-IP="84.138.86.68:65149" X-SITE-DEPLOYMENT-ID="la-zeiterfassung-fyd4cge3d9e3cac4" WAS-DEFAULT-HOSTNAME="la-zeiterfassung-fyd4cge3d9e3cac4.scm.azurewebsites.net" X-Forwarded-Proto="https" X-AppService-Proto="https" X-Forwarded-TlsVersion="1.3" X-WAWS-Unencoded-URL="/api/zipdeploy?isAsync=true" X-Client-IP="84.138.86.68" X-Client-Port="65149" >
  <step title="Cleanup Xml Logs" date="2025-07-31T20:22:24.987" >
    <step title="Cleanup Infos" date="2025-07-31T20:22:25.001" totalFiles="356" totalCleanup="196" /><!-- duration: 14ms -->
  </step><!-- duration: 32ms -->
  <step title="ZipPushDeploy" date="2025-07-31T20:22:25.108" >
    <step title="ZipDeploy. Extract zip. Remote build." date="2025-07-31T20:22:25.122" /><!-- duration: 3ms -->
    <step title="None repository commit" date="2025-07-31T20:22:25.138" >
      <step title="Commit id: 0971104b-b3a9-45cd-931f-7e0bd4906c16" date="2025-07-31T20:22:25.142" Message="N/A" AuthorName="N/A" AuthorEmail="N/A" /><!-- duration: 4ms -->
    </step><!-- duration: 10ms -->
    <step title="Starting PushDeployAsync" date="2025-07-31T20:22:25.152" /><!-- duration: 3ms -->
    <step title="Writing artifact to /tmp/zipdeploy/185c905f-47ca-4e50-b14b-7b5f53eae733.zip" date="2025-07-31T20:22:25.198" >
      <step title="Writing multipart request body to /tmp/zipdeploy/185c905f-47ca-4e50-b14b-7b5f53eae733.zip" date="2025-07-31T20:22:25.209" /><!-- duration: 9ms -->
    </step><!-- duration: 140ms -->
    <step title="Start deployment in the background" date="2025-07-31T20:22:25.362" >
      <step title="Acquiring Deployment Lock" date="2025-07-31T20:22:25.399" /><!-- duration: 10ms -->
      <step title="Acquired Deployment Lock" date="2025-07-31T20:22:25.448" /><!-- duration: 3ms -->
    </step><!-- duration: 195ms -->
  </step><!-- duration: 456ms -->
  <step title="Outgoing response" date="2025-07-31T20:22:25.581" type="response" statusCode="202" statusText="Accepted" /><!-- duration: 3ms -->
</step><!-- duration: 605ms -->
