<step title="Incoming Request" date="2025-05-21T20:56:13.793" instance="e0f283" url="/api/deployments/latest?deployer=ms-azuretools-vscode&amp;time=2025-05-21_20-56-09Z" method="GET" type="request" pid="770,1,38" Host="la-zeiterfassung-fyd4cge3d9e3cac4.scm.germanywestcentral-01.azurewebsites.net" User-Agent="vscode-azureappservice/0.26.1 core-rest-pipeline/1.19.1 Node/20.19.0 OS/(arm64-Darwin-24.3.0)" Accept-Encoding="gzip,deflate" Accept-Language="de" Authorization="Bea..." x-ms-correlation-request-id="8d05668c-faab-408f-86c1-e5692c774186" x-ms-client-request-id="c9c91fc8-2eab-4b03-890e-3a114af99f43" X-ARR-LOG-ID="c9c91fc8-2eab-4b03-890e-3a114af99f43" CLIENT-IP="84.138.91.166:64183" X-SITE-DEPLOYMENT-ID="LA-Zeiterfassung" WAS-DEFAULT-HOSTNAME="la-zeiterfassung-fyd4cge3d9e3cac4.scm.germanywestcentral-01.azurewebsites.net" X-Forwarded-Proto="https" X-AppService-Proto="https" X-Forwarded-TlsVersion="1.3" X-WAWS-Unencoded-URL="/api/deployments/latest?deployer=ms-azuretools-vscode&amp;time=2025-05-21_20-56-09Z" X-Client-IP="84.138.91.166" X-Client-Port="64183" >
  <step title="Cleanup Xml Logs" date="2025-05-21T20:56:13.796" >
    <step title="Cleanup Infos" date="2025-05-21T20:56:13.812" totalFiles="458" totalCleanup="298" /><!-- duration: 7ms -->
  </step><!-- duration: 25ms -->
  <step title="DeploymentService.GetResult" date="2025-05-21T20:56:13.829" >
    <step title="DeploymentService.GetLatestDeployment" date="2025-05-21T20:56:13.832" >
      <step title="DeploymentManager.GetResults" date="2025-05-21T20:56:13.836" /><!-- duration: 391ms -->
    </step><!-- duration: 398ms -->
  </step><!-- duration: 405ms -->
  <step title="Outgoing response" date="2025-05-21T20:56:14.239" type="response" statusCode="202" statusText="Accepted" /><!-- duration: 4ms -->
</step><!-- duration: 453ms -->
