<step title="Incoming Request" date="2025-07-31T18:30:33.731" instance="a45adb" url="/api/deployments/latest" method="GET" type="request" pid="769,1,52" Accept="*/*" Host="la-zeiterfassung-fyd4cge3d9e3cac4.scm.azurewebsites.net" User-Agent="AZURECLI/2.75.0 (HOMEBREW)" Accept-Encoding="gzip, deflate" Authorization="Bas..." x-ms-client-request-id="6bd3f90c-6e3c-11f0-925f-3ecdac25f1e6" X-ARR-LOG-ID="6bd3f90c-6e3c-11f0-925f-3ecdac25f1e6" CLIENT-IP="84.138.86.68:63224" X-SITE-DEPLOYMENT-ID="la-zeiterfassung-fyd4cge3d9e3cac4" WAS-DEFAULT-HOSTNAME="la-zeiterfassung-fyd4cge3d9e3cac4.scm.azurewebsites.net" X-Forwarded-Proto="https" X-AppService-Proto="https" X-Forwarded-TlsVersion="1.3" X-WAWS-Unencoded-URL="/api/deployments/latest" X-Client-IP="84.138.86.68" X-Client-Port="63224" >
  <step title="Cleanup Xml Logs" date="2025-07-31T18:30:33.737" >
    <step title="Cleanup Infos" date="2025-07-31T18:30:33.750" totalFiles="281" totalCleanup="121" /><!-- duration: 3ms -->
  </step><!-- duration: 19ms -->
  <step title="DeploymentService.GetResult" date="2025-07-31T18:30:33.764" >
    <step title="DeploymentService.GetLatestDeployment" date="2025-07-31T18:30:33.768" >
      <step title="DeploymentManager.GetResults" date="2025-07-31T18:30:33.771" /><!-- duration: 524ms -->
    </step><!-- duration: 530ms -->
  </step><!-- duration: 538ms -->
  <step title="Outgoing response" date="2025-07-31T18:30:34.306" type="response" statusCode="202" statusText="Accepted" /><!-- duration: 4ms -->
</step><!-- duration: 588ms -->
