<step title="Incoming Request" date="2025-07-29T09:10:37.284" instance="a45adb" url="/api/publish?type=zip" method="POST" type="request" pid="769,1,25" Accept="*/*" Host="la-zeiterfassung-fyd4cge3d9e3cac4.scm.azurewebsites.net" User-Agent="AZURECLI/2.75.0 (HOMEBREW)" Accept-Encoding="gzip, deflate" Authorization="Bas..." Cache-Control="no-cache" Content-Type="application/octet-stream" Cookie="ARRAffinity=a45adbe19489ea2b14e790f681e17ad6f03a5528ca730625ec513d016d2b4c91; ARRAffinitySameSite=a45adbe19489ea2b14e790f681e17ad6f03a5528ca730625ec513d016d2b4c91" Content-Length="3779" x-ms-client-request-id="df866066-6c5b-11f0-8552-3ecdac25f1e6" x-ms-artifact-checksum="2f73ce18db3f3e03534009954c379ac6b1788d79ca0f8839ce48d78b67e6b236" X-ARR-LOG-ID="df866066-6c5b-11f0-8552-3ecdac25f1e6" CLIENT-IP="84.138.86.68:61880" X-SITE-DEPLOYMENT-ID="la-zeiterfassung-fyd4cge3d9e3cac4" WAS-DEFAULT-HOSTNAME="la-zeiterfassung-fyd4cge3d9e3cac4.scm.azurewebsites.net" X-Forwarded-Proto="https" X-AppService-Proto="https" X-Forwarded-TlsVersion="1.3" X-WAWS-Unencoded-URL="/api/publish?type=zip" X-Client-IP="84.138.86.68" X-Client-Port="61880" >
  <step title="OneDeploy" date="2025-07-29T09:10:37.293" >
    <step title="Starting PushDeployAsync" date="2025-07-29T09:10:37.305" /><!-- duration: 3ms -->
    <step title="Writing artifact to /tmp/zipdeploy/2f020d0b-e8fb-457d-9fb3-7ff3fe744430.zip" date="2025-07-29T09:10:37.324" >
      <step title="Writing multipart request body to /tmp/zipdeploy/2f020d0b-e8fb-457d-9fb3-7ff3fe744430.zip" date="2025-07-29T09:10:37.327" /><!-- duration: 12ms -->
    </step><!-- duration: 44ms -->
    <step title="Removing previous build artifact&apos;s manifest file" date="2025-07-29T09:10:37.373" >
      <step title="Attempting to fetch target branch HEAD" date="2025-07-29T09:10:37.395" /><!-- duration: 5ms -->
      <step title="Acquiring Deployment Lock" date="2025-07-29T09:10:37.405" /><!-- duration: 3ms -->
      <step title="Acquired Deployment Lock" date="2025-07-29T09:10:37.454" /><!-- duration: 3ms -->
      <step title="Performing fetch based deployment" date="2025-07-29T09:10:37.464" >
        <step title="Creating temporary deployment" date="2025-07-29T09:10:37.473" /><!-- duration: 76ms -->
        <step title="Releasing Deployment Lock" date="2025-07-29T09:10:38.693" /><!-- duration: 7ms -->
        <step title="Cleaning up temp folders from previous zip deployments and extracting pushed zip file /tmp/zipdeploy/2f020d0b-e8fb-457d-9fb3-7ff3fe744430.zip (0.00 MB) to /tmp/zipdeploy/extracted" date="2025-07-29T09:10:38.726" >
          <step title="ChmodRecursive Process exited with total time taken in ms: 60" date="2025-07-29T09:10:38.846" /><!-- duration: 11ms -->
        </step><!-- duration: 141ms -->
        <step title="None repository commit" date="2025-07-29T09:10:38.895" >
          <step title="Commit id: 7c469531-d252-4d7d-ba35-24b6a50d0eb6" date="2025-07-29T09:10:38.905" Message="OneDeploy" AuthorName="N/A" AuthorEmail="N/A" /><!-- duration: 3ms -->
        </step><!-- duration: 17ms -->
        <step title="Deployment timer started" date="2025-07-29T09:10:40.916" >
          <step title="DeploymentManager.Deploy(id:7c469531-d252-4d7d-ba35-24b6a50d0eb6)" date="2025-07-29T09:10:40.923" >
            <step title="Collecting changeset information" date="2025-07-29T09:10:40.944" /><!-- duration: 98ms -->
            <step title="Updating submodules" date="2025-07-29T09:10:41.048" /><!-- duration: 1185ms -->
            <step title="Determining deployment builder" date="2025-07-29T09:10:42.458" >
              <step title="Builder is OryxBuilder" date="2025-07-29T09:10:42.471" /><!-- duration: 3ms -->
            </step><!-- duration: 19ms -->
            <step title="PreDeployment: context.CleanOutputPath False" date="2025-07-29T09:10:42.532" >
              <step title="PreDeployment: context.OutputPath /home/site/wwwroot" date="2025-07-29T09:10:42.646" >
                <step title="Building" date="2025-07-29T09:10:42.764" >
                  <step title="Executing external process" date="2025-07-29T09:10:43.100" type="process" path="bash" arguments="-c &quot;oryx build /tmp/zipdeploy/extracted -o /home/site/wwwroot --platform python --platform-version 3.11 -p virtualenv_name=antenv --log-file /tmp/build-debug.log  -i /tmp/8ddce7fcb616065 --compress-destination-dir | tee /tmp/oryx-build.log ; exit $PIPESTATUS &quot;" /><!-- duration: 64323ms -->
                  <step title="Using PythonDeploymentLogParser" date="2025-07-29T09:11:47.773" /><!-- duration: 2ms -->
                  <step title="Modified file to trigger a restart of the app container." date="2025-07-29T09:11:49.171" /><!-- duration: 10ms -->
                  <step title="Skip function trigger and logicapp sync because function is not enabled." date="2025-07-29T09:11:49.193" /><!-- duration: 12ms -->
                  <step title="Purge deployment items" date="2025-07-29T09:11:50.283" >
                    <step title="Remove 2f950b4f-, Success, received at 07/29/2025 07:05:29" date="2025-07-29T09:11:50.353" /><!-- duration: 3ms -->
                  </step><!-- duration: 75ms -->
                </step><!-- duration: 67656ms -->
              </step><!-- duration: 67781ms -->
              <step title="Cleaning up temp files" date="2025-07-29T09:11:50.429" /><!-- duration: 2006ms -->
              <step title="Cleaning up temp files" date="2025-07-29T09:11:52.444" /><!-- duration: 512ms -->
              <step title="Reloading status file with latest updates" date="2025-07-29T09:11:53.007" >
                <step title="WebHooksManager.PublishEventAsync: PostDeployment" date="2025-07-29T09:11:53.010" /><!-- duration: 31ms -->
              </step><!-- duration: 37ms -->
              <step title="Cleaning up temporary deployment - fetch deployment was successful" date="2025-07-29T09:11:53.049" /><!-- duration: 3ms -->
            </step><!-- duration: 70568ms -->
          </step><!-- duration: 72181ms -->
          <step title="Outgoing response" date="2025-07-29T09:11:53.110" type="response" statusCode="200" statusText="OK" /><!-- duration: 3ms -->
        </step><!-- duration: 72200ms -->
