<step title="Incoming Request" date="2025-07-31T13:48:48.306" instance="a45adb" url="/api/zipdeploy?isAsync=true" method="POST" type="request" pid="769,1,36" Accept="*/*" Host="la-zeiterfassung-fyd4cge3d9e3cac4.scm.azurewebsites.net" User-Agent="AZURECLI/2.75.0 (HOMEBREW)" Accept-Encoding="gzip, deflate" Authorization="Bas..." Cache-Control="no-cache" Content-Type="application/octet-stream" Cookie="ARRAffinity=a45adbe19489ea2b14e790f681e17ad6f03a5528ca730625ec513d016d2b4c91; ARRAffinitySameSite=a45adbe19489ea2b14e790f681e17ad6f03a5528ca730625ec513d016d2b4c91" Content-Length="25898" x-ms-client-request-id="11cf023e-6e15-11f0-a796-3ecdac25f1e6" x-ms-artifact-checksum="eb8a7bce616ee1654caf880f2a7f5ad9f0cbaff50006b66524e9472f1e73a621" X-ARR-LOG-ID="11cf023e-6e15-11f0-a796-3ecdac25f1e6" CLIENT-IP="84.138.86.68:61711" X-SITE-DEPLOYMENT-ID="la-zeiterfassung-fyd4cge3d9e3cac4" WAS-DEFAULT-HOSTNAME="la-zeiterfassung-fyd4cge3d9e3cac4.scm.azurewebsites.net" X-Forwarded-Proto="https" X-AppService-Proto="https" X-Forwarded-TlsVersion="1.3" X-WAWS-Unencoded-URL="/api/zipdeploy?isAsync=true" X-Client-IP="84.138.86.68" X-Client-Port="61711" >
  <step title="ZipPushDeploy" date="2025-07-31T13:48:48.318" >
    <step title="ZipDeploy. Extract zip. Remote build." date="2025-07-31T13:48:48.328" /><!-- duration: 5ms -->
    <step title="Starting PushDeployAsync" date="2025-07-31T13:48:48.340" /><!-- duration: 3ms -->
    <step title="Writing artifact to /tmp/zipdeploy/df5e99e7-024e-4389-9f90-77b94d0855ed.zip" date="2025-07-31T13:48:48.360" >
      <step title="Writing multipart request body to /tmp/zipdeploy/df5e99e7-024e-4389-9f90-77b94d0855ed.zip" date="2025-07-31T13:48:48.366" /><!-- duration: 9ms -->
    </step><!-- duration: 58ms -->
    <step title="Removing previous build artifact&apos;s manifest file" date="2025-07-31T13:48:48.425" >
      <step title="Start deployment in the background" date="2025-07-31T13:48:48.439" >
        <step title="Acquiring Deployment Lock" date="2025-07-31T13:48:48.467" /><!-- duration: 3ms -->
        <step title="Acquired Deployment Lock" date="2025-07-31T13:48:48.566" /><!-- duration: 10ms -->
      </step><!-- duration: 280ms -->
    </step><!-- duration: 342ms -->
    <step title="Outgoing response" date="2025-07-31T13:48:48.780" type="response" statusCode="202" statusText="Accepted" /><!-- duration: 11ms -->
  </step><!-- duration: 489ms -->
