<step title="BackgroundTrace" date="2025-07-31T14:41:02.446" instance="a45adb" url="/api/zipdeploy" method="POST" >
  <step title="Creating temporary deployment - FetchDeploymentManager" date="2025-07-31T14:41:02.511" /><!-- duration: 4ms -->
  <step title="Creating temporary deployment" date="2025-07-31T14:41:02.524" /><!-- duration: 65ms -->
  <step title="Performing fetch based deployment" date="2025-07-31T14:41:02.636" >
    <step title="Cleaning up temp folders from previous zip deployments and extracting pushed zip file /tmp/zipdeploy/0869eeab-a005-408b-b345-c1b7b0c7cad9.zip (0.03 MB) to /tmp/zipdeploy/extracted" date="2025-07-31T14:41:03.817" >
      <step title="ChmodRecursive Process exited with total time taken in ms: 121" date="2025-07-31T14:41:03.984" /><!-- duration: 27ms -->
    </step><!-- duration: 213ms -->
    <step title="Deployment timer started" date="2025-07-31T14:41:06.055" >
      <step title="DeploymentManager.Deploy(id:d78cda8f-8fcf-4e7d-8d22-c80954c9345a)" date="2025-07-31T14:41:06.076" >
        <step title="Collecting changeset information" date="2025-07-31T14:41:06.136" /><!-- duration: 163ms -->
        <step title="Updating submodules" date="2025-07-31T14:41:06.318" /><!-- duration: 1141ms -->
        <step title="Determining deployment builder" date="2025-07-31T14:41:07.675" >
          <step title="Builder is OryxBuilder" date="2025-07-31T14:41:07.695" /><!-- duration: 9ms -->
        </step><!-- duration: 32ms -->
        <step title="PreDeployment: context.CleanOutputPath False" date="2025-07-31T14:41:07.781" >
          <step title="PreDeployment: context.OutputPath /home/site/wwwroot" date="2025-07-31T14:41:07.906" >
            <step title="Building" date="2025-07-31T14:41:08.047" >
              <step title="Executing external process" date="2025-07-31T14:41:08.352" type="process" path="bash" arguments="-c &quot;oryx build /tmp/zipdeploy/extracted -o /home/site/wwwroot --platform python --platform-version 3.11 -p virtualenv_name=antenv --log-file /tmp/build-debug.log  -i /tmp/8ddd04048f7601f --compress-destination-dir | tee /tmp/oryx-build.log ; exit $PIPESTATUS &quot;" /><!-- duration: 87759ms -->
              <step title="Using PythonDeploymentLogParser" date="2025-07-31T14:42:36.930" /><!-- duration: 20ms -->
              <step title="Triggering recycle (preview mode disabled)." date="2025-07-31T14:42:38.925" /><!-- duration: 49ms -->
              <step title="Modified file to trigger a restart of the app container." date="2025-07-31T14:42:39.051" /><!-- duration: 3ms -->
              <step title="Skip function trigger and logicapp sync because function is not enabled." date="2025-07-31T14:42:39.075" /><!-- duration: 18ms -->
              <step title="Purge deployment items" date="2025-07-31T14:42:40.734" >
                <step title="Remove d72640fb-, Success, received at 07/31/2025 13:23:47" date="2025-07-31T14:42:40.833" /><!-- duration: 10ms -->
              </step><!-- duration: 119ms -->
            </step><!-- duration: 92888ms -->
          </step><!-- duration: 93035ms -->
          <step title="Cleaning up temp files" date="2025-07-31T14:42:40.944" /><!-- duration: 2137ms -->
          <step title="Cleaning up temp files" date="2025-07-31T14:42:43.089" /><!-- duration: 512ms -->
          <step title="Reloading status file with latest updates" date="2025-07-31T14:42:43.656" >
            <step title="WebHooksManager.PublishEventAsync: PostDeployment" date="2025-07-31T14:42:43.660" /><!-- duration: 51ms -->
          </step><!-- duration: 58ms -->
          <step title="Cleaning up temporary deployment - fetch deployment was successful" date="2025-07-31T14:42:43.720" /><!-- duration: 3ms -->
        </step><!-- duration: 95993ms -->
      </step><!-- duration: 97713ms -->
