<step title="Incoming Request" date="2025-07-31T20:43:41.304" instance="a45adb" url="/api/zipdeploy?isAsync=true" method="POST" type="request" pid="770,1,21" Accept="*/*" Host="la-zeiterfassung-fyd4cge3d9e3cac4.scm.azurewebsites.net" User-Agent="AZURECLI/2.75.0 (HOMEBREW)" Accept-Encoding="gzip, deflate" Authorization="Bas..." Cache-Control="no-cache" Content-Type="application/octet-stream" Cookie="ARRAffinity=a45adbe19489ea2b14e790f681e17ad6f03a5528ca730625ec513d016d2b4c91; ARRAffinitySameSite=a45adbe19489ea2b14e790f681e17ad6f03a5528ca730625ec513d016d2b4c91" Content-Length="406736" x-ms-client-request-id="072ff63c-6e4f-11f0-be11-3ecdac25f1e6" x-ms-artifact-checksum="c889edd820bec7a745c950ea7e30d8505795bf5c944192f74f2b2eef8874d9bc" X-ARR-LOG-ID="072ff63c-6e4f-11f0-be11-3ecdac25f1e6" CLIENT-IP="84.138.86.68:60117" X-SITE-DEPLOYMENT-ID="la-zeiterfassung-fyd4cge3d9e3cac4" WAS-DEFAULT-HOSTNAME="la-zeiterfassung-fyd4cge3d9e3cac4.scm.azurewebsites.net" X-Forwarded-Proto="https" X-AppService-Proto="https" X-Forwarded-TlsVersion="1.3" X-WAWS-Unencoded-URL="/api/zipdeploy?isAsync=true" X-Client-IP="84.138.86.68" X-Client-Port="60117" >
  <step title="ZipPushDeploy" date="2025-07-31T20:43:41.326" >
    <step title="ZipDeploy. Extract zip. Remote build." date="2025-07-31T20:43:41.334" /><!-- duration: 3ms -->
    <step title="Starting PushDeployAsync" date="2025-07-31T20:43:41.342" /><!-- duration: 3ms -->
    <step title="Writing artifact to /tmp/zipdeploy/3322ead8-bc53-40ab-a9e1-981075bffce4.zip" date="2025-07-31T20:43:41.356" >
      <step title="Writing multipart request body to /tmp/zipdeploy/3322ead8-bc53-40ab-a9e1-981075bffce4.zip" date="2025-07-31T20:43:41.359" /><!-- duration: 5ms -->
    </step><!-- duration: 119ms -->
    <step title="Removing previous build artifact&apos;s manifest file" date="2025-07-31T20:43:41.535" >
      <step title="Start deployment in the background" date="2025-07-31T20:43:41.615" >
        <step title="Acquiring Deployment Lock" date="2025-07-31T20:43:41.696" /><!-- duration: 20ms -->
        <step title="Acquired Deployment Lock" date="2025-07-31T20:43:41.789" /><!-- duration: 17ms -->
      </step><!-- duration: 339ms -->
    </step><!-- duration: 447ms -->
    <step title="Outgoing response" date="2025-07-31T20:43:41.992" type="response" statusCode="202" statusText="Accepted" /><!-- duration: 9ms -->
  </step><!-- duration: 684ms -->
