<step title="Incoming Request" date="2025-07-29T09:07:49.716" instance="a45adb" url="/api/publish?type=zip" method="POST" type="request" pid="769,1,24" Accept="*/*" Host="la-zeiterfassung-fyd4cge3d9e3cac4.scm.azurewebsites.net" User-Agent="AZURECLI/2.75.0 (HOMEBREW)" Accept-Encoding="gzip, deflate" Authorization="Bas..." Cache-Control="no-cache" Content-Type="application/octet-stream" Cookie="ARRAffinity=a45adbe19489ea2b14e790f681e17ad6f03a5528ca730625ec513d016d2b4c91; ARRAffinitySameSite=a45adbe19489ea2b14e790f681e17ad6f03a5528ca730625ec513d016d2b4c91" Content-Length="3689" x-ms-client-request-id="7ae1d4ce-6c5b-11f0-b643-3ecdac25f1e6" x-ms-artifact-checksum="e0d25891f4eef299009922a0f135890268b838a389909516f3e2032429f141d6" X-ARR-LOG-ID="7ae1d4ce-6c5b-11f0-b643-3ecdac25f1e6" CLIENT-IP="84.138.86.68:61664" X-SITE-DEPLOYMENT-ID="la-zeiterfassung-fyd4cge3d9e3cac4" WAS-DEFAULT-HOSTNAME="la-zeiterfassung-fyd4cge3d9e3cac4.scm.azurewebsites.net" X-Forwarded-Proto="https" X-AppService-Proto="https" X-Forwarded-TlsVersion="1.3" X-WAWS-Unencoded-URL="/api/publish?type=zip" X-Client-IP="84.138.86.68" X-Client-Port="61664" >
  <step title="OneDeploy" date="2025-07-29T09:07:49.746" >
    <step title="Starting PushDeployAsync" date="2025-07-29T09:07:49.787" /><!-- duration: 9ms -->
    <step title="Writing artifact to /tmp/zipdeploy/94e882ce-d7cf-4240-b620-a4112fdbf78e.zip" date="2025-07-29T09:07:49.828" >
      <step title="Writing multipart request body to /tmp/zipdeploy/94e882ce-d7cf-4240-b620-a4112fdbf78e.zip" date="2025-07-29T09:07:49.857" /><!-- duration: 10ms -->
    </step><!-- duration: 98ms -->
    <step title="Removing previous build artifact&apos;s manifest file" date="2025-07-29T09:07:49.936" >
      <step title="Attempting to fetch target branch HEAD" date="2025-07-29T09:07:49.970" /><!-- duration: 7ms -->
      <step title="Acquiring Deployment Lock" date="2025-07-29T09:07:49.996" /><!-- duration: 13ms -->
      <step title="Acquired Deployment Lock" date="2025-07-29T09:07:50.059" /><!-- duration: 11ms -->
      <step title="Performing fetch based deployment" date="2025-07-29T09:07:50.099" >
        <step title="Creating temporary deployment" date="2025-07-29T09:07:50.116" /><!-- duration: 103ms -->
        <step title="Releasing Deployment Lock" date="2025-07-29T09:07:51.423" /><!-- duration: 34ms -->
        <step title="Cleaning up temp folders from previous zip deployments and extracting pushed zip file /tmp/zipdeploy/94e882ce-d7cf-4240-b620-a4112fdbf78e.zip (0.00 MB) to /tmp/zipdeploy/extracted" date="2025-07-29T09:07:51.547" >
          <step title="ChmodRecursive Process exited with total time taken in ms: 78" date="2025-07-29T09:07:51.639" /><!-- duration: 10ms -->
        </step><!-- duration: 112ms -->
        <step title="None repository commit" date="2025-07-29T09:07:51.669" >
          <step title="Commit id: 978abf1e-95dc-444c-92c5-132ce2ac5f9a" date="2025-07-29T09:07:51.672" Message="OneDeploy" AuthorName="N/A" AuthorEmail="N/A" /><!-- duration: 3ms -->
        </step><!-- duration: 8ms -->
        <step title="Deployment timer started" date="2025-07-29T09:07:53.682" >
          <step title="DeploymentManager.Deploy(id:978abf1e-95dc-444c-92c5-132ce2ac5f9a)" date="2025-07-29T09:07:53.696" >
            <step title="Collecting changeset information" date="2025-07-29T09:07:53.729" /><!-- duration: 87ms -->
            <step title="Updating submodules" date="2025-07-29T09:07:53.822" /><!-- duration: 1107ms -->
            <step title="Determining deployment builder" date="2025-07-29T09:07:55.176" >
              <step title="Builder is OryxBuilder" date="2025-07-29T09:07:55.201" /><!-- duration: 3ms -->
            </step><!-- duration: 36ms -->
            <step title="PreDeployment: context.CleanOutputPath False" date="2025-07-29T09:07:55.258" >
              <step title="PreDeployment: context.OutputPath /home/site/wwwroot" date="2025-07-29T09:07:55.376" >
                <step title="Building" date="2025-07-29T09:07:55.507" >
                  <step title="Executing external process" date="2025-07-29T09:07:55.856" type="process" path="bash" arguments="-c &quot;oryx build /tmp/zipdeploy/extracted -o /home/site/wwwroot --platform python --platform-version 3.11 -p virtualenv_name=antenv --log-file /tmp/build-debug.log  -i /tmp/8ddce7f67aef221 --compress-destination-dir | tee /tmp/oryx-build.log ; exit $PIPESTATUS &quot;" /><!-- duration: 64390ms -->
                  <step title="Using PythonDeploymentLogParser" date="2025-07-29T09:09:00.636" /><!-- duration: 3ms -->
                  <step title="Modified file to trigger a restart of the app container." date="2025-07-29T09:09:01.833" /><!-- duration: 4ms -->
                  <step title="Skip function trigger and logicapp sync because function is not enabled." date="2025-07-29T09:09:01.841" /><!-- duration: 6ms -->
                  <step title="Purge deployment items" date="2025-07-29T09:09:02.871" >
                    <step title="Remove 6239e892-, Success, received at 07/29/2025 07:01:40" date="2025-07-29T09:09:02.921" /><!-- duration: 2ms -->
                  </step><!-- duration: 55ms -->
                </step><!-- duration: 67483ms -->
              </step><!-- duration: 67619ms -->
              <step title="Cleaning up temp files" date="2025-07-29T09:09:02.997" /><!-- duration: 2016ms -->
              <step title="Cleaning up temp files" date="2025-07-29T09:09:05.021" /><!-- duration: 516ms -->
              <step title="Reloading status file with latest updates" date="2025-07-29T09:09:05.567" >
                <step title="WebHooksManager.PublishEventAsync: PostDeployment" date="2025-07-29T09:09:05.576" /><!-- duration: 31ms -->
              </step><!-- duration: 43ms -->
              <step title="Cleaning up temporary deployment - fetch deployment was successful" date="2025-07-29T09:09:05.617" /><!-- duration: 3ms -->
            </step><!-- duration: 70411ms -->
          </step><!-- duration: 71977ms -->
          <step title="Outgoing response" date="2025-07-29T09:09:05.681" type="response" statusCode="200" statusText="OK" /><!-- duration: 3ms -->
        </step><!-- duration: 72005ms -->
