<step title="Incoming Request" date="2025-07-31T19:26:36.278" instance="a45adb" url="/api/deployments/latest" method="GET" type="request" pid="769,1,65" Accept="*/*" Host="la-zeiterfassung-fyd4cge3d9e3cac4.scm.azurewebsites.net" User-Agent="AZURECLI/2.75.0 (HOMEBREW)" Accept-Encoding="gzip, deflate" Authorization="Bas..." x-ms-client-request-id="3fdf32be-6e44-11f0-a3a0-3ecdac25f1e6" X-ARR-LOG-ID="3fdf32be-6e44-11f0-a3a0-3ecdac25f1e6" CLIENT-IP="84.138.86.68:59640" X-SITE-DEPLOYMENT-ID="la-zeiterfassung-fyd4cge3d9e3cac4" WAS-DEFAULT-HOSTNAME="la-zeiterfassung-fyd4cge3d9e3cac4.scm.azurewebsites.net" X-Forwarded-Proto="https" X-AppService-Proto="https" X-Forwarded-TlsVersion="1.3" X-WAWS-Unencoded-URL="/api/deployments/latest" X-Client-IP="84.138.86.68" X-Client-Port="59640" >
  <step title="Cleanup Xml Logs" date="2025-07-31T19:26:36.282" >
    <step title="Cleanup Infos" date="2025-07-31T19:26:36.294" totalFiles="335" totalCleanup="175" /><!-- duration: 3ms -->
  </step><!-- duration: 20ms -->
  <step title="DeploymentService.GetResult" date="2025-07-31T19:26:36.309" >
    <step title="DeploymentService.GetLatestDeployment" date="2025-07-31T19:26:36.311" >
      <step title="DeploymentManager.GetResults" date="2025-07-31T19:26:36.315" /><!-- duration: 534ms -->
    </step><!-- duration: 543ms -->
  </step><!-- duration: 550ms -->
  <step title="Outgoing response" date="2025-07-31T19:26:36.863" type="response" statusCode="202" statusText="Accepted" /><!-- duration: 4ms -->
</step><!-- duration: 593ms -->
