<step title="Incoming Request" date="2025-05-21T18:32:51.414" instance="e0f283" url="/api/deployments/latest?deployer=ms-azuretools-vscode&amp;time=2025-05-21_18-32-48Z" method="GET" type="request" pid="776,1,19" Host="la-zeiterfassung-fyd4cge3d9e3cac4.scm.germanywestcentral-01.azurewebsites.net" User-Agent="vscode-azureappservice/0.26.1 core-rest-pipeline/1.19.1 Node/20.19.0 OS/(arm64-Darwin-24.3.0)" Accept-Encoding="gzip,deflate" Accept-Language="de" Authorization="Bea..." x-ms-correlation-request-id="8c6f2c55-1c23-4509-8fef-221c6799c348" x-ms-client-request-id="1c411ccd-0b45-4ee6-9834-a07da0eafb5a" X-ARR-LOG-ID="1c411ccd-0b45-4ee6-9834-a07da0eafb5a" CLIENT-IP="84.138.91.166:63927" X-SITE-DEPLOYMENT-ID="LA-Zeiterfassung" WAS-DEFAULT-HOSTNAME="la-zeiterfassung-fyd4cge3d9e3cac4.scm.germanywestcentral-01.azurewebsites.net" X-Forwarded-Proto="https" X-AppService-Proto="https" X-Forwarded-TlsVersion="1.3" X-WAWS-Unencoded-URL="/api/deployments/latest?deployer=ms-azuretools-vscode&amp;time=2025-05-21_18-32-48Z" X-Client-IP="84.138.91.166" X-Client-Port="63927" >
  <step title="Cleanup Xml Logs" date="2025-05-21T18:32:51.418" >
    <step title="Cleanup Infos" date="2025-05-21T18:32:51.433" totalFiles="249" totalCleanup="89" /><!-- duration: 3ms -->
  </step><!-- duration: 35ms -->
  <step title="DeploymentService.GetResult" date="2025-05-21T18:32:51.467" >
    <step title="DeploymentService.GetLatestDeployment" date="2025-05-21T18:32:51.470" >
      <step title="DeploymentManager.GetResults" date="2025-05-21T18:32:51.474" /><!-- duration: 397ms -->
    </step><!-- duration: 411ms -->
  </step><!-- duration: 424ms -->
  <step title="Outgoing response" date="2025-05-21T18:32:51.912" type="response" statusCode="202" statusText="Accepted" /><!-- duration: 22ms -->
</step><!-- duration: 550ms -->
