<step title="Incoming Request" date="2025-05-21T20:19:41.976" instance="e0f283" url="/api/deployments/latest?deployer=ms-azuretools-vscode&amp;time=2025-05-21_20-19-41Z" method="GET" type="request" pid="770,1,19" Host="la-zeiterfassung-fyd4cge3d9e3cac4.scm.germanywestcentral-01.azurewebsites.net" User-Agent="vscode-azureappservice/0.26.1 core-rest-pipeline/1.19.1 Node/20.19.0 OS/(arm64-Darwin-24.3.0)" Accept-Encoding="gzip,deflate" Accept-Language="de" Authorization="Bea..." x-ms-correlation-request-id="845648e9-6840-455a-95b1-055c4a05efe0" x-ms-client-request-id="90de995a-eb49-4547-b5dd-77940870bc51" X-ARR-LOG-ID="90de995a-eb49-4547-b5dd-77940870bc51" CLIENT-IP="84.138.91.166:62038" X-SITE-DEPLOYMENT-ID="LA-Zeiterfassung" WAS-DEFAULT-HOSTNAME="la-zeiterfassung-fyd4cge3d9e3cac4.scm.germanywestcentral-01.azurewebsites.net" X-Forwarded-Proto="https" X-AppService-Proto="https" X-Forwarded-TlsVersion="1.3" X-WAWS-Unencoded-URL="/api/deployments/latest?deployer=ms-azuretools-vscode&amp;time=2025-05-21_20-19-41Z" X-Client-IP="84.138.91.166" X-Client-Port="62038" >
  <step title="Cleanup Xml Logs" date="2025-05-21T20:19:41.985" >
    <step title="Cleanup Infos" date="2025-05-21T20:19:42.035" totalFiles="373" totalCleanup="213" /><!-- duration: 20ms -->
  </step><!-- duration: 73ms -->
  <step title="DeploymentService.GetResult" date="2025-05-21T20:19:42.138" >
    <step title="DeploymentService.GetLatestDeployment" date="2025-05-21T20:19:42.146" >
      <step title="DeploymentManager.GetResults" date="2025-05-21T20:19:42.148" /><!-- duration: 446ms -->
    </step><!-- duration: 457ms -->
  </step><!-- duration: 474ms -->
  <step title="Outgoing response" date="2025-05-21T20:19:42.617" type="response" statusCode="202" statusText="Accepted" /><!-- duration: 5ms -->
</step><!-- duration: 648ms -->
