<step title="Incoming Request" date="2025-07-29T09:57:34.721" instance="a45adb" url="/api/publish?type=zip" method="POST" type="request" pid="769,1,23" Accept="*/*" Host="la-zeiterfassung-fyd4cge3d9e3cac4.scm.azurewebsites.net" User-Agent="AZURECLI/2.75.0 (HOMEBREW)" Accept-Encoding="gzip, deflate" Authorization="Bas..." Cache-Control="no-cache" Content-Type="application/octet-stream" Cookie="ARRAffinity=a45adbe19489ea2b14e790f681e17ad6f03a5528ca730625ec513d016d2b4c91; ARRAffinitySameSite=a45adbe19489ea2b14e790f681e17ad6f03a5528ca730625ec513d016d2b4c91" Content-Length="12944" x-ms-client-request-id="6f973a8a-6c62-11f0-8aaa-3ecdac25f1e6" x-ms-artifact-checksum="f472dc6f13c379eaaea3ab4624c2a77b81a501f45388b777a53010a0ea59854c" X-ARR-LOG-ID="6f973a8a-6c62-11f0-8aaa-3ecdac25f1e6" CLIENT-IP="84.138.86.68:61271" X-SITE-DEPLOYMENT-ID="la-zeiterfassung-fyd4cge3d9e3cac4" WAS-DEFAULT-HOSTNAME="la-zeiterfassung-fyd4cge3d9e3cac4.scm.azurewebsites.net" X-Forwarded-Proto="https" X-AppService-Proto="https" X-Forwarded-TlsVersion="1.3" X-WAWS-Unencoded-URL="/api/publish?type=zip" X-Client-IP="84.138.86.68" X-Client-Port="61271" >
  <step title="OneDeploy" date="2025-07-29T09:57:34.766" >
    <step title="Starting PushDeployAsync" date="2025-07-29T09:57:34.779" /><!-- duration: 6ms -->
    <step title="Writing artifact to /tmp/zipdeploy/3a1021e4-711d-48c6-b119-21816066b12f.zip" date="2025-07-29T09:57:34.798" >
      <step title="Writing multipart request body to /tmp/zipdeploy/3a1021e4-711d-48c6-b119-21816066b12f.zip" date="2025-07-29T09:57:34.828" /><!-- duration: 16ms -->
    </step><!-- duration: 166ms -->
    <step title="Removing previous build artifact&apos;s manifest file" date="2025-07-29T09:57:35.021" >
      <step title="Attempting to fetch target branch HEAD" date="2025-07-29T09:57:35.037" /><!-- duration: 3ms -->
      <step title="Acquiring Deployment Lock" date="2025-07-29T09:57:35.042" /><!-- duration: 5ms -->
      <step title="Acquired Deployment Lock" date="2025-07-29T09:57:35.082" /><!-- duration: 4ms -->
      <step title="Performing fetch based deployment" date="2025-07-29T09:57:35.093" >
        <step title="Creating temporary deployment" date="2025-07-29T09:57:35.097" /><!-- duration: 67ms -->
        <step title="Releasing Deployment Lock" date="2025-07-29T09:57:36.315" /><!-- duration: 4ms -->
        <step title="Cleaning up temp folders from previous zip deployments and extracting pushed zip file /tmp/zipdeploy/3a1021e4-711d-48c6-b119-21816066b12f.zip (0.01 MB) to /tmp/zipdeploy/extracted" date="2025-07-29T09:57:36.355" >
          <step title="ChmodRecursive Process exited with total time taken in ms: 109" date="2025-07-29T09:57:36.529" /><!-- duration: 10ms -->
        </step><!-- duration: 193ms -->
        <step title="None repository commit" date="2025-07-29T09:57:36.559" >
          <step title="Commit id: 20d4c62e-eb78-4366-92d1-f612dbf41d49" date="2025-07-29T09:57:36.568" Message="OneDeploy" AuthorName="N/A" AuthorEmail="N/A" /><!-- duration: 9ms -->
        </step><!-- duration: 21ms -->
        <step title="Deployment timer started" date="2025-07-29T09:57:38.589" >
          <step title="DeploymentManager.Deploy(id:20d4c62e-eb78-4366-92d1-f612dbf41d49)" date="2025-07-29T09:57:38.597" >
            <step title="Collecting changeset information" date="2025-07-29T09:57:38.626" /><!-- duration: 103ms -->
            <step title="Updating submodules" date="2025-07-29T09:57:38.735" /><!-- duration: 1156ms -->
            <step title="Determining deployment builder" date="2025-07-29T09:57:40.088" >
              <step title="Builder is OryxBuilder" date="2025-07-29T09:57:40.106" /><!-- duration: 3ms -->
            </step><!-- duration: 28ms -->
            <step title="PreDeployment: context.CleanOutputPath False" date="2025-07-29T09:57:40.175" >
              <step title="PreDeployment: context.OutputPath /home/site/wwwroot" date="2025-07-29T09:57:40.292" >
                <step title="Building" date="2025-07-29T09:57:40.412" >
                  <step title="Executing external process" date="2025-07-29T09:57:40.745" type="process" path="bash" arguments="-c &quot;oryx build /tmp/zipdeploy/extracted -o /home/site/wwwroot --platform python --platform-version 3.11 -p virtualenv_name=antenv --log-file /tmp/build-debug.log  -i /tmp/8ddce865ad3219b --compress-destination-dir | tee /tmp/oryx-build.log ; exit $PIPESTATUS &quot;" /><!-- duration: 65620ms -->
                  <step title="Using PythonDeploymentLogParser" date="2025-07-29T09:58:46.737" /><!-- duration: 3ms -->
                  <step title="Modified file to trigger a restart of the app container." date="2025-07-29T09:58:47.901" /><!-- duration: 13ms -->
                  <step title="Skip function trigger and logicapp sync because function is not enabled." date="2025-07-29T09:58:47.921" /><!-- duration: 9ms -->
                  <step title="Purge deployment items" date="2025-07-29T09:58:48.915" >
                    <step title="Remove 30181253-, Success, received at 07/29/2025 08:44:28" date="2025-07-29T09:58:48.962" /><!-- duration: 3ms -->
                  </step><!-- duration: 54ms -->
                </step><!-- duration: 68634ms -->
              </step><!-- duration: 68760ms -->
              <step title="Cleaning up temp files" date="2025-07-29T09:58:49.055" /><!-- duration: 1926ms -->
              <step title="Cleaning up temp files" date="2025-07-29T09:58:50.988" /><!-- duration: 521ms -->
              <step title="Reloading status file with latest updates" date="2025-07-29T09:58:51.610" >
                <step title="WebHooksManager.PublishEventAsync: PostDeployment" date="2025-07-29T09:58:51.629" /><!-- duration: 124ms -->
              </step><!-- duration: 152ms -->
              <step title="Cleaning up temporary deployment - fetch deployment was successful" date="2025-07-29T09:58:51.780" /><!-- duration: 20ms -->
            </step><!-- duration: 71735ms -->
          </step><!-- duration: 73324ms -->
          <step title="Outgoing response" date="2025-07-29T09:58:51.943" type="response" statusCode="200" statusText="OK" /><!-- duration: 10ms -->
        </step><!-- duration: 73372ms -->
