<step title="Incoming Request" date="2025-05-21T19:20:00.474" instance="e0f283" url="/api/deployments/latest?deployer=ms-azuretools-vscode&amp;time=2025-05-21_19-19-56Z" method="GET" type="request" pid="768,1,24" Host="la-zeiterfassung-fyd4cge3d9e3cac4.scm.germanywestcentral-01.azurewebsites.net" User-Agent="vscode-azureappservice/0.26.1 core-rest-pipeline/1.19.1 Node/20.19.0 OS/(arm64-Darwin-24.3.0)" Accept-Encoding="gzip,deflate" Accept-Language="de" Authorization="Bea..." x-ms-correlation-request-id="c43545ba-f5db-4253-9d94-d800445f6447" x-ms-client-request-id="c6925542-9b0b-4a87-a740-3a6ccda52c02" X-ARR-LOG-ID="c6925542-9b0b-4a87-a740-3a6ccda52c02" CLIENT-IP="84.138.91.166:62882" X-SITE-DEPLOYMENT-ID="LA-Zeiterfassung" WAS-DEFAULT-HOSTNAME="la-zeiterfassung-fyd4cge3d9e3cac4.scm.germanywestcentral-01.azurewebsites.net" X-Forwarded-Proto="https" X-AppService-Proto="https" X-Forwarded-TlsVersion="1.3" X-WAWS-Unencoded-URL="/api/deployments/latest?deployer=ms-azuretools-vscode&amp;time=2025-05-21_19-19-56Z" X-Client-IP="84.138.91.166" X-Client-Port="62882" >
  <step title="Cleanup Xml Logs" date="2025-05-21T19:20:00.477" >
    <step title="Cleanup Infos" date="2025-05-21T19:20:00.485" totalFiles="295" totalCleanup="135" /><!-- duration: 2ms -->
  </step><!-- duration: 11ms -->
  <step title="DeploymentService.GetResult" date="2025-05-21T19:20:00.494" >
    <step title="DeploymentService.GetLatestDeployment" date="2025-05-21T19:20:00.499" >
      <step title="DeploymentManager.GetResults" date="2025-05-21T19:20:00.502" /><!-- duration: 317ms -->
    </step><!-- duration: 324ms -->
  </step><!-- duration: 332ms -->
  <step title="Outgoing response" date="2025-05-21T19:20:00.833" type="response" statusCode="202" statusText="Accepted" /><!-- duration: 3ms -->
</step><!-- duration: 365ms -->
