<step title="Incoming Request" date="2025-05-21T20:21:50.677" instance="e0f283" url="/api/deployments/latest" method="GET" type="request" pid="770,1,17" Host="la-zeiterfassung-fyd4cge3d9e3cac4.scm.germanywestcentral-01.azurewebsites.net" User-Agent="vscode-azureappservice/0.26.1 core-rest-pipeline/1.19.1 Node/20.19.0 OS/(arm64-Darwin-24.3.0)" Accept-Encoding="gzip,deflate" Accept-Language="de" Authorization="Bea..." x-ms-correlation-request-id="e5af7ba2-2de2-460d-b2bf-6be5505df7bc" x-ms-client-request-id="bf0f0783-4ced-4bdf-ab87-9f72e93008ed" X-ARR-LOG-ID="bf0f0783-4ced-4bdf-ab87-9f72e93008ed" CLIENT-IP="84.138.91.166:64772" X-SITE-DEPLOYMENT-ID="LA-Zeiterfassung" WAS-DEFAULT-HOSTNAME="la-zeiterfassung-fyd4cge3d9e3cac4.scm.germanywestcentral-01.azurewebsites.net" X-Forwarded-Proto="https" X-AppService-Proto="https" X-Forwarded-TlsVersion="1.3" X-WAWS-Unencoded-URL="/api/deployments/latest" X-Client-IP="84.138.91.166" X-Client-Port="64772" >
  <step title="Cleanup Xml Logs" date="2025-05-21T20:21:50.687" >
    <step title="Cleanup Infos" date="2025-05-21T20:21:50.757" totalFiles="388" totalCleanup="228" /><!-- duration: 10ms -->
  </step><!-- duration: 82ms -->
  <step title="DeploymentService.GetResult" date="2025-05-21T20:21:50.788" >
    <step title="DeploymentService.GetLatestDeployment" date="2025-05-21T20:21:50.796" >
      <step title="DeploymentManager.GetResults" date="2025-05-21T20:21:50.799" /><!-- duration: 1929ms -->
    </step><!-- duration: 1973ms -->
  </step><!-- duration: 1990ms -->
  <step title="Outgoing response" date="2025-05-21T20:21:52.807" type="response" statusCode="202" statusText="Accepted" /><!-- duration: 3ms -->
</step><!-- duration: 2143ms -->
