<step title="BackgroundTrace" date="2025-07-31T20:08:58.804" instance="a45adb" url="/api/zipdeploy" method="POST" >
  <step title="Creating temporary deployment - FetchDeploymentManager" date="2025-07-31T20:08:58.878" /><!-- duration: 3ms -->
  <step title="Creating temporary deployment" date="2025-07-31T20:08:58.888" /><!-- duration: 115ms -->
  <step title="Performing fetch based deployment" date="2025-07-31T20:08:59.146" >
    <step title="Cleaning up temp folders from previous zip deployments and extracting pushed zip file /tmp/zipdeploy/056aa5dc-e834-40df-9db6-5ec916ee9611.zip (0.03 MB) to /tmp/zipdeploy/extracted" date="2025-07-31T20:09:00.401" >
      <step title="ChmodRecursive Process exited with total time taken in ms: 153" date="2025-07-31T20:09:00.661" /><!-- duration: 10ms -->
    </step><!-- duration: 311ms -->
    <step title="Deployment timer started" date="2025-07-31T20:09:02.770" >
      <step title="DeploymentManager.Deploy(id:ab41ec2c-bcbf-47c2-a50b-3a6d1d6f0ab0)" date="2025-07-31T20:09:02.786" >
        <step title="Collecting changeset information" date="2025-07-31T20:09:02.829" /><!-- duration: 116ms -->
        <step title="Updating submodules" date="2025-07-31T20:09:02.950" /><!-- duration: 1147ms -->
        <step title="Determining deployment builder" date="2025-07-31T20:09:04.384" >
          <step title="Builder is BasicBuilder" date="2025-07-31T20:09:04.419" /><!-- duration: 6ms -->
        </step><!-- duration: 44ms -->
        <step title="PreDeployment: context.CleanOutputPath False" date="2025-07-31T20:09:04.514" >
          <step title="PreDeployment: context.OutputPath /home/site/wwwroot" date="2025-07-31T20:09:04.688" >
            <step title="Building" date="2025-07-31T20:09:04.842" >
              <step title="Executing external process" date="2025-07-31T20:09:05.465" type="process" path="starter.sh" arguments="/opt/Kudu/Scripts/parallel_rsync.sh /tmp/zipdeploy/extracted /home/site/wwwroot 8 /tmp/ False True  " /><!-- duration: 9535ms -->
              <step title="Triggering recycle (preview mode disabled)." date="2025-07-31T20:09:15.804" /><!-- duration: 30ms -->
              <step title="Modified file to trigger a restart of the app container." date="2025-07-31T20:09:15.936" /><!-- duration: 20ms -->
              <step title="Skip function trigger and logicapp sync because function is not enabled." date="2025-07-31T20:09:15.994" /><!-- duration: 18ms -->
              <step title="Purge deployment items" date="2025-07-31T20:09:18.466" >
                <step title="Remove 30ea3ba4-, Failed, received at 07/31/2025 19:36:41" date="2025-07-31T20:09:18.635" /><!-- duration: 32ms -->
                <step title="Remove temp-b871, Failed, received at 07/31/2025 19:36:37" date="2025-07-31T20:09:18.766" /><!-- duration: 11ms -->
                <step title="Remove 8b9969bd-, Success, received at 07/31/2025 18:14:21" date="2025-07-31T20:09:18.879" /><!-- duration: 26ms -->
              </step><!-- duration: 451ms -->
            </step><!-- duration: 14229ms -->
          </step><!-- duration: 14412ms -->
          <step title="Cleaning up temp files" date="2025-07-31T20:09:19.121" /><!-- duration: 68ms -->
          <step title="Cleaning up temp files" date="2025-07-31T20:09:19.218" /><!-- duration: 560ms -->
          <step title="Reloading status file with latest updates" date="2025-07-31T20:09:19.860" >
            <step title="WebHooksManager.PublishEventAsync: PostDeployment" date="2025-07-31T20:09:19.920" /><!-- duration: 351ms -->
          </step><!-- duration: 482ms -->
          <step title="Cleaning up temporary deployment - fetch deployment was successful" date="2025-07-31T20:09:20.370" /><!-- duration: 9ms -->
        </step><!-- duration: 15956ms -->
      </step><!-- duration: 17747ms -->
