<step title="BackgroundTrace" date="2025-07-31T18:24:17.681" instance="a45adb" url="/api/zipdeploy" method="POST" >
  <step title="Creating temporary deployment - FetchDeploymentManager" date="2025-07-31T18:24:17.740" /><!-- duration: 3ms -->
  <step title="Creating temporary deployment" date="2025-07-31T18:24:17.745" /><!-- duration: 81ms -->
  <step title="Performing fetch based deployment" date="2025-07-31T18:24:17.856" >
    <step title="Cleaning up temp folders from previous zip deployments and extracting pushed zip file /tmp/zipdeploy/7fc4ce95-2463-4ff5-8604-730d47f1dab5.zip (0.03 MB) to /tmp/zipdeploy/extracted" date="2025-07-31T18:24:19.112" >
      <step title="ChmodRecursive Process exited with total time taken in ms: 110" date="2025-07-31T18:24:19.285" /><!-- duration: 10ms -->
    </step><!-- duration: 201ms -->
    <step title="Deployment timer started" date="2025-07-31T18:24:21.378" >
      <step title="DeploymentManager.Deploy(id:80330eac-03ef-4c76-ba22-4d261bc667cd)" date="2025-07-31T18:24:21.395" >
        <step title="Collecting changeset information" date="2025-07-31T18:24:21.415" /><!-- duration: 103ms -->
        <step title="Updating submodules" date="2025-07-31T18:24:21.525" /><!-- duration: 1106ms -->
        <step title="Determining deployment builder" date="2025-07-31T18:24:22.830" >
          <step title="Builder is OryxBuilder" date="2025-07-31T18:24:22.846" /><!-- duration: 9ms -->
        </step><!-- duration: 34ms -->
        <step title="PreDeployment: context.CleanOutputPath False" date="2025-07-31T18:24:22.927" >
          <step title="PreDeployment: context.OutputPath /home/site/wwwroot" date="2025-07-31T18:24:23.036" >
            <step title="Building" date="2025-07-31T18:24:23.189" >
              <step title="Executing external process" date="2025-07-31T18:24:23.451" type="process" path="bash" arguments="-c &quot;oryx build /tmp/zipdeploy/extracted -o /home/site/wwwroot --platform python --platform-version 3.11 -p virtualenv_name=antenv --log-file /tmp/build-debug.log  -i /tmp/8ddd05f791a9a5c --compress-destination-dir | tee /tmp/oryx-build.log ; exit $PIPESTATUS &quot;" /><!-- duration: 66492ms -->
              <step title="Using PythonDeploymentLogParser" date="2025-07-31T18:25:30.501" /><!-- duration: 3ms -->
              <step title="Triggering recycle (preview mode disabled)." date="2025-07-31T18:25:31.868" /><!-- duration: 6ms -->
              <step title="Modified file to trigger a restart of the app container." date="2025-07-31T18:25:31.908" /><!-- duration: 3ms -->
              <step title="Skip function trigger and logicapp sync because function is not enabled." date="2025-07-31T18:25:31.915" /><!-- duration: 4ms -->
              <step title="Purge deployment items" date="2025-07-31T18:25:32.991" >
                <step title="Remove c7ba1389-, Success, received at 07/31/2025 14:09:43" date="2025-07-31T18:25:33.081" /><!-- duration: 3ms -->
              </step><!-- duration: 97ms -->
            </step><!-- duration: 69965ms -->
          </step><!-- duration: 70132ms -->
          <step title="Cleaning up temp files" date="2025-07-31T18:25:33.173" /><!-- duration: 1952ms -->
          <step title="Cleaning up temp files" date="2025-07-31T18:25:35.132" /><!-- duration: 511ms -->
          <step title="Reloading status file with latest updates" date="2025-07-31T18:25:35.672" >
            <step title="WebHooksManager.PublishEventAsync: PostDeployment" date="2025-07-31T18:25:35.676" /><!-- duration: 32ms -->
          </step><!-- duration: 39ms -->
          <step title="Cleaning up temporary deployment - fetch deployment was successful" date="2025-07-31T18:25:35.716" /><!-- duration: 3ms -->
        </step><!-- duration: 72835ms -->
      </step><!-- duration: 74384ms -->
