<step title="Incoming Request" date="2025-05-21T20:34:50.745" instance="e0f283" url="/api/zipdeploy?author=ms-azuretools-vscode&amp;deployer=ms-azuretools-vscode&amp;isAsync=true&amp;trackDeploymentId=true" method="POST" type="request" pid="770,1,5" Host="la-zeiterfassung-fyd4cge3d9e3cac4.scm.germanywestcentral-01.azurewebsites.net" User-Agent="vscode-azureappservice/0.26.1 core-rest-pipeline/1.19.1 Node/20.19.0 OS/(arm64-Darwin-24.3.0)" Accept-Encoding="gzip,deflate" Accept-Language="de" Authorization="Bea..." Transfer-Encoding="chunked" x-ms-correlation-request-id="0c6e2b40-c7cd-4542-861b-2e837415c07d" x-ms-client-request-id="28a7ef41-5381-4846-97e7-6f51c15e8cab" X-ARR-LOG-ID="28a7ef41-5381-4846-97e7-6f51c15e8cab" CLIENT-IP="84.138.91.166:62799" X-SITE-DEPLOYMENT-ID="LA-Zeiterfassung" WAS-DEFAULT-HOSTNAME="la-zeiterfassung-fyd4cge3d9e3cac4.scm.germanywestcentral-01.azurewebsites.net" X-Forwarded-Proto="https" X-AppService-Proto="https" X-Forwarded-TlsVersion="1.3" X-WAWS-Unencoded-URL="/api/zipdeploy?author=ms-azuretools-vscode&amp;deployer=ms-azuretools-vscode&amp;isAsync=true&amp;trackDeploymentId=true" X-Client-IP="84.138.91.166" X-Client-Port="62799" >
  <step title="Cleanup Xml Logs" date="2025-05-21T20:34:50.756" >
    <step title="Cleanup Infos" date="2025-05-21T20:34:50.789" totalFiles="404" totalCleanup="244" /><!-- duration: 6ms -->
  </step><!-- duration: 42ms -->
  <step title="ZipPushDeploy" date="2025-05-21T20:34:52.142" >
    <step title="ZipDeploy. Extract zip." date="2025-05-21T20:34:52.192" /><!-- duration: 10ms -->
    <step title="None repository commit" date="2025-05-21T20:34:52.235" >
      <step title="Commit id: ff4ecc35-c4e5-4fbd-80a9-9374bfe51bae" date="2025-05-21T20:34:52.253" Message="N/A" AuthorName="N/A" AuthorEmail="N/A" /><!-- duration: 11ms -->
    </step><!-- duration: 33ms -->
    <step title="Starting PushDeployAsync" date="2025-05-21T20:34:52.273" /><!-- duration: 33ms -->
    <step title="Error occurred" date="2025-05-21T20:34:52.514" type="error" text="Error removing symlink: Path doesn&apos;t exist!" stackTrace="   at Mono.Unix.UnixFileSystemInfo.AssertValid()
   at Mono.Unix.UnixFileSystemInfo.get_FileType()
   at Kudu.Services.Deployment.PushDeploymentController.PushDeployAsync(ArtifactDeploymentInfo deploymentInfo, Boolean isAsync, HttpContext context, JObject requestJson) in /tmp/KuduLite/Kudu.Services/Deployment/PushDeploymentController.cs:line 740" /><!-- duration: 10ms -->
    <step title="Writing artifact to /tmp/zipdeploy/ad6d4987-fd34-4e42-808f-ebe16d230649.zip" date="2025-05-21T20:34:52.567" >
      <step title="Writing multipart request body to /tmp/zipdeploy/ad6d4987-fd34-4e42-808f-ebe16d230649.zip" date="2025-05-21T20:34:52.605" /><!-- duration: 20ms -->
    </step><!-- duration: 211ms -->
    <step title="Start deployment in the background" date="2025-05-21T20:34:52.876" >
      <step title="Acquiring Deployment Lock" date="2025-05-21T20:34:52.926" /><!-- duration: 12ms -->
      <step title="Acquired Deployment Lock" date="2025-05-21T20:34:53.067" /><!-- duration: 20ms -->
    </step><!-- duration: 452ms -->
  </step><!-- duration: 1217ms -->
  <step title="Outgoing response" date="2025-05-21T20:34:53.411" type="response" statusCode="202" statusText="Accepted" /><!-- duration: 10ms -->
</step><!-- duration: 2685ms -->
