<step title="Incoming Request" date="2025-05-21T20:09:13.245" instance="e0f283" url="/api/zipdeploy?author=ms-azuretools-vscode&amp;deployer=ms-azuretools-vscode&amp;isAsync=true&amp;trackDeploymentId=true" method="POST" type="request" pid="773,1,7" Host="la-zeiterfassung-fyd4cge3d9e3cac4.scm.germanywestcentral-01.azurewebsites.net" User-Agent="vscode-azureappservice/0.26.1 core-rest-pipeline/1.19.1 Node/20.19.0 OS/(arm64-Darwin-24.3.0)" Accept-Encoding="gzip,deflate" Accept-Language="de" Authorization="Bea..." Transfer-Encoding="chunked" x-ms-correlation-request-id="cf0e207d-8fff-4f80-90ab-9dddc1cdc7bf" x-ms-client-request-id="a9b36b76-fc87-46c8-aa5f-289af25eedda" X-ARR-LOG-ID="a9b36b76-fc87-46c8-aa5f-289af25eedda" CLIENT-IP="84.138.91.166:60154" X-SITE-DEPLOYMENT-ID="LA-Zeiterfassung" WAS-DEFAULT-HOSTNAME="la-zeiterfassung-fyd4cge3d9e3cac4.scm.germanywestcentral-01.azurewebsites.net" X-Forwarded-Proto="https" X-AppService-Proto="https" X-Forwarded-TlsVersion="1.3" X-WAWS-Unencoded-URL="/api/zipdeploy?author=ms-azuretools-vscode&amp;deployer=ms-azuretools-vscode&amp;isAsync=true&amp;trackDeploymentId=true" X-Client-IP="84.138.91.166" X-Client-Port="60154" >
  <step title="Cleanup Xml Logs" date="2025-05-21T20:09:13.248" >
    <step title="Cleanup Infos" date="2025-05-21T20:09:13.261" totalFiles="339" totalCleanup="179" /><!-- duration: 4ms -->
  </step><!-- duration: 18ms -->
  <step title="ZipPushDeploy" date="2025-05-21T20:09:13.804" >
    <step title="ZipDeploy. Extract zip." date="2025-05-21T20:09:13.819" /><!-- duration: 2ms -->
    <step title="None repository commit" date="2025-05-21T20:09:13.831" >
      <step title="Commit id: fe6a38c9-ff55-46eb-8635-959a9330a9a0" date="2025-05-21T20:09:13.836" Message="N/A" AuthorName="N/A" AuthorEmail="N/A" /><!-- duration: 5ms -->
    </step><!-- duration: 15ms -->
    <step title="Starting PushDeployAsync" date="2025-05-21T20:09:13.850" /><!-- duration: 3ms -->
    <step title="Error occurred" date="2025-05-21T20:09:13.948" type="error" text="Error removing symlink: Path doesn&apos;t exist!" stackTrace="   at Mono.Unix.UnixFileSystemInfo.AssertValid()
   at Mono.Unix.UnixFileSystemInfo.get_FileType()
   at Kudu.Services.Deployment.PushDeploymentController.PushDeployAsync(ArtifactDeploymentInfo deploymentInfo, Boolean isAsync, HttpContext context, JObject requestJson) in /tmp/KuduLite/Kudu.Services/Deployment/PushDeploymentController.cs:line 740" /><!-- duration: 4ms -->
    <step title="Writing artifact to /tmp/zipdeploy/d98023e7-9c24-4b5f-8234-db02e08231c2.zip" date="2025-05-21T20:09:13.962" >
      <step title="Writing multipart request body to /tmp/zipdeploy/d98023e7-9c24-4b5f-8234-db02e08231c2.zip" date="2025-05-21T20:09:13.968" /><!-- duration: 9ms -->
    </step><!-- duration: 155ms -->
    <step title="Start deployment in the background" date="2025-05-21T20:09:14.147" >
      <step title="Acquiring Deployment Lock" date="2025-05-21T20:09:14.177" /><!-- duration: 2ms -->
      <step title="Acquired Deployment Lock" date="2025-05-21T20:09:14.233" /><!-- duration: 3ms -->
    </step><!-- duration: 412ms -->
  </step><!-- duration: 762ms -->
  <step title="Outgoing response" date="2025-05-21T20:09:14.586" type="response" statusCode="202" statusText="Accepted" /><!-- duration: 3ms -->
</step><!-- duration: 1348ms -->
