<step title="BackgroundTrace" date="2025-07-31T20:35:42.057" instance="a45adb" url="/api/zipdeploy" method="POST" >
  <step title="Creating temporary deployment - FetchDeploymentManager" date="2025-07-31T20:35:42.146" /><!-- duration: 3ms -->
  <step title="Creating temporary deployment" date="2025-07-31T20:35:42.158" /><!-- duration: 140ms -->
  <step title="Performing fetch based deployment" date="2025-07-31T20:35:42.353" >
    <step title="Cleaning up temp folders from previous zip deployments and extracting pushed zip file /tmp/zipdeploy/5cb3531a-644c-48e7-af04-39233ab2ee4b.zip (0.39 MB) to /tmp/zipdeploy/extracted" date="2025-07-31T20:35:43.532" >
      <step title="ChmodRecursive Process exited with total time taken in ms: 101" date="2025-07-31T20:35:43.805" /><!-- duration: 9ms -->
    </step><!-- duration: 302ms -->
    <step title="Deployment timer started" date="2025-07-31T20:35:45.855" >
      <step title="DeploymentManager.Deploy(id:89ac5c8c-d8da-450a-805f-ea3fb1bfe2c1)" date="2025-07-31T20:35:45.876" >
        <step title="Collecting changeset information" date="2025-07-31T20:35:45.925" /><!-- duration: 111ms -->
        <step title="Updating submodules" date="2025-07-31T20:35:46.042" /><!-- duration: 1154ms -->
        <step title="Determining deployment builder" date="2025-07-31T20:35:47.478" >
          <step title="Builder is OryxBuilder" date="2025-07-31T20:35:47.511" /><!-- duration: 17ms -->
        </step><!-- duration: 61ms -->
        <step title="PreDeployment: context.CleanOutputPath False" date="2025-07-31T20:35:47.853" >
          <step title="PreDeployment: context.OutputPath /home/site/wwwroot" date="2025-07-31T20:35:47.972" >
            <step title="Building" date="2025-07-31T20:35:48.133" >
              <step title="Executing external process" date="2025-07-31T20:35:48.514" type="process" path="bash" arguments="-c &quot;oryx build /tmp/zipdeploy/extracted -o /home/site/wwwroot --platform python --platform-version 3.11 -p virtualenv_name=antenv --log-file /tmp/build-debug.log  -i /tmp/8ddd071d4be124f --compress-destination-dir | tee /tmp/oryx-build.log ; exit $PIPESTATUS &quot;" /><!-- duration: 99433ms -->
              <step title="Using PythonDeploymentLogParser" date="2025-07-31T20:37:28.965" /><!-- duration: 38ms -->
              <step title="Triggering recycle (preview mode disabled)." date="2025-07-31T20:37:31.909" /><!-- duration: 37ms -->
              <step title="Modified file to trigger a restart of the app container." date="2025-07-31T20:37:32.037" /><!-- duration: 11ms -->
              <step title="Skip function trigger and logicapp sync because function is not enabled." date="2025-07-31T20:37:32.089" /><!-- duration: 18ms -->
              <step title="Purge deployment items" date="2025-07-31T20:37:34.295" >
                <step title="Remove b6a2c71e-, Success, received at 07/31/2025 18:21:28" date="2025-07-31T20:37:34.519" /><!-- duration: 29ms -->
              </step><!-- duration: 272ms -->
            </step><!-- duration: 106556ms -->
          </step><!-- duration: 106733ms -->
          <step title="Cleaning up temp files" date="2025-07-31T20:37:34.718" /><!-- duration: 2766ms -->
          <step title="Cleaning up temp files" date="2025-07-31T20:37:37.540" /><!-- duration: 551ms -->
          <step title="Reloading status file with latest updates" date="2025-07-31T20:37:38.201" >
            <step title="WebHooksManager.PublishEventAsync: PostDeployment" date="2025-07-31T20:37:38.220" /><!-- duration: 577ms -->
          </step><!-- duration: 641ms -->
          <step title="Cleaning up temporary deployment - fetch deployment was successful" date="2025-07-31T20:37:38.857" /><!-- duration: 30ms -->
        </step><!-- duration: 111141ms -->
      </step><!-- duration: 113166ms -->
