<step title="Incoming Request" date="2025-07-29T06:56:48.120" instance="a45adb" url="/api/publish?type=zip" method="POST" type="request" pid="769,1,25" Accept="*/*" Host="la-zeiterfassung-fyd4cge3d9e3cac4.scm.azurewebsites.net" User-Agent="AZURECLI/2.75.0 (HOMEBREW)" Accept-Encoding="gzip, deflate" Authorization="Bas..." Cache-Control="no-cache" Content-Type="application/octet-stream" Cookie="ARRAffinity=a45adbe19489ea2b14e790f681e17ad6f03a5528ca730625ec513d016d2b4c91; ARRAffinitySameSite=a45adbe19489ea2b14e790f681e17ad6f03a5528ca730625ec513d016d2b4c91" Content-Length="3047" x-ms-client-request-id="2dc7b92c-6c49-11f0-b622-3ecdac25f1e6" x-ms-artifact-checksum="d25aba40ebaf0c6cacc3b315aec95a2362a8479588f9a7c87945e72926784136" X-ARR-LOG-ID="2dc7b92c-6c49-11f0-b622-3ecdac25f1e6" CLIENT-IP="84.138.86.68:61111" X-SITE-DEPLOYMENT-ID="la-zeiterfassung-fyd4cge3d9e3cac4" WAS-DEFAULT-HOSTNAME="la-zeiterfassung-fyd4cge3d9e3cac4.scm.azurewebsites.net" X-Forwarded-Proto="https" X-AppService-Proto="https" X-Forwarded-TlsVersion="1.3" X-WAWS-Unencoded-URL="/api/publish?type=zip" X-Client-IP="84.138.86.68" X-Client-Port="61111" >
  <step title="OneDeploy" date="2025-07-29T06:56:48.145" >
    <step title="Starting PushDeployAsync" date="2025-07-29T06:56:48.168" /><!-- duration: 10ms -->
    <step title="Writing artifact to /tmp/zipdeploy/b2d2a69a-3b85-4de0-a171-a2f639f3c524.zip" date="2025-07-29T06:56:48.217" >
      <step title="Writing multipart request body to /tmp/zipdeploy/b2d2a69a-3b85-4de0-a171-a2f639f3c524.zip" date="2025-07-29T06:56:48.228" /><!-- duration: 19ms -->
    </step><!-- duration: 70ms -->
    <step title="Removing previous build artifact&apos;s manifest file" date="2025-07-29T06:56:48.306" >
      <step title="Attempting to fetch target branch HEAD" date="2025-07-29T06:56:48.329" /><!-- duration: 9ms -->
      <step title="Acquiring Deployment Lock" date="2025-07-29T06:56:48.347" /><!-- duration: 8ms -->
      <step title="Acquired Deployment Lock" date="2025-07-29T06:56:48.400" /><!-- duration: 5ms -->
      <step title="Performing fetch based deployment" date="2025-07-29T06:56:48.412" >
        <step title="Creating temporary deployment" date="2025-07-29T06:56:48.421" /><!-- duration: 76ms -->
        <step title="Releasing Deployment Lock" date="2025-07-29T06:56:49.645" /><!-- duration: 8ms -->
        <step title="Cleaning up temp folders from previous zip deployments and extracting pushed zip file /tmp/zipdeploy/b2d2a69a-3b85-4de0-a171-a2f639f3c524.zip (0.00 MB) to /tmp/zipdeploy/extracted" date="2025-07-29T06:56:49.686" >
          <step title="ChmodRecursive Process exited with total time taken in ms: 82" date="2025-07-29T06:56:49.796" /><!-- duration: 9ms -->
        </step><!-- duration: 137ms -->
        <step title="None repository commit" date="2025-07-29T06:56:49.826" >
          <step title="Commit id: 0eb91953-1132-4df3-837f-22cede23fb73" date="2025-07-29T06:56:49.835" Message="OneDeploy" AuthorName="N/A" AuthorEmail="N/A" /><!-- duration: 8ms -->
        </step><!-- duration: 20ms -->
        <step title="Deployment timer started" date="2025-07-29T06:56:51.864" >
          <step title="DeploymentManager.Deploy(id:0eb91953-1132-4df3-837f-22cede23fb73)" date="2025-07-29T06:56:51.878" >
            <step title="Collecting changeset information" date="2025-07-29T06:56:51.908" /><!-- duration: 80ms -->
            <step title="Updating submodules" date="2025-07-29T06:56:51.994" /><!-- duration: 1192ms -->
            <step title="Determining deployment builder" date="2025-07-29T06:56:53.462" >
              <step title="Builder is OryxBuilder" date="2025-07-29T06:56:53.480" /><!-- duration: 3ms -->
            </step><!-- duration: 24ms -->
            <step title="PreDeployment: context.CleanOutputPath False" date="2025-07-29T06:56:53.532" >
              <step title="PreDeployment: context.OutputPath /home/site/wwwroot" date="2025-07-29T06:56:53.715" >
                <step title="Building" date="2025-07-29T06:56:53.837" >
                  <step title="Executing external process" date="2025-07-29T06:56:54.133" type="process" path="bash" arguments="-c &quot;oryx build /tmp/zipdeploy/extracted -o /home/site/wwwroot --platform python --platform-version 3.11 -p virtualenv_name=antenv --log-file /tmp/build-debug.log  -i /tmp/8ddce6d19ba7a58 --compress-destination-dir | tee /tmp/oryx-build.log ; exit $PIPESTATUS &quot;" /><!-- duration: 64526ms -->
                  <step title="Using PythonDeploymentLogParser" date="2025-07-29T06:57:59.070" /><!-- duration: 3ms -->
                  <step title="Modified file to trigger a restart of the app container." date="2025-07-29T06:58:00.185" /><!-- duration: 4ms -->
                  <step title="Skip function trigger and logicapp sync because function is not enabled." date="2025-07-29T06:58:00.192" /><!-- duration: 7ms -->
                  <step title="Purge deployment items" date="2025-07-29T06:58:01.259" >
                    <step title="Remove ae0be9d2-, Success, received at 07/28/2025 22:51:01" date="2025-07-29T06:58:01.301" /><!-- duration: 3ms -->
                  </step><!-- duration: 49ms -->
                </step><!-- duration: 67552ms -->
              </step><!-- duration: 67678ms -->
              <step title="Cleaning up temp files" date="2025-07-29T06:58:01.395" /><!-- duration: 1840ms -->
              <step title="Cleaning up temp files" date="2025-07-29T06:58:03.263" /><!-- duration: 531ms -->
              <step title="Reloading status file with latest updates" date="2025-07-29T06:58:03.894" >
                <step title="WebHooksManager.PublishEventAsync: PostDeployment" date="2025-07-29T06:58:03.904" /><!-- duration: 110ms -->
              </step><!-- duration: 132ms -->
              <step title="Cleaning up temporary deployment - fetch deployment was successful" date="2025-07-29T06:58:04.067" /><!-- duration: 9ms -->
            </step><!-- duration: 70653ms -->
          </step><!-- duration: 72327ms -->
          <step title="Outgoing response" date="2025-07-29T06:58:04.247" type="response" statusCode="200" statusText="OK" /><!-- duration: 21ms -->
        </step><!-- duration: 72415ms -->
