<step title="Incoming Request" date="2025-07-28T22:50:56.711" instance="a45adb" url="/api/publish?type=zip" method="POST" type="request" pid="769,1,7" Accept="*/*" Host="la-zeiterfassung-fyd4cge3d9e3cac4.scm.azurewebsites.net" User-Agent="AZURECLI/2.75.0 (HOMEBREW)" Accept-Encoding="gzip, deflate" Authorization="Bas..." Cache-Control="no-cache" Content-Type="application/octet-stream" Cookie="ARRAffinity=a45adbe19489ea2b14e790f681e17ad6f03a5528ca730625ec513d016d2b4c91; ARRAffinitySameSite=a45adbe19489ea2b14e790f681e17ad6f03a5528ca730625ec513d016d2b4c91" Content-Length="19844" x-ms-client-request-id="4d9c78da-6c05-11f0-a97f-3ecdac25f1e6" x-ms-artifact-checksum="05937b5800db7436da49c9845331e38b0e1089c8e22b962086fc2cda014007dd" X-ARR-LOG-ID="4d9c78da-6c05-11f0-a97f-3ecdac25f1e6" CLIENT-IP="84.138.86.68:62371" X-SITE-DEPLOYMENT-ID="la-zeiterfassung-fyd4cge3d9e3cac4" WAS-DEFAULT-HOSTNAME="la-zeiterfassung-fyd4cge3d9e3cac4.scm.azurewebsites.net" X-Forwarded-Proto="https" X-AppService-Proto="https" X-Forwarded-TlsVersion="1.3" X-WAWS-Unencoded-URL="/api/publish?type=zip" X-Client-IP="84.138.86.68" X-Client-Port="62371" >
  <step title="OneDeploy" date="2025-07-28T22:50:56.749" >
    <step title="Starting PushDeployAsync" date="2025-07-28T22:50:56.789" /><!-- duration: 3ms -->
    <step title="Writing artifact to /tmp/zipdeploy/b4640dbd-330c-4dd4-9370-e1ce1b58147f.zip" date="2025-07-28T22:50:56.822" >
      <step title="Writing multipart request body to /tmp/zipdeploy/b4640dbd-330c-4dd4-9370-e1ce1b58147f.zip" date="2025-07-28T22:50:56.850" /><!-- duration: 20ms -->
    </step><!-- duration: 128ms -->
    <step title="Attempting to fetch target branch HEAD" date="2025-07-28T22:50:56.993" /><!-- duration: 20ms -->
    <step title="Acquiring Deployment Lock" date="2025-07-28T22:50:57.041" /><!-- duration: 12ms -->
    <step title="Acquired Deployment Lock" date="2025-07-28T22:50:57.122" /><!-- duration: 8ms -->
    <step title="Performing fetch based deployment" date="2025-07-28T22:50:57.151" >
      <step title="Creating temporary deployment" date="2025-07-28T22:50:57.181" /><!-- duration: 162ms -->
      <step title="Releasing Deployment Lock" date="2025-07-28T22:50:58.580" /><!-- duration: 19ms -->
      <step title="Cleaning up temp folders from previous zip deployments and extracting pushed zip file /tmp/zipdeploy/b4640dbd-330c-4dd4-9370-e1ce1b58147f.zip (0.02 MB) to /tmp/zipdeploy/extracted" date="2025-07-28T22:50:58.671" >
        <step title="ChmodRecursive Process exited with total time taken in ms: 140" date="2025-07-28T22:50:58.861" /><!-- duration: 32ms -->
      </step><!-- duration: 258ms -->
      <step title="None repository commit" date="2025-07-28T22:50:58.952" >
        <step title="Commit id: ae0be9d2-d1b4-41ec-abb2-c7c98fb67fbb" date="2025-07-28T22:50:58.963" Message="OneDeploy" AuthorName="N/A" AuthorEmail="N/A" /><!-- duration: 10ms -->
      </step><!-- duration: 50ms -->
      <step title="Deployment timer started" date="2025-07-28T22:51:01.019" >
        <step title="DeploymentManager.Deploy(id:ae0be9d2-d1b4-41ec-abb2-c7c98fb67fbb)" date="2025-07-28T22:51:01.039" >
          <step title="Collecting changeset information" date="2025-07-28T22:51:01.342" /><!-- duration: 131ms -->
          <step title="Updating submodules" date="2025-07-28T22:51:01.491" /><!-- duration: 1257ms -->
          <step title="Determining deployment builder" date="2025-07-28T22:51:03.168" >
            <step title="Builder is OryxBuilder" date="2025-07-28T22:51:03.208" /><!-- duration: 9ms -->
          </step><!-- duration: 58ms -->
          <step title="PreDeployment: context.CleanOutputPath False" date="2025-07-28T22:51:03.324" >
            <step title="PreDeployment: context.OutputPath /home/site/wwwroot" date="2025-07-28T22:51:03.537" >
              <step title="Building" date="2025-07-28T22:51:03.832" >
                <step title="Executing external process" date="2025-07-28T22:51:04.347" type="process" path="bash" arguments="-c &quot;oryx build /tmp/zipdeploy/extracted -o /home/site/wwwroot --platform python --platform-version 3.11 -p virtualenv_name=antenv --log-file /tmp/build-debug.log  -i /tmp/8ddce293ad3339d --compress-destination-dir | tee /tmp/oryx-build.log ; exit $PIPESTATUS &quot;" >
                  <step title="Error occurred" date="2025-07-28T22:52:43.341" type="error" text="GetParentProcessLinux (1441) failed.: Could not find a part of the path &apos;/proc/1441/stat&apos;." stackTrace="   at Interop.ThrowExceptionForIoErrno(ErrorInfo errorInfo, String path, Boolean isDirError)
   at Microsoft.Win32.SafeHandles.SafeFileHandle.Open(String fullPath, FileMode mode, FileAccess access, FileShare share, FileOptions options, Int64 preallocationSize, UnixFileMode openPermissions, Int64&amp; fileLength, UnixFileMode&amp; filePermissions, Boolean failForSymlink, Boolean&amp; wasSymlink, Func`4 createOpenException)
   at System.IO.Strategies.OSFileStreamStrategy..ctor(String path, FileMode mode, FileAccess access, FileShare share, FileOptions options, Int64 preallocationSize, Nullable`1 unixCreateMode)
   at System.IO.StreamReader.ValidateArgsAndOpenPath(String path, Encoding encoding, Int32 bufferSize)
   at System.IO.File.ReadLines(String path)
   at Kudu.Core.Infrastructure.ProcessExtensions.GetParentProcessLinux(Process process, ITracer tracer) in /tmp/KuduLite/Kudu.Core/Infrastructure/ProcessExtensions.cs:line 155" /><!-- duration: 62ms -->
                  <step title="Cpu: python(1394,18.130s)+ts(1395,0.120s)+build.sh(1393,0.000s)+build.sh(1392,0.000s)+build.sh(1304,0.070s)+oryx(1280,3.570s)+tee(1281,0.000s)+bash(1279,0.000s)=total(21.890s)" date="2025-07-28T22:52:44.891" /><!-- duration: 168ms -->
                  <step title="bash: no io activity for 61s, prev-cpu=-1.000s, current-cpu=21.890s" date="2025-07-28T22:52:45.261" /><!-- duration: 43ms -->
                  <step title="Cpu: gzip(1548,10.080s)+sh(1547,0.010s)+tar(1546,0.960s)+build.sh(1304,0.080s)+oryx(1280,4.710s)+tee(1281,0.000s)+bash(1279,0.000s)=total(15.830s)" date="2025-07-28T22:54:31.367" /><!-- duration: 29ms -->
                  <step title="bash: no io activity for 60s, prev-cpu=-1.000s, current-cpu=15.830s" date="2025-07-28T22:54:31.407" /><!-- duration: 12ms -->
                </step><!-- duration: 221124ms -->
                <step title="Using PythonDeploymentLogParser" date="2025-07-28T22:54:46.595" /><!-- duration: 34ms -->
                <step title="Modified file to trigger a restart of the app container." date="2025-07-28T22:54:48.512" /><!-- duration: 11ms -->
                <step title="Skip function trigger and logicapp sync because function is not enabled." date="2025-07-28T22:54:48.543" /><!-- duration: 11ms -->
                <step title="Purge deployment items" date="2025-07-28T22:54:49.850" >
                  <step title="Remove temp-4602, Pending, received at 07/28/2025 22:53:36" date="2025-07-28T22:54:49.992" /><!-- duration: 9ms -->
                  <step title="Remove temp-59c5, Pending, received at 07/28/2025 22:51:57" date="2025-07-28T22:54:50.273" /><!-- duration: 10ms -->
                </step><!-- duration: 452ms -->
              </step><!-- duration: 226649ms -->
            </step><!-- duration: 226955ms -->
            <step title="Cleaning up temp files" date="2025-07-28T22:54:50.495" /><!-- duration: 4343ms -->
            <step title="Cleaning up temp files" date="2025-07-28T22:54:54.860" /><!-- duration: 520ms -->
            <step title="Reloading status file with latest updates" date="2025-07-28T22:54:55.530" >
              <step title="WebHooksManager.PublishEventAsync: PostDeployment" date="2025-07-28T22:54:55.550" /><!-- duration: 111ms -->
            </step><!-- duration: 143ms -->
            <step title="Cleaning up temporary deployment - fetch deployment was successful" date="2025-07-28T22:54:55.720" /><!-- duration: 12ms -->
          </step><!-- duration: 232592ms -->
        </step><!-- duration: 234901ms -->
        <step title="Outgoing response" date="2025-07-28T22:54:55.989" type="response" statusCode="200" statusText="OK" /><!-- duration: 11ms -->
      </step><!-- duration: 235029ms -->
