<step title="Incoming Request" date="2025-07-31T18:21:25.222" instance="a45adb" url="/api/zipdeploy?isAsync=true" method="POST" type="request" pid="769,1,64" Accept="*/*" Host="la-zeiterfassung-fyd4cge3d9e3cac4.scm.azurewebsites.net" User-Agent="AZURECLI/2.75.0 (HOMEBREW)" Accept-Encoding="gzip, deflate" Authorization="Bas..." Cache-Control="no-cache" Content-Type="application/octet-stream" Cookie="ARRAffinity=a45adbe19489ea2b14e790f681e17ad6f03a5528ca730625ec513d016d2b4c91; ARRAffinitySameSite=a45adbe19489ea2b14e790f681e17ad6f03a5528ca730625ec513d016d2b4c91" Content-Length="33863" x-ms-client-request-id="27780880-6e3b-11f0-927a-3ecdac25f1e6" x-ms-artifact-checksum="db594386f77810a3a613fe9f8fe6657aa467be89e46440c6f2775e1a6867ab9f" X-ARR-LOG-ID="27780880-6e3b-11f0-927a-3ecdac25f1e6" CLIENT-IP="84.138.86.68:61076" X-SITE-DEPLOYMENT-ID="la-zeiterfassung-fyd4cge3d9e3cac4" WAS-DEFAULT-HOSTNAME="la-zeiterfassung-fyd4cge3d9e3cac4.scm.azurewebsites.net" X-Forwarded-Proto="https" X-AppService-Proto="https" X-Forwarded-TlsVersion="1.3" X-WAWS-Unencoded-URL="/api/zipdeploy?isAsync=true" X-Client-IP="84.138.86.68" X-Client-Port="61076" >
  <step title="ZipPushDeploy" date="2025-07-31T18:21:25.230" >
    <step title="ZipDeploy. Extract zip. Remote build." date="2025-07-31T18:21:25.237" /><!-- duration: 3ms -->
    <step title="Starting PushDeployAsync" date="2025-07-31T18:21:25.245" /><!-- duration: 5ms -->
    <step title="Writing artifact to /tmp/zipdeploy/862e0f05-9efe-4224-b3a4-7b8c36521b5c.zip" date="2025-07-31T18:21:25.268" >
      <step title="Writing multipart request body to /tmp/zipdeploy/862e0f05-9efe-4224-b3a4-7b8c36521b5c.zip" date="2025-07-31T18:21:25.271" /><!-- duration: 3ms -->
    </step><!-- duration: 38ms -->
    <step title="Removing previous build artifact&apos;s manifest file" date="2025-07-31T18:21:25.321" >
      <step title="Start deployment in the background" date="2025-07-31T18:21:25.335" >
        <step title="Acquiring Deployment Lock" date="2025-07-31T18:21:25.353" /><!-- duration: 5ms -->
        <step title="Acquired Deployment Lock" date="2025-07-31T18:21:25.393" /><!-- duration: 3ms -->
      </step><!-- duration: 160ms -->
    </step><!-- duration: 177ms -->
    <step title="Outgoing response" date="2025-07-31T18:21:25.501" type="response" statusCode="202" statusText="Accepted" /><!-- duration: 4ms -->
  </step><!-- duration: 278ms -->
