<step title="Incoming Request" date="2025-05-21T16:59:22.941" instance="e0f283" url="/api/deployments/latest?deployer=ms-azuretools-vscode&amp;time=2025-05-21_16-59-16Z" method="GET" type="request" pid="768,1,24" Host="la-zeiterfassung-fyd4cge3d9e3cac4.scm.germanywestcentral-01.azurewebsites.net" User-Agent="vscode-azureappservice/0.26.1 core-rest-pipeline/1.19.1 Node/20.19.0 OS/(arm64-Darwin-24.3.0)" Accept-Encoding="gzip,deflate" Accept-Language="de" Authorization="Bea..." x-ms-correlation-request-id="cf790af7-f24f-4d5c-8cc6-d1026d59ffe9" x-ms-client-request-id="047fa188-9872-4ce3-a246-04b58e03a9ab" X-ARR-LOG-ID="047fa188-9872-4ce3-a246-04b58e03a9ab" CLIENT-IP="84.138.91.166:60547" X-SITE-DEPLOYMENT-ID="LA-Zeiterfassung" WAS-DEFAULT-HOSTNAME="la-zeiterfassung-fyd4cge3d9e3cac4.scm.germanywestcentral-01.azurewebsites.net" X-Forwarded-Proto="https" X-AppService-Proto="https" X-Forwarded-TlsVersion="1.3" X-WAWS-Unencoded-URL="/api/deployments/latest?deployer=ms-azuretools-vscode&amp;time=2025-05-21_16-59-16Z" X-Client-IP="84.138.91.166" X-Client-Port="60547" >
  <step title="Cleanup Xml Logs" date="2025-05-21T16:59:22.951" /><!-- duration: 10ms -->
  <step title="DeploymentService.GetResult" date="2025-05-21T16:59:22.980" >
    <step title="DeploymentService.GetLatestDeployment" date="2025-05-21T16:59:22.990" >
      <step title="DeploymentManager.GetResults" date="2025-05-21T16:59:23.001" /><!-- duration: 454ms -->
      <step title="Deployment 83210939-af65-4bde-a058-d860bbc19aab is Building" date="2025-05-21T16:59:23.482" /><!-- duration: 2ms -->
    </step><!-- duration: 503ms -->
  </step><!-- duration: 515ms -->
  <step title="Outgoing response" date="2025-05-21T16:59:23.505" type="response" statusCode="202" statusText="Accepted" /><!-- duration: 8ms -->
</step><!-- duration: 583ms -->
