<step title="Incoming Request" date="2025-07-31T18:10:15.390" instance="a45adb" url="/api/deployments/latest" method="GET" type="request" pid="769,1,65" Accept="*/*" Host="la-zeiterfassung-fyd4cge3d9e3cac4.scm.azurewebsites.net" User-Agent="AZURECLI/2.75.0 (HOMEBREW)" Accept-Encoding="gzip, deflate" Authorization="Bas..." x-ms-client-request-id="940d35bc-6e39-11f0-85dc-3ecdac25f1e6" X-ARR-LOG-ID="940d35bc-6e39-11f0-85dc-3ecdac25f1e6" CLIENT-IP="84.138.86.68:60629" X-SITE-DEPLOYMENT-ID="la-zeiterfassung-fyd4cge3d9e3cac4" WAS-DEFAULT-HOSTNAME="la-zeiterfassung-fyd4cge3d9e3cac4.scm.azurewebsites.net" X-Forwarded-Proto="https" X-AppService-Proto="https" X-Forwarded-TlsVersion="1.3" X-WAWS-Unencoded-URL="/api/deployments/latest" X-Client-IP="84.138.86.68" X-Client-Port="60629" >
  <step title="Cleanup Xml Logs" date="2025-07-31T18:10:15.401" >
    <step title="Cleanup Infos" date="2025-07-31T18:10:15.438" totalFiles="236" totalCleanup="76" /><!-- duration: 3ms -->
  </step><!-- duration: 45ms -->
  <step title="DeploymentService.GetResult" date="2025-07-31T18:10:15.457" >
    <step title="DeploymentService.GetLatestDeployment" date="2025-07-31T18:10:15.461" >
      <step title="DeploymentManager.GetResults" date="2025-07-31T18:10:15.464" /><!-- duration: 498ms -->
    </step><!-- duration: 507ms -->
  </step><!-- duration: 515ms -->
  <step title="Outgoing response" date="2025-07-31T18:10:15.982" type="response" statusCode="202" statusText="Accepted" /><!-- duration: 4ms -->
</step><!-- duration: 599ms -->
