<step title="Incoming Request" date="2025-07-31T13:30:39.051" instance="a45adb" url="/api/zipdeploy?isAsync=true" method="POST" type="request" pid="769,1,39" Accept="*/*" Host="la-zeiterfassung-fyd4cge3d9e3cac4.scm.azurewebsites.net" User-Agent="AZURECLI/2.75.0 (HOMEBREW)" Accept-Encoding="gzip, deflate" Authorization="Bas..." Cache-Control="no-cache" Content-Type="application/octet-stream" Cookie="ARRAffinity=a45adbe19489ea2b14e790f681e17ad6f03a5528ca730625ec513d016d2b4c91; ARRAffinitySameSite=a45adbe19489ea2b14e790f681e17ad6f03a5528ca730625ec513d016d2b4c91" Content-Length="16670" x-ms-client-request-id="88892da8-6e12-11f0-95d6-3ecdac25f1e6" x-ms-artifact-checksum="1ecb773f900dff174daff7d3a6c4b562b2308ce3a28660438568b7e9586330b5" X-ARR-LOG-ID="88892da8-6e12-11f0-95d6-3ecdac25f1e6" CLIENT-IP="84.138.86.68:63373" X-SITE-DEPLOYMENT-ID="la-zeiterfassung-fyd4cge3d9e3cac4" WAS-DEFAULT-HOSTNAME="la-zeiterfassung-fyd4cge3d9e3cac4.scm.azurewebsites.net" X-Forwarded-Proto="https" X-AppService-Proto="https" X-Forwarded-TlsVersion="1.3" X-WAWS-Unencoded-URL="/api/zipdeploy?isAsync=true" X-Client-IP="84.138.86.68" X-Client-Port="63373" >
  <step title="ZipPushDeploy" date="2025-07-31T13:30:39.092" >
    <step title="ZipDeploy. Extract zip. Remote build." date="2025-07-31T13:30:39.102" /><!-- duration: 3ms -->
    <step title="Starting PushDeployAsync" date="2025-07-31T13:30:39.128" /><!-- duration: 3ms -->
    <step title="Writing artifact to /tmp/zipdeploy/c978d964-37f3-4e65-9630-d3d15c977ed7.zip" date="2025-07-31T13:30:39.147" >
      <step title="Writing multipart request body to /tmp/zipdeploy/c978d964-37f3-4e65-9630-d3d15c977ed7.zip" date="2025-07-31T13:30:39.151" /><!-- duration: 3ms -->
    </step><!-- duration: 98ms -->
    <step title="Removing previous build artifact&apos;s manifest file" date="2025-07-31T13:30:39.267" >
      <step title="Start deployment in the background" date="2025-07-31T13:30:39.298" >
        <step title="Acquiring Deployment Lock" date="2025-07-31T13:30:39.390" /><!-- duration: 8ms -->
        <step title="Acquired Deployment Lock" date="2025-07-31T13:30:39.430" /><!-- duration: 3ms -->
      </step><!-- duration: 218ms -->
    </step><!-- duration: 260ms -->
    <step title="Outgoing response" date="2025-07-31T13:30:39.531" type="response" statusCode="202" statusText="Accepted" /><!-- duration: 3ms -->
  </step><!-- duration: 446ms -->
