<step title="Incoming Request" date="2025-07-31T20:49:06.140" instance="a45adb" url="/api/zipdeploy?isAsync=true" method="POST" type="request" pid="770,1,3" Accept="*/*" Host="la-zeiterfassung-fyd4cge3d9e3cac4.scm.azurewebsites.net" User-Agent="AZURECLI/2.75.0 (HOMEBREW)" Accept-Encoding="gzip, deflate" Authorization="Bas..." Cache-Control="no-cache" Content-Type="application/octet-stream" Cookie="ARRAffinity=a45adbe19489ea2b14e790f681e17ad6f03a5528ca730625ec513d016d2b4c91; ARRAffinitySameSite=a45adbe19489ea2b14e790f681e17ad6f03a5528ca730625ec513d016d2b4c91" Content-Length="406731" x-ms-client-request-id="c7fc6314-6e4f-11f0-a3ec-3ecdac25f1e6" x-ms-artifact-checksum="83a42187171b01e56a6923caa2235a92f0b9f08aa676644054c80fec07f0d924" X-ARR-LOG-ID="c7fc6314-6e4f-11f0-a3ec-3ecdac25f1e6" CLIENT-IP="84.138.86.68:64209" X-SITE-DEPLOYMENT-ID="la-zeiterfassung-fyd4cge3d9e3cac4" WAS-DEFAULT-HOSTNAME="la-zeiterfassung-fyd4cge3d9e3cac4.scm.azurewebsites.net" X-Forwarded-Proto="https" X-AppService-Proto="https" X-Forwarded-TlsVersion="1.3" X-WAWS-Unencoded-URL="/api/zipdeploy?isAsync=true" X-Client-IP="84.138.86.68" X-Client-Port="64209" >
  <step title="Cleanup Xml Logs" date="2025-07-31T20:49:06.160" >
    <step title="Cleanup Infos" date="2025-07-31T20:49:06.531" totalFiles="399" totalCleanup="239" /><!-- duration: 31ms -->
  </step><!-- duration: 412ms -->
  <step title="ZipPushDeploy" date="2025-07-31T20:49:06.790" >
    <step title="ZipDeploy. Extract zip. Remote build." date="2025-07-31T20:49:06.941" /><!-- duration: 39ms -->
    <step title="Starting PushDeployAsync" date="2025-07-31T20:49:07.000" /><!-- duration: 9ms -->
    <step title="Writing artifact to /tmp/zipdeploy/c8e5c592-9ad1-4abd-a922-ae1f28137b05.zip" date="2025-07-31T20:49:07.131" >
      <step title="Writing multipart request body to /tmp/zipdeploy/c8e5c592-9ad1-4abd-a922-ae1f28137b05.zip" date="2025-07-31T20:49:07.170" /><!-- duration: 40ms -->
    </step><!-- duration: 484ms -->
    <step title="Removing previous build artifact&apos;s manifest file" date="2025-07-31T20:49:07.706" >
      <step title="Start deployment in the background" date="2025-07-31T20:49:07.855" >
        <step title="Acquiring Deployment Lock" date="2025-07-31T20:49:08.015" /><!-- duration: 10ms -->
        <step title="Acquired Deployment Lock" date="2025-07-31T20:49:08.137" /><!-- duration: 108ms -->
      </step><!-- duration: 1065ms -->
    </step><!-- duration: 1325ms -->
    <step title="Outgoing response" date="2025-07-31T20:49:09.121" type="response" statusCode="202" statusText="Accepted" /><!-- duration: 18ms -->
  </step><!-- duration: 2360ms -->
