<step title="Incoming Request" date="2025-05-21T19:12:31.110" instance="e0f283" url="/api/zipdeploy?author=ms-azuretools-vscode&amp;deployer=ms-azuretools-vscode&amp;isAsync=true&amp;trackDeploymentId=true" method="POST" type="request" pid="776,1,79" Host="la-zeiterfassung-fyd4cge3d9e3cac4.scm.germanywestcentral-01.azurewebsites.net" User-Agent="vscode-azureappservice/0.26.1 core-rest-pipeline/1.19.1 Node/20.19.0 OS/(arm64-Darwin-24.3.0)" Accept-Encoding="gzip,deflate" Accept-Language="de" Authorization="Bea..." Transfer-Encoding="chunked" x-ms-correlation-request-id="c54e854b-1a9e-4f3f-9a39-3606dd328365" x-ms-client-request-id="9fea955a-3855-4041-8b5a-33157d8334f4" X-ARR-LOG-ID="9fea955a-3855-4041-8b5a-33157d8334f4" CLIENT-IP="84.138.91.166:61584" X-SITE-DEPLOYMENT-ID="LA-Zeiterfassung" WAS-DEFAULT-HOSTNAME="la-zeiterfassung-fyd4cge3d9e3cac4.scm.germanywestcentral-01.azurewebsites.net" X-Forwarded-Proto="https" X-AppService-Proto="https" X-Forwarded-TlsVersion="1.3" X-WAWS-Unencoded-URL="/api/zipdeploy?author=ms-azuretools-vscode&amp;deployer=ms-azuretools-vscode&amp;isAsync=true&amp;trackDeploymentId=true" X-Client-IP="84.138.91.166" X-Client-Port="61584" >
  <step title="Cleanup Xml Logs" date="2025-05-21T19:12:31.114" >
    <step title="Cleanup Infos" date="2025-05-21T19:12:31.126" totalFiles="274" totalCleanup="114" /><!-- duration: 10ms -->
  </step><!-- duration: 26ms -->
  <step title="ZipPushDeploy" date="2025-05-21T19:12:31.155" >
    <step title="ZipDeploy. Extract zip." date="2025-05-21T19:12:31.164" /><!-- duration: 2ms -->
    <step title="Starting PushDeployAsync" date="2025-05-21T19:12:31.172" /><!-- duration: 3ms -->
    <step title="Error occurred" date="2025-05-21T19:12:31.231" type="error" text="Error removing symlink: Path doesn&apos;t exist!" stackTrace="   at Mono.Unix.UnixFileSystemInfo.AssertValid()
   at Kudu.Services.Deployment.PushDeploymentController.PushDeployAsync(ArtifactDeploymentInfo deploymentInfo, Boolean isAsync, HttpContext context, JObject requestJson) in /tmp/KuduLite/Kudu.Services/Deployment/PushDeploymentController.cs:line 887" /><!-- duration: 13ms -->
    <step title="Writing artifact to /tmp/zipdeploy/b50d1042-7e36-442b-9074-e753c8dc9551.zip" date="2025-05-21T19:12:31.265" >
      <step title="Writing multipart request body to /tmp/zipdeploy/b50d1042-7e36-442b-9074-e753c8dc9551.zip" date="2025-05-21T19:12:31.275" /><!-- duration: 3ms -->
    </step><!-- duration: 101ms -->
    <step title="Removing previous build artifact&apos;s manifest file" date="2025-05-21T19:12:31.381" >
      <step title="Start deployment in the background" date="2025-05-21T19:12:31.406" >
        <step title="Acquiring Deployment Lock" date="2025-05-21T19:12:31.429" /><!-- duration: 3ms -->
        <step title="Acquired Deployment Lock" date="2025-05-21T19:12:31.498" /><!-- duration: 5ms -->
      </step><!-- duration: 180ms -->
    </step><!-- duration: 211ms -->
    <step title="Outgoing response" date="2025-05-21T19:12:31.596" type="response" statusCode="202" statusText="Accepted" /><!-- duration: 2ms -->
  </step><!-- duration: 447ms -->
