<step title="Incoming Request" date="2025-07-31T18:45:40.202" instance="a45adb" url="/api/zipdeploy?isAsync=true" method="POST" type="request" pid="769,1,51" Accept="*/*" Host="la-zeiterfassung-fyd4cge3d9e3cac4.scm.azurewebsites.net" User-Agent="AZURECLI/2.75.0 (HOMEBREW)" Accept-Encoding="gzip, deflate" Authorization="Bas..." Cache-Control="no-cache" Content-Type="application/octet-stream" Cookie="ARRAffinity=a45adbe19489ea2b14e790f681e17ad6f03a5528ca730625ec513d016d2b4c91; ARRAffinitySameSite=a45adbe19489ea2b14e790f681e17ad6f03a5528ca730625ec513d016d2b4c91" Content-Length="33863" x-ms-client-request-id="8b137d86-6e3e-11f0-af55-3ecdac25f1e6" x-ms-artifact-checksum="7f55bda9f23c8fcd73eed566c37d89d6929f5bd61f323bc00b8f1b65ad9ca8d9" X-ARR-LOG-ID="8b137d86-6e3e-11f0-af55-3ecdac25f1e6" CLIENT-IP="84.138.86.68:64795" X-SITE-DEPLOYMENT-ID="la-zeiterfassung-fyd4cge3d9e3cac4" WAS-DEFAULT-HOSTNAME="la-zeiterfassung-fyd4cge3d9e3cac4.scm.azurewebsites.net" X-Forwarded-Proto="https" X-AppService-Proto="https" X-Forwarded-TlsVersion="1.3" X-WAWS-Unencoded-URL="/api/zipdeploy?isAsync=true" X-Client-IP="84.138.86.68" X-Client-Port="64795" >
  <step title="ZipPushDeploy" date="2025-07-31T18:45:40.213" >
    <step title="ZipDeploy. Extract zip. Remote build." date="2025-07-31T18:45:40.222" /><!-- duration: 2ms -->
    <step title="Starting PushDeployAsync" date="2025-07-31T18:45:40.229" /><!-- duration: 3ms -->
    <step title="Writing artifact to /tmp/zipdeploy/04ae1729-70b7-4102-9cdd-15a34cc75a81.zip" date="2025-07-31T18:45:40.243" >
      <step title="Writing multipart request body to /tmp/zipdeploy/04ae1729-70b7-4102-9cdd-15a34cc75a81.zip" date="2025-07-31T18:45:40.246" /><!-- duration: 4ms -->
    </step><!-- duration: 49ms -->
    <step title="Removing previous build artifact&apos;s manifest file" date="2025-07-31T18:45:40.303" >
      <step title="Start deployment in the background" date="2025-07-31T18:45:40.314" >
        <step title="Acquiring Deployment Lock" date="2025-07-31T18:45:40.342" /><!-- duration: 4ms -->
        <step title="Acquired Deployment Lock" date="2025-07-31T18:45:40.383" /><!-- duration: 3ms -->
      </step><!-- duration: 160ms -->
    </step><!-- duration: 177ms -->
    <step title="Outgoing response" date="2025-07-31T18:45:40.485" type="response" statusCode="202" statusText="Accepted" /><!-- duration: 3ms -->
  </step><!-- duration: 279ms -->
