<step title="BackgroundTrace" date="2025-05-21T17:58:52.329" instance="e0f283" url="/api/zipdeploy" method="POST" >
  <step title="Creating temporary deployment - FetchDeploymentManager" date="2025-05-21T17:58:52.403" /><!-- duration: 3ms -->
  <step title="Creating temporary deployment" date="2025-05-21T17:58:52.409" /><!-- duration: 72ms -->
  <step title="Performing fetch based deployment" date="2025-05-21T17:58:52.511" >
    <step title="Cleaning up temp folders from previous zip deployments and extracting pushed zip file /tmp/zipdeploy/a1d6652a-3bd9-46f5-96af-3b2e55cd8d6a.zip (0.01 MB) to /tmp/zipdeploy/extracted" date="2025-05-21T17:58:53.940" >
      <step title="ChmodRecursive Process exited with total time taken in ms: 72" date="2025-05-21T17:58:54.056" /><!-- duration: 17ms -->
    </step><!-- duration: 146ms -->
    <step title="Deployment timer started" date="2025-05-21T17:58:56.126" >
      <step title="DeploymentManager.Deploy(id:63226262-6f0c-44ee-b308-c4f7c2f9a4dd)" date="2025-05-21T17:58:56.132" >
        <step title="Collecting changeset information" date="2025-05-21T17:58:56.222" /><!-- duration: 97ms -->
        <step title="Updating submodules" date="2025-05-21T17:58:56.327" /><!-- duration: 1108ms -->
        <step title="Determining deployment builder" date="2025-05-21T17:58:57.654" >
          <step title="Builder is OryxBuilder" date="2025-05-21T17:58:57.681" /><!-- duration: 11ms -->
        </step><!-- duration: 42ms -->
        <step title="PreDeployment: context.CleanOutputPath False" date="2025-05-21T17:58:57.791" >
          <step title="PreDeployment: context.OutputPath /home/site/wwwroot" date="2025-05-21T17:58:57.910" >
            <step title="Building" date="2025-05-21T17:58:58.035" >
              <step title="Executing external process" date="2025-05-21T17:58:58.275" type="process" path="bash" arguments="-c &quot;oryx build /tmp/zipdeploy/extracted -o /home/site/wwwroot --platform python --platform-version 3.11 -p virtualenv_name=antenv --log-file /tmp/build-debug.log  -i /tmp/8dd989128b39d99 --compress-destination-dir | tee /tmp/oryx-build.log ; exit $PIPESTATUS &quot;" /><!-- duration: 62319ms -->
              <step title="Using PythonDeploymentLogParser" date="2025-05-21T18:00:00.856" /><!-- duration: 9ms -->
              <step title="Triggering recycle (preview mode disabled)." date="2025-05-21T18:00:02.233" /><!-- duration: 5ms -->
              <step title="Modified file to trigger a restart of the app container." date="2025-05-21T18:00:02.467" /><!-- duration: 10ms -->
              <step title="Skip function trigger and logicapp sync because function is not enabled." date="2025-05-21T18:00:02.515" /><!-- duration: 13ms -->
            </step><!-- duration: 66253ms -->
          </step><!-- duration: 66398ms -->
          <step title="Cleaning up temp files" date="2025-05-21T18:00:04.317" /><!-- duration: 1097ms -->
          <step title="Cleaning up temp files" date="2025-05-21T18:00:05.434" /><!-- duration: 534ms -->
          <step title="Reloading status file with latest updates" date="2025-05-21T18:00:06.048" >
            <step title="WebHooksManager.PublishEventAsync: PostDeployment" date="2025-05-21T18:00:06.058" /><!-- duration: 100ms -->
          </step><!-- duration: 129ms -->
          <step title="Cleaning up temporary deployment - fetch deployment was successful" date="2025-05-21T18:00:06.198" /><!-- duration: 18ms -->
        </step><!-- duration: 68557ms -->
      </step><!-- duration: 70295ms -->
