<step title="Incoming Request" date="2025-05-21T20:45:30.035" instance="e0f283" url="/api/deployments/latest?deployer=ms-azuretools-vscode&amp;time=2025-05-21_20-45-24Z" method="GET" type="request" pid="770,1,36" Host="la-zeiterfassung-fyd4cge3d9e3cac4.scm.germanywestcentral-01.azurewebsites.net" User-Agent="vscode-azureappservice/0.26.1 core-rest-pipeline/1.19.1 Node/20.19.0 OS/(arm64-Darwin-24.3.0)" Accept-Encoding="gzip,deflate" Accept-Language="de" Authorization="Bea..." x-ms-correlation-request-id="409fe972-4689-4468-a71e-d9127bbd4d1a" x-ms-client-request-id="f1a90c1f-eb9f-443f-90c6-fe93407691c1" X-ARR-LOG-ID="f1a90c1f-eb9f-443f-90c6-fe93407691c1" CLIENT-IP="84.138.91.166:60440" X-SITE-DEPLOYMENT-ID="LA-Zeiterfassung" WAS-DEFAULT-HOSTNAME="la-zeiterfassung-fyd4cge3d9e3cac4.scm.germanywestcentral-01.azurewebsites.net" X-Forwarded-Proto="https" X-AppService-Proto="https" X-Forwarded-TlsVersion="1.3" X-WAWS-Unencoded-URL="/api/deployments/latest?deployer=ms-azuretools-vscode&amp;time=2025-05-21_20-45-24Z" X-Client-IP="84.138.91.166" X-Client-Port="60440" >
  <step title="Cleanup Xml Logs" date="2025-05-21T20:45:30.053" >
    <step title="Cleanup Infos" date="2025-05-21T20:45:30.133" totalFiles="438" totalCleanup="278" /><!-- duration: 20ms -->
  </step><!-- duration: 131ms -->
  <step title="DeploymentService.GetResult" date="2025-05-21T20:45:30.214" >
    <step title="DeploymentService.GetLatestDeployment" date="2025-05-21T20:45:30.225" >
      <step title="DeploymentManager.GetResults" date="2025-05-21T20:45:30.235" /><!-- duration: 805ms -->
    </step><!-- duration: 834ms -->
  </step><!-- duration: 854ms -->
  <step title="Outgoing response" date="2025-05-21T20:45:31.131" type="response" statusCode="202" statusText="Accepted" /><!-- duration: 9ms -->
</step><!-- duration: 1114ms -->
