<step title="Incoming Request" date="2025-07-29T07:34:55.349" instance="a45adb" url="/api/publish?type=zip" method="POST" type="request" pid="769,1,22" Accept="*/*" Host="la-zeiterfassung-fyd4cge3d9e3cac4.scm.azurewebsites.net" User-Agent="AZURECLI/2.75.0 (HOMEBREW)" Accept-Encoding="gzip, deflate" Authorization="Bas..." Cache-Control="no-cache" Content-Type="application/octet-stream" Cookie="ARRAffinity=a45adbe19489ea2b14e790f681e17ad6f03a5528ca730625ec513d016d2b4c91; ARRAffinitySameSite=a45adbe19489ea2b14e790f681e17ad6f03a5528ca730625ec513d016d2b4c91" Content-Length="4244" x-ms-client-request-id="813d5b0c-6c4e-11f0-9aab-3ecdac25f1e6" x-ms-artifact-checksum="b50b8c189da57180614b91282a1ef46a1cd71b72a5f9019b4b66847ca9b31b3b" X-ARR-LOG-ID="813d5b0c-6c4e-11f0-9aab-3ecdac25f1e6" CLIENT-IP="84.138.86.68:60919" X-SITE-DEPLOYMENT-ID="la-zeiterfassung-fyd4cge3d9e3cac4" WAS-DEFAULT-HOSTNAME="la-zeiterfassung-fyd4cge3d9e3cac4.scm.azurewebsites.net" X-Forwarded-Proto="https" X-AppService-Proto="https" X-Forwarded-TlsVersion="1.3" X-WAWS-Unencoded-URL="/api/publish?type=zip" X-Client-IP="84.138.86.68" X-Client-Port="60919" >
  <step title="OneDeploy" date="2025-07-29T07:34:55.366" >
    <step title="Starting PushDeployAsync" date="2025-07-29T07:34:55.375" /><!-- duration: 4ms -->
    <step title="Writing artifact to /tmp/zipdeploy/2eb4f69b-3b9e-44db-b851-59755b3cbc68.zip" date="2025-07-29T07:34:55.408" >
      <step title="Writing multipart request body to /tmp/zipdeploy/2eb4f69b-3b9e-44db-b851-59755b3cbc68.zip" date="2025-07-29T07:34:55.424" /><!-- duration: 13ms -->
    </step><!-- duration: 105ms -->
    <step title="Removing previous build artifact&apos;s manifest file" date="2025-07-29T07:34:55.534" >
      <step title="Attempting to fetch target branch HEAD" date="2025-07-29T07:34:55.566" /><!-- duration: 11ms -->
      <step title="Acquiring Deployment Lock" date="2025-07-29T07:34:55.593" /><!-- duration: 3ms -->
      <step title="Acquired Deployment Lock" date="2025-07-29T07:34:55.664" /><!-- duration: 3ms -->
      <step title="Performing fetch based deployment" date="2025-07-29T07:34:55.674" >
        <step title="Creating temporary deployment" date="2025-07-29T07:34:55.680" /><!-- duration: 75ms -->
        <step title="Releasing Deployment Lock" date="2025-07-29T07:34:56.909" /><!-- duration: 4ms -->
        <step title="Cleaning up temp folders from previous zip deployments and extracting pushed zip file /tmp/zipdeploy/2eb4f69b-3b9e-44db-b851-59755b3cbc68.zip (0.00 MB) to /tmp/zipdeploy/extracted" date="2025-07-29T07:34:56.949" >
          <step title="ChmodRecursive Process exited with total time taken in ms: 79" date="2025-07-29T07:34:57.068" /><!-- duration: 11ms -->
        </step><!-- duration: 148ms -->
        <step title="None repository commit" date="2025-07-29T07:34:57.101" >
          <step title="Commit id: 6b28e49c-ecdc-4f07-a09e-ee5c24103915" date="2025-07-29T07:34:57.109" Message="OneDeploy" AuthorName="N/A" AuthorEmail="N/A" /><!-- duration: 8ms -->
        </step><!-- duration: 37ms -->
        <step title="Deployment timer started" date="2025-07-29T07:34:59.146" >
          <step title="DeploymentManager.Deploy(id:6b28e49c-ecdc-4f07-a09e-ee5c24103915)" date="2025-07-29T07:34:59.164" >
            <step title="Collecting changeset information" date="2025-07-29T07:34:59.232" /><!-- duration: 172ms -->
            <step title="Updating submodules" date="2025-07-29T07:34:59.427" /><!-- duration: 1179ms -->
            <step title="Determining deployment builder" date="2025-07-29T07:35:00.820" >
              <step title="Builder is OryxBuilder" date="2025-07-29T07:35:00.855" /><!-- duration: 4ms -->
            </step><!-- duration: 43ms -->
            <step title="PreDeployment: context.CleanOutputPath False" date="2025-07-29T07:35:00.908" >
              <step title="PreDeployment: context.OutputPath /home/site/wwwroot" date="2025-07-29T07:35:01.021" >
                <step title="Building" date="2025-07-29T07:35:01.155" >
                  <step title="Executing external process" date="2025-07-29T07:35:01.540" type="process" path="bash" arguments="-c &quot;oryx build /tmp/zipdeploy/extracted -o /home/site/wwwroot --platform python --platform-version 3.11 -p virtualenv_name=antenv --log-file /tmp/build-debug.log  -i /tmp/8ddce726d1cdb9e --compress-destination-dir | tee /tmp/oryx-build.log ; exit $PIPESTATUS &quot;" /><!-- duration: 44267ms -->
                  <step title="Using PythonDeploymentLogParser" date="2025-07-29T07:35:46.220" /><!-- duration: 3ms -->
                  <step title="Modified file to trigger a restart of the app container." date="2025-07-29T07:35:47.352" /><!-- duration: 4ms -->
                  <step title="Skip function trigger and logicapp sync because function is not enabled." date="2025-07-29T07:35:47.361" /><!-- duration: 8ms -->
                  <step title="Purge deployment items" date="2025-07-29T07:35:48.382" >
                    <step title="Remove fad43ab8-, Success, received at 07/29/2025 06:02:57" date="2025-07-29T07:35:48.427" /><!-- duration: 7ms -->
                  </step><!-- duration: 54ms -->
                </step><!-- duration: 47346ms -->
              </step><!-- duration: 47484ms -->
              <step title="Cleaning up temp files" date="2025-07-29T07:35:48.508" /><!-- duration: 1948ms -->
              <step title="Cleaning up temp files" date="2025-07-29T07:35:50.463" /><!-- duration: 516ms -->
              <step title="Reloading status file with latest updates" date="2025-07-29T07:35:51.039" >
                <step title="WebHooksManager.PublishEventAsync: PostDeployment" date="2025-07-29T07:35:51.048" /><!-- duration: 36ms -->
              </step><!-- duration: 47ms -->
              <step title="Cleaning up temporary deployment - fetch deployment was successful" date="2025-07-29T07:35:51.091" /><!-- duration: 3ms -->
            </step><!-- duration: 50259ms -->
          </step><!-- duration: 52008ms -->
          <step title="Outgoing response" date="2025-07-29T07:35:51.177" type="response" statusCode="200" statusText="OK" /><!-- duration: 3ms -->
        </step><!-- duration: 52036ms -->
