<step title="Incoming Request" date="2025-07-31T13:37:16.820" instance="a45adb" url="/api/zipdeploy?isAsync=true" method="POST" type="request" pid="769,1,39" Accept="*/*" Host="la-zeiterfassung-fyd4cge3d9e3cac4.scm.azurewebsites.net" User-Agent="AZURECLI/2.75.0 (HOMEBREW)" Accept-Encoding="gzip, deflate" Authorization="Bas..." Cache-Control="no-cache" Content-Type="application/octet-stream" Cookie="ARRAffinity=a45adbe19489ea2b14e790f681e17ad6f03a5528ca730625ec513d016d2b4c91; ARRAffinitySameSite=a45adbe19489ea2b14e790f681e17ad6f03a5528ca730625ec513d016d2b4c91" Content-Length="20426" x-ms-client-request-id="7535caa8-6e13-11f0-8937-3ecdac25f1e6" x-ms-artifact-checksum="ab5c54343ece0473e52f91d319ad84caa6ba3f2d5455438dbeb6608ac64a8535" X-ARR-LOG-ID="7535caa8-6e13-11f0-8937-3ecdac25f1e6" CLIENT-IP="84.138.86.68:65044" X-SITE-DEPLOYMENT-ID="la-zeiterfassung-fyd4cge3d9e3cac4" WAS-DEFAULT-HOSTNAME="la-zeiterfassung-fyd4cge3d9e3cac4.scm.azurewebsites.net" X-Forwarded-Proto="https" X-AppService-Proto="https" X-Forwarded-TlsVersion="1.3" X-WAWS-Unencoded-URL="/api/zipdeploy?isAsync=true" X-Client-IP="84.138.86.68" X-Client-Port="65044" >
  <step title="ZipPushDeploy" date="2025-07-31T13:37:16.873" >
    <step title="ZipDeploy. Extract zip. Remote build." date="2025-07-31T13:37:16.920" /><!-- duration: 3ms -->
    <step title="Starting PushDeployAsync" date="2025-07-31T13:37:16.972" /><!-- duration: 11ms -->
    <step title="Writing artifact to /tmp/zipdeploy/baaac8a7-bddc-4a66-b211-77ec01bd8bd0.zip" date="2025-07-31T13:37:17.013" >
      <step title="Writing multipart request body to /tmp/zipdeploy/baaac8a7-bddc-4a66-b211-77ec01bd8bd0.zip" date="2025-07-31T13:37:17.181" /><!-- duration: 3ms -->
    </step><!-- duration: 429ms -->
    <step title="Removing previous build artifact&apos;s manifest file" date="2025-07-31T13:37:17.464" >
      <step title="Start deployment in the background" date="2025-07-31T13:37:17.505" >
        <step title="Acquiring Deployment Lock" date="2025-07-31T13:37:17.584" /><!-- duration: 10ms -->
        <step title="Acquired Deployment Lock" date="2025-07-31T13:37:17.653" /><!-- duration: 33ms -->
      </step><!-- duration: 389ms -->
    </step><!-- duration: 473ms -->
    <step title="Outgoing response" date="2025-07-31T13:37:18.116" type="response" statusCode="202" statusText="Accepted" /><!-- duration: 9ms -->
  </step><!-- duration: 1260ms -->
