<step title="Incoming Request" date="2025-05-21T18:26:33.198" instance="e0f283" url="/api/zipdeploy?author=ms-azuretools-vscode&amp;deployer=ms-azuretools-vscode&amp;isAsync=true&amp;trackDeploymentId=true" method="POST" type="request" pid="776,1,5" Host="la-zeiterfassung-fyd4cge3d9e3cac4.scm.germanywestcentral-01.azurewebsites.net" User-Agent="vscode-azureappservice/0.26.1 core-rest-pipeline/1.19.1 Node/20.19.0 OS/(arm64-Darwin-24.3.0)" Accept-Encoding="gzip,deflate" Accept-Language="de" Authorization="Bea..." Transfer-Encoding="chunked" x-ms-correlation-request-id="34b530fc-22f2-4f59-9250-6748f2d119a2" x-ms-client-request-id="ee2c11bc-6738-4990-b679-f306a217356f" X-ARR-LOG-ID="ee2c11bc-6738-4990-b679-f306a217356f" CLIENT-IP="84.138.91.166:59632" X-SITE-DEPLOYMENT-ID="LA-Zeiterfassung" WAS-DEFAULT-HOSTNAME="la-zeiterfassung-fyd4cge3d9e3cac4.scm.germanywestcentral-01.azurewebsites.net" X-Forwarded-Proto="https" X-AppService-Proto="https" X-Forwarded-TlsVersion="1.3" X-WAWS-Unencoded-URL="/api/zipdeploy?author=ms-azuretools-vscode&amp;deployer=ms-azuretools-vscode&amp;isAsync=true&amp;trackDeploymentId=true" X-Client-IP="84.138.91.166" X-Client-Port="59632" >
  <step title="Cleanup Xml Logs" date="2025-05-21T18:26:33.201" >
    <step title="Cleanup Infos" date="2025-05-21T18:26:33.211" totalFiles="231" totalCleanup="71" /><!-- duration: 5ms -->
  </step><!-- duration: 17ms -->
  <step title="ZipPushDeploy" date="2025-05-21T18:26:33.229" >
    <step title="ZipDeploy. Extract zip." date="2025-05-21T18:26:33.237" /><!-- duration: 2ms -->
    <step title="Starting PushDeployAsync" date="2025-05-21T18:26:33.245" /><!-- duration: 2ms -->
    <step title="Error occurred" date="2025-05-21T18:26:33.268" type="error" text="Error removing symlink: Path doesn&apos;t exist!" stackTrace="   at Mono.Unix.UnixFileSystemInfo.AssertValid()
   at Mono.Unix.UnixFileSystemInfo.get_FileType()
   at Kudu.Services.Deployment.PushDeploymentController.PushDeployAsync(ArtifactDeploymentInfo deploymentInfo, Boolean isAsync, HttpContext context, JObject requestJson) in /tmp/KuduLite/Kudu.Services/Deployment/PushDeploymentController.cs:line 740" /><!-- duration: 8ms -->
    <step title="Writing artifact to /tmp/zipdeploy/1e698e4a-c068-4d78-8cb8-7724d1939d19.zip" date="2025-05-21T18:26:33.296" >
      <step title="Writing multipart request body to /tmp/zipdeploy/1e698e4a-c068-4d78-8cb8-7724d1939d19.zip" date="2025-05-21T18:26:33.299" /><!-- duration: 9ms -->
    </step><!-- duration: 31ms -->
    <step title="Removing previous build artifact&apos;s manifest file" date="2025-05-21T18:26:33.347" >
      <step title="Start deployment in the background" date="2025-05-21T18:26:33.401" >
        <step title="Acquiring Deployment Lock" date="2025-05-21T18:26:33.419" /><!-- duration: 8ms -->
        <step title="Acquired Deployment Lock" date="2025-05-21T18:26:33.458" /><!-- duration: 5ms -->
      </step><!-- duration: 151ms -->
    </step><!-- duration: 213ms -->
    <step title="Outgoing response" date="2025-05-21T18:26:33.563" type="response" statusCode="202" statusText="Accepted" /><!-- duration: 3ms -->
  </step><!-- duration: 340ms -->
