<step title="BackgroundTrace" date="2025-07-31T18:14:17.492" instance="a45adb" url="/api/zipdeploy" method="POST" >
  <step title="Creating temporary deployment - FetchDeploymentManager" date="2025-07-31T18:14:17.557" /><!-- duration: 3ms -->
  <step title="Creating temporary deployment" date="2025-07-31T18:14:17.564" /><!-- duration: 85ms -->
  <step title="Performing fetch based deployment" date="2025-07-31T18:14:17.682" >
    <step title="Cleaning up temp folders from previous zip deployments and extracting pushed zip file /tmp/zipdeploy/b65c9cc0-ef04-447b-934d-9ae9ce188699.zip (0.03 MB) to /tmp/zipdeploy/extracted" date="2025-07-31T18:14:18.853" >
      <step title="ChmodRecursive Process exited with total time taken in ms: 50" date="2025-07-31T18:14:18.969" /><!-- duration: 17ms -->
    </step><!-- duration: 145ms -->
    <step title="Deployment timer started" date="2025-07-31T18:14:21.029" >
      <step title="DeploymentManager.Deploy(id:8b9969bd-560b-4fad-8b6a-7b234672a70a)" date="2025-07-31T18:14:21.040" >
        <step title="Collecting changeset information" date="2025-07-31T18:14:21.073" /><!-- duration: 131ms -->
        <step title="Updating submodules" date="2025-07-31T18:14:21.224" /><!-- duration: 1110ms -->
        <step title="Determining deployment builder" date="2025-07-31T18:14:22.537" >
          <step title="Builder is OryxBuilder" date="2025-07-31T18:14:22.560" /><!-- duration: 9ms -->
        </step><!-- duration: 37ms -->
        <step title="PreDeployment: context.CleanOutputPath False" date="2025-07-31T18:14:22.616" >
          <step title="PreDeployment: context.OutputPath /home/site/wwwroot" date="2025-07-31T18:14:22.732" >
            <step title="Building" date="2025-07-31T18:14:22.854" >
              <step title="Executing external process" date="2025-07-31T18:14:23.296" type="process" path="bash" arguments="-c &quot;oryx build /tmp/zipdeploy/extracted -o /home/site/wwwroot --platform python --platform-version 3.11 -p virtualenv_name=antenv --log-file /tmp/build-debug.log  -i /tmp/8ddd05e134cfd54 --compress-destination-dir | tee /tmp/oryx-build.log ; exit $PIPESTATUS &quot;" /><!-- duration: 66605ms -->
              <step title="Using PythonDeploymentLogParser" date="2025-07-31T18:15:30.249" /><!-- duration: 11ms -->
              <step title="Triggering recycle (preview mode disabled)." date="2025-07-31T18:15:31.410" /><!-- duration: 8ms -->
              <step title="Modified file to trigger a restart of the app container." date="2025-07-31T18:15:31.446" /><!-- duration: 3ms -->
              <step title="Skip function trigger and logicapp sync because function is not enabled." date="2025-07-31T18:15:31.454" /><!-- duration: 10ms -->
              <step title="Purge deployment items" date="2025-07-31T18:15:32.444" >
                <step title="Remove d55555a9-, Success, received at 07/31/2025 13:48:52" date="2025-07-31T18:15:32.537" /><!-- duration: 3ms -->
              </step><!-- duration: 103ms -->
            </step><!-- duration: 69765ms -->
          </step><!-- duration: 69896ms -->
          <step title="Cleaning up temp files" date="2025-07-31T18:15:32.632" /><!-- duration: 1921ms -->
          <step title="Cleaning up temp files" date="2025-07-31T18:15:34.568" /><!-- duration: 517ms -->
          <step title="Reloading status file with latest updates" date="2025-07-31T18:15:35.123" >
            <step title="WebHooksManager.PublishEventAsync: PostDeployment" date="2025-07-31T18:15:35.134" /><!-- duration: 40ms -->
          </step><!-- duration: 54ms -->
          <step title="Cleaning up temporary deployment - fetch deployment was successful" date="2025-07-31T18:15:35.182" /><!-- duration: 3ms -->
        </step><!-- duration: 72610ms -->
      </step><!-- duration: 74200ms -->
