<step title="BackgroundTrace" date="2025-05-21T17:19:47.403" instance="e0f283" url="/api/zipdeploy" method="POST" >
  <step title="Creating temporary deployment - FetchDeploymentManager" date="2025-05-21T17:19:47.474" /><!-- duration: 3ms -->
  <step title="Creating temporary deployment" date="2025-05-21T17:19:47.494" /><!-- duration: 73ms -->
  <step title="Performing fetch based deployment" date="2025-05-21T17:19:47.672" >
    <step title="Cleaning up temp folders from previous zip deployments and extracting pushed zip file /tmp/zipdeploy/52cc104a-fdfb-426b-b3f6-99c5125ce422.zip (0.01 MB) to /tmp/zipdeploy/extracted" date="2025-05-21T17:19:48.860" >
      <step title="ChmodRecursive Process exited with total time taken in ms: 178" date="2025-05-21T17:19:49.098" /><!-- duration: 23ms -->
    </step><!-- duration: 267ms -->
    <step title="Deployment timer started" date="2025-05-21T17:19:51.151" >
      <step title="DeploymentManager.Deploy(id:c4034f73-da3d-4749-aff8-072402b6cc31)" date="2025-05-21T17:19:51.156" >
        <step title="Collecting changeset information" date="2025-05-21T17:19:51.206" /><!-- duration: 107ms -->
        <step title="Updating submodules" date="2025-05-21T17:19:51.322" /><!-- duration: 1112ms -->
        <step title="Determining deployment builder" date="2025-05-21T17:19:52.620" >
          <step title="Builder is OryxBuilder" date="2025-05-21T17:19:52.649" /><!-- duration: 9ms -->
        </step><!-- duration: 47ms -->
        <step title="PreDeployment: context.CleanOutputPath False" date="2025-05-21T17:19:52.715" >
          <step title="PreDeployment: context.OutputPath /home/site/wwwroot" date="2025-05-21T17:19:52.807" >
            <step title="Building" date="2025-05-21T17:19:52.943" >
              <step title="Executing external process" date="2025-05-21T17:19:53.258" type="process" path="bash" arguments="-c &quot;oryx build /tmp/zipdeploy/extracted -o /home/site/wwwroot --platform python --platform-version 3.11 -p virtualenv_name=antenv --log-file /tmp/build-debug.log  -i /tmp/8dd988bb2f53d13 --compress-destination-dir | tee /tmp/oryx-build.log ; exit $PIPESTATUS &quot;" 