<step title="BackgroundTrace" date="2025-07-31T13:30:39.331" instance="a45adb" url="/api/zipdeploy" method="POST" >
  <step title="Creating temporary deployment - FetchDeploymentManager" date="2025-07-31T13:30:39.436" /><!-- duration: 3ms -->
  <step title="Creating temporary deployment" date="2025-07-31T13:30:39.451" /><!-- duration: 62ms -->
  <step title="Performing fetch based deployment" date="2025-07-31T13:30:39.545" >
    <step title="Cleaning up temp folders from previous zip deployments and extracting pushed zip file /tmp/zipdeploy/c978d964-37f3-4e65-9630-d3d15c977ed7.zip (0.02 MB) to /tmp/zipdeploy/extracted" date="2025-07-31T13:30:40.698" >
      <step title="ChmodRecursive Process exited with total time taken in ms: 82" date="2025-07-31T13:30:40.841" /><!-- duration: 8ms -->
    </step><!-- duration: 162ms -->
    <step title="Deployment timer started" date="2025-07-31T13:30:42.894" >
      <step title="DeploymentManager.Deploy(id:f1c492c4-bed3-4d6f-bae5-f9a253d85e95)" date="2025-07-31T13:30:42.906" >
        <step title="Collecting changeset information" date="2025-07-31T13:30:42.936" /><!-- duration: 114ms -->
        <step title="Updating submodules" date="2025-07-31T13:30:43.056" /><!-- duration: 1119ms -->
        <step title="Determining deployment builder" date="2025-07-31T13:30:44.410" >
          <step title="Builder is OryxBuilder" date="2025-07-31T13:30:44.449" /><!-- duration: 6ms -->
        </step><!-- duration: 64ms -->
        <step title="PreDeployment: context.CleanOutputPath False" date="2025-07-31T13:30:44.532" >
          <step title="PreDeployment: context.OutputPath /home/site/wwwroot" date="2025-07-31T13:30:44.636" >
            <step title="Building" date="2025-07-31T13:30:44.749" >
              <step title="Executing external process" date="2025-07-31T13:30:45.067" type="process" path="bash" arguments="-c &quot;oryx build /tmp/zipdeploy/extracted -o /home/site/wwwroot --platform python --platform-version 3.11 -p virtualenv_name=antenv --log-file /tmp/build-debug.log  -i /tmp/8ddd03673bb2a16 --compress-destination-dir | tee /tmp/oryx-build.log ; exit $PIPESTATUS &quot;" /><!-- duration: 73767ms -->
              <step title="Using PythonDeploymentLogParser" date="2025-07-31T13:31:59.308" /><!-- duration: 10ms -->
              <step title="Triggering recycle (preview mode disabled)." date="2025-07-31T13:32:00.545" /><!-- duration: 19ms -->
              <step title="Modified file to trigger a restart of the app container." date="2025-07-31T13:32:00.616" /><!-- duration: 2ms -->
              <step title="Skip function trigger and logicapp sync because function is not enabled." date="2025-07-31T13:32:00.638" /><!-- duration: 8ms -->
              <step title="Purge deployment items" date="2025-07-31T13:32:01.739" >
                <step title="Remove 0af90e82-, Success, received at 07/29/2025 09:26:16" date="2025-07-31T13:32:01.885" /><!-- duration: 9ms -->
              </step><!-- duration: 194ms -->
            </step><!-- duration: 77263ms -->
          </step><!-- duration: 77388ms -->
          <step title="Cleaning up temp files" date="2025-07-31T13:32:02.033" /><!-- duration: 2589ms -->
          <step title="Cleaning up temp files" date="2025-07-31T13:32:04.644" /><!-- duration: 530ms -->
          <step title="Reloading status file with latest updates" date="2025-07-31T13:32:05.207" >
            <step title="WebHooksManager.PublishEventAsync: PostDeployment" date="2025-07-31T13:32:05.212" /><!-- duration: 26ms -->
          </step><!-- duration: 34ms -->
          <step title="Cleaning up temporary deployment - fetch deployment was successful" date="2025-07-31T13:32:05.246" /><!-- duration: 3ms -->
        </step><!-- duration: 80785ms -->
      </step><!-- duration: 82456ms -->
