<step title="Incoming Request" date="2025-07-29T06:13:10.075" instance="a45adb" url="/api/publish?type=zip" method="POST" type="request" pid="769,1,28" Accept="*/*" Host="la-zeiterfassung-fyd4cge3d9e3cac4.scm.azurewebsites.net" User-Agent="AZURECLI/2.75.0 (HOMEBREW)" Accept-Encoding="gzip, deflate" Authorization="Bas..." Cache-Control="no-cache" Content-Type="application/octet-stream" Cookie="ARRAffinity=a45adbe19489ea2b14e790f681e17ad6f03a5528ca730625ec513d016d2b4c91; ARRAffinitySameSite=a45adbe19489ea2b14e790f681e17ad6f03a5528ca730625ec513d016d2b4c91" Content-Length="6955" x-ms-client-request-id="142c7404-6c43-11f0-86a0-3ecdac25f1e6" x-ms-artifact-checksum="2dff0768424da35f3861f85e8772000eb4d854354d756dd869890b018a1e3cb7" X-ARR-LOG-ID="142c7404-6c43-11f0-86a0-3ecdac25f1e6" CLIENT-IP="84.138.86.68:62531" X-SITE-DEPLOYMENT-ID="la-zeiterfassung-fyd4cge3d9e3cac4" WAS-DEFAULT-HOSTNAME="la-zeiterfassung-fyd4cge3d9e3cac4.scm.azurewebsites.net" X-Forwarded-Proto="https" X-AppService-Proto="https" X-Forwarded-TlsVersion="1.3" X-WAWS-Unencoded-URL="/api/publish?type=zip" X-Client-IP="84.138.86.68" X-Client-Port="62531" >
  <step title="OneDeploy" date="2025-07-29T06:13:10.183" >
    <step title="Starting PushDeployAsync" date="2025-07-29T06:13:10.220" /><!-- duration: 4ms -->
    <step title="Writing artifact to /tmp/zipdeploy/a948efab-9686-4b50-98e2-4891b8d3c9d7.zip" date="2025-07-29T06:13:10.241" >
      <step title="Writing multipart request body to /tmp/zipdeploy/a948efab-9686-4b50-98e2-4891b8d3c9d7.zip" date="2025-07-29T06:13:10.245" /><!-- duration: 4ms -->
    </step><!-- duration: 73ms -->
    <step title="Removing previous build artifact&apos;s manifest file" date="2025-07-29T06:13:10.324" >
      <step title="Attempting to fetch target branch HEAD" date="2025-07-29T06:13:10.340" /><!-- duration: 4ms -->
      <step title="Acquiring Deployment Lock" date="2025-07-29T06:13:10.347" /><!-- duration: 5ms -->
      <step title="Acquired Deployment Lock" date="2025-07-29T06:13:10.378" /><!-- duration: 5ms -->
      <step title="Performing fetch based deployment" date="2025-07-29T06:13:10.392" >
        <step title="Creating temporary deployment" date="2025-07-29T06:13:10.417" /><!-- duration: 84ms -->
        <step title="Releasing Deployment Lock" date="2025-07-29T06:13:11.668" /><!-- duration: 7ms -->
        <step title="Cleaning up temp folders from previous zip deployments and extracting pushed zip file /tmp/zipdeploy/a948efab-9686-4b50-98e2-4891b8d3c9d7.zip (0.01 MB) to /tmp/zipdeploy/extracted" date="2025-07-29T06:13:11.709" >
          <step title="ChmodRecursive Process exited with total time taken in ms: 121" date="2025-07-29T06:13:11.863" /><!-- duration: 3ms -->
        </step><!-- duration: 171ms -->
        <step title="None repository commit" date="2025-07-29T06:13:11.883" >
          <step title="Commit id: 9d197734-02fe-4886-afcf-f41fcf820c79" date="2025-07-29T06:13:11.886" Message="OneDeploy" AuthorName="N/A" AuthorEmail="N/A" /><!-- duration: 2ms -->
        </step><!-- duration: 10ms -->
        <step title="Deployment timer started" date="2025-07-29T06:13:13.897" >
          <step title="DeploymentManager.Deploy(id:9d197734-02fe-4886-afcf-f41fcf820c79)" date="2025-07-29T06:13:13.904" >
            <step title="Collecting changeset information" date="2025-07-29T06:13:13.931" /><!-- duration: 82ms -->
            <step title="Updating submodules" date="2025-07-29T06:13:14.018" /><!-- duration: 1130ms -->
            <step title="Determining deployment builder" date="2025-07-29T06:13:15.371" >
              <step title="Builder is OryxBuilder" date="2025-07-29T06:13:15.391" /><!-- duration: 3ms -->
            </step><!-- duration: 25ms -->
            <step title="PreDeployment: context.CleanOutputPath False" date="2025-07-29T06:13:15.455" >
              <step title="PreDeployment: context.OutputPath /home/site/wwwroot" date="2025-07-29T06:13:15.575" >
                <step title="Building" date="2025-07-29T06:13:15.709" >
                  <step title="Executing external process" date="2025-07-29T06:13:16.013" type="process" path="bash" arguments="-c &quot;oryx build /tmp/zipdeploy/extracted -o /home/site/wwwroot --platform python --platform-version 3.11 -p virtualenv_name=antenv --log-file /tmp/build-debug.log  -i /tmp/8ddce67013a1694 --compress-destination-dir | tee /tmp/oryx-build.log ; exit $PIPESTATUS &quot;" /><!-- duration: 85674ms -->
                  <step title="Using PythonDeploymentLogParser" date="2025-07-29T06:14:42.069" /><!-- duration: 4ms -->
                  <step title="Modified file to trigger a restart of the app container." date="2025-07-29T06:14:43.132" /><!-- duration: 10ms -->
                  <step title="Skip function trigger and logicapp sync because function is not enabled." date="2025-07-29T06:14:43.145" /><!-- duration: 3ms -->
                </step><!-- duration: 88403ms -->
              </step><!-- duration: 88544ms -->
              <step title="Cleaning up temp files" date="2025-07-29T06:14:44.122" /><!-- duration: 1994ms -->
              <step title="Cleaning up temp files" date="2025-07-29T06:14:46.128" /><!-- duration: 510ms -->
              <step title="Reloading status file with latest updates" date="2025-07-29T06:14:46.676" >
                <step title="WebHooksManager.PublishEventAsync: PostDeployment" date="2025-07-29T06:14:46.680" /><!-- duration: 42ms -->
              </step><!-- duration: 52ms -->
              <step title="Cleaning up temporary deployment - fetch deployment was successful" date="2025-07-29T06:14:46.735" /><!-- duration: 3ms -->
            </step><!-- duration: 91335ms -->
          </step><!-- duration: 92895ms -->
          <step title="Outgoing response" date="2025-07-29T06:14:46.812" type="response" statusCode="200" statusText="OK" /><!-- duration: 4ms -->
        </step><!-- duration: 92923ms -->
