<step title="Incoming Request" date="2025-05-21T20:56:09.484" instance="e0f283" url="/api/zipdeploy?author=ms-azuretools-vscode&amp;deployer=ms-azuretools-vscode&amp;isAsync=true&amp;trackDeploymentId=true" method="POST" type="request" pid="770,1,29" Host="la-zeiterfassung-fyd4cge3d9e3cac4.scm.germanywestcentral-01.azurewebsites.net" User-Agent="vscode-azureappservice/0.26.1 core-rest-pipeline/1.19.1 Node/20.19.0 OS/(arm64-Darwin-24.3.0)" Accept-Encoding="gzip,deflate" Accept-Language="de" Authorization="Bea..." Transfer-Encoding="chunked" x-ms-correlation-request-id="8d05668c-faab-408f-86c1-e5692c774186" x-ms-client-request-id="7cc44c0e-af04-48f3-a13d-746a82eadbe7" X-ARR-LOG-ID="7cc44c0e-af04-48f3-a13d-746a82eadbe7" CLIENT-IP="84.138.91.166:63164" X-SITE-DEPLOYMENT-ID="LA-Zeiterfassung" WAS-DEFAULT-HOSTNAME="la-zeiterfassung-fyd4cge3d9e3cac4.scm.germanywestcentral-01.azurewebsites.net" X-Forwarded-Proto="https" X-AppService-Proto="https" X-Forwarded-TlsVersion="1.3" X-WAWS-Unencoded-URL="/api/zipdeploy?author=ms-azuretools-vscode&amp;deployer=ms-azuretools-vscode&amp;isAsync=true&amp;trackDeploymentId=true" X-Client-IP="84.138.91.166" X-Client-Port="63164" >
  <step title="Cleanup Xml Logs" date="2025-05-21T20:56:09.487" >
    <step title="Cleanup Infos" date="2025-05-21T20:56:09.506" totalFiles="453" totalCleanup="293" /><!-- duration: 5ms -->
  </step><!-- duration: 27ms -->
  <step title="ZipPushDeploy" date="2025-05-21T20:56:09.530" >
    <step title="ZipDeploy. Extract zip." date="2025-05-21T20:56:09.540" /><!-- duration: 2ms -->
    <step title="Starting PushDeployAsync" date="2025-05-21T20:56:09.550" /><!-- duration: 2ms -->
    <step title="Error occurred" date="2025-05-21T20:56:09.580" type="error" text="Error removing symlink: Path doesn&apos;t exist!" stackTrace="   at Mono.Unix.UnixFileSystemInfo.AssertValid()
   at Mono.Unix.UnixFileSystemInfo.get_FileType()
   at Kudu.Services.Deployment.PushDeploymentController.PushDeployAsync(ArtifactDeploymentInfo deploymentInfo, Boolean isAsync, HttpContext context, JObject requestJson) in /tmp/KuduLite/Kudu.Services/Deployment/PushDeploymentController.cs:line 740" /><!-- duration: 2ms -->
    <step title="Writing artifact to /tmp/zipdeploy/de68a348-2129-4a19-97e1-5e10de67c8d6.zip" date="2025-05-21T20:56:09.592" >
      <step title="Writing multipart request body to /tmp/zipdeploy/de68a348-2129-4a19-97e1-5e10de67c8d6.zip" date="2025-05-21T20:56:09.606" /><!-- duration: 10ms -->
    </step><!-- duration: 64ms -->
    <step title="Removing previous build artifact&apos;s manifest file" date="2025-05-21T20:56:09.673" >
      <step title="Start deployment in the background" date="2025-05-21T20:56:09.710" >
        <step title="Acquiring Deployment Lock" date="2025-05-21T20:56:09.726" /><!-- duration: 3ms -->
        <step title="Acquired Deployment Lock" date="2025-05-21T20:56:09.786" /><!-- duration: 4ms -->
      </step><!-- duration: 185ms -->
    </step><!-- duration: 226ms -->
    <step title="Outgoing response" date="2025-05-21T20:56:09.904" type="response" statusCode="202" statusText="Accepted" /><!-- duration: 2ms -->
  </step><!-- duration: 379ms -->
