<step title="Incoming Request" date="2025-05-21T20:01:22.930" instance="e0f283" url="/api/deployments/latest" method="GET" type="request" pid="772,1,23" Host="la-zeiterfassung-fyd4cge3d9e3cac4.scm.germanywestcentral-01.azurewebsites.net" User-Agent="vscode-azureappservice/0.26.1 core-rest-pipeline/1.19.1 Node/20.19.0 OS/(arm64-Darwin-24.3.0)" Accept-Encoding="gzip,deflate" Accept-Language="de" Authorization="Bea..." x-ms-correlation-request-id="fd48748d-8e37-4246-8afc-712a90856dfe" x-ms-client-request-id="02153475-4389-4f87-891f-1567105780c5" X-ARR-LOG-ID="02153475-4389-4f87-891f-1567105780c5" CLIENT-IP="84.138.91.166:63219" X-SITE-DEPLOYMENT-ID="LA-Zeiterfassung" WAS-DEFAULT-HOSTNAME="la-zeiterfassung-fyd4cge3d9e3cac4.scm.germanywestcentral-01.azurewebsites.net" X-Forwarded-Proto="https" X-AppService-Proto="https" X-Forwarded-TlsVersion="1.3" X-WAWS-Unencoded-URL="/api/deployments/latest" X-Client-IP="84.138.91.166" X-Client-Port="63219" >
  <step title="Cleanup Xml Logs" date="2025-05-21T20:01:22.936" >
    <step title="Cleanup Infos" date="2025-05-21T20:01:22.954" totalFiles="337" totalCleanup="177" /><!-- duration: 12ms -->
  </step><!-- duration: 41ms -->
  <step title="DeploymentService.GetResult" date="2025-05-21T20:01:22.995" >
    <step title="DeploymentService.GetLatestDeployment" date="2025-05-21T20:01:22.999" >
      <step title="DeploymentManager.GetResults" date="2025-05-21T20:01:23.006" /><!-- duration: 828ms -->
    </step><!-- duration: 855ms -->
  </step><!-- duration: 907ms -->
  <step title="Outgoing response" date="2025-05-21T20:01:23.913" type="response" statusCode="202" statusText="Accepted" /><!-- duration: 20ms -->
</step><!-- duration: 1011ms -->
