<step title="BackgroundTrace" date="2025-05-21T17:55:55.407" instance="e0f283" url="/api/zipdeploy" method="POST" >
  <step title="Creating temporary deployment - FetchDeploymentManager" date="2025-05-21T17:55:55.468" /><!-- duration: 4ms -->
  <step title="Creating temporary deployment" date="2025-05-21T17:55:55.485" /><!-- duration: 70ms -->
  <step title="Performing fetch based deployment" date="2025-05-21T17:55:55.619" >
    <step title="Cleaning up temp folders from previous zip deployments and extracting pushed zip file /tmp/zipdeploy/294ed6c5-6f85-46e4-9149-0f392f07eaa8.zip (0.01 MB) to /tmp/zipdeploy/extracted" date="2025-05-21T17:55:56.800" >
      <step title="ChmodRecursive Process exited with total time taken in ms: 81" date="2025-05-21T17:55:56.922" /><!-- duration: 10ms -->
    </step><!-- duration: 142ms -->
    <step title="Deployment timer started" date="2025-05-21T17:55:58.974" >
      <step title="DeploymentManager.Deploy(id:573313b6-052e-4a9c-9b40-480bf163bb3a)" date="2025-05-21T17:55:59.003" >
        <step title="Collecting changeset information" date="2025-05-21T17:55:59.124" /><!-- duration: 156ms -->
        <step title="Updating submodules" date="2025-05-21T17:55:59.292" /><!-- duration: 1129ms -->
        <step title="Determining deployment builder" date="2025-05-21T17:56:00.612" >
          <step title="Builder is OryxBuilder" date="2025-05-21T17:56:00.655" /><!-- duration: 8ms -->
        </step><!-- duration: 57ms -->
        <step title="PreDeployment: context.CleanOutputPath False" date="2025-05-21T17:56:00.763" >
          <step title="PreDeployment: context.OutputPath /home/site/wwwroot" date="2025-05-21T17:56:00.921" >
            <step title="Building" date="2025-05-21T17:56:01.124" >
              <step title="Executing external process" date="2025-05-21T17:56:01.645" type="process" path="bash" arguments="-c &quot;oryx build /tmp/zipdeploy/extracted -o /home/site/wwwroot --platform python --platform-version 3.11 -p virtualenv_name=antenv --log-file /tmp/build-debug.log  -i /tmp/8dd9890bf30d971 --compress-destination-dir | tee /tmp/oryx-build.log ; exit $PIPESTATUS &quot;" /><!-- duration: 61137ms -->
              <step title="Using PythonDeploymentLogParser" date="2025-05-21T17:57:03.113" /><!-- duration: 3ms -->
              <step title="Triggering recycle (preview mode disabled)." date="2025-05-21T17:57:03.967" /><!-- duration: 8ms -->
              <step title="Modified file to trigger a restart of the app container." date="2025-05-21T17:57:04.028" /><!-- duration: 11ms -->
              <step title="Skip function trigger and logicapp sync because function is not enabled." date="2025-05-21T17:57:04.044" /><!-- duration: 22ms -->
            </step><!-- duration: 63845ms -->
          </step><!-- duration: 64052ms -->
          <step title="Cleaning up temp files" date="2025-05-21T17:57:04.978" /><!-- duration: 359ms -->
          <step title="Cleaning up temp files" date="2025-05-21T17:57:05.340" /><!-- duration: 518ms -->
          <step title="Reloading status file with latest updates" date="2025-05-21T17:57:05.881" >
            <step title="WebHooksManager.PublishEventAsync: PostDeployment" date="2025-05-21T17:57:05.887" /><!-- duration: 60ms -->
          </step><!-- duration: 74ms -->
          <step title="Cleaning up temporary deployment - fetch deployment was successful" date="2025-05-21T17:57:05.961" /><!-- duration: 3ms -->
        </step><!-- duration: 65253ms -->
      </step><!-- duration: 67046ms -->
