<step title="Incoming Request" date="2025-07-31T19:27:34.648" instance="a45adb" url="/api/zipdeploy?isAsync=true" method="POST" type="request" pid="769,1,45" Accept="*/*" Host="la-zeiterfassung-fyd4cge3d9e3cac4.scm.azurewebsites.net" User-Agent="AZURECLI/2.75.0 (HOMEBREW)" Accept-Encoding="gzip, deflate" Authorization="Bas..." Cache-Control="no-cache" Content-Type="application/octet-stream" Cookie="ARRAffinity=a45adbe19489ea2b14e790f681e17ad6f03a5528ca730625ec513d016d2b4c91; ARRAffinitySameSite=a45adbe19489ea2b14e790f681e17ad6f03a5528ca730625ec513d016d2b4c91" Content-Length="4575" x-ms-client-request-id="6438bb1c-6e44-11f0-9253-3ecdac25f1e6" x-ms-artifact-checksum="c688efc24af131203b9604d0514cc9c6b2697ed1080bd088199228eef377f9e7" X-ARR-LOG-ID="6438bb1c-6e44-11f0-9253-3ecdac25f1e6" CLIENT-IP="84.138.86.68:61516" X-SITE-DEPLOYMENT-ID="la-zeiterfassung-fyd4cge3d9e3cac4" WAS-DEFAULT-HOSTNAME="la-zeiterfassung-fyd4cge3d9e3cac4.scm.azurewebsites.net" X-Forwarded-Proto="https" X-AppService-Proto="https" X-Forwarded-TlsVersion="1.3" X-WAWS-Unencoded-URL="/api/zipdeploy?isAsync=true" X-Client-IP="84.138.86.68" X-Client-Port="61516" >
  <step title="Cleanup Xml Logs" date="2025-07-31T19:27:34.658" >
    <step title="Cleanup Infos" date="2025-07-31T19:27:34.758" totalFiles="339" totalCleanup="179" /><!-- duration: 29ms -->
  </step><!-- duration: 141ms -->
  <step title="ZipPushDeploy" date="2025-07-31T19:27:34.856" >
    <step title="ZipDeploy. Extract zip. Remote build." date="2025-07-31T19:27:34.909" /><!-- duration: 31ms -->
    <step title="Starting PushDeployAsync" date="2025-07-31T19:27:34.977" /><!-- duration: 3ms -->
    <step title="Writing artifact to /tmp/zipdeploy/d1e4a0f6-aa8f-462c-b6e6-ade2286e92e8.zip" date="2025-07-31T19:27:35.077" >
      <step title="Writing multipart request body to /tmp/zipdeploy/d1e4a0f6-aa8f-462c-b6e6-ade2286e92e8.zip" date="2025-07-31T19:27:35.101" /><!-- duration: 27ms -->
    </step><!-- duration: 93ms -->
    <step title="Start deployment in the background" date="2025-07-31T19:27:35.291" >
      <step title="Acquiring Deployment Lock" date="2025-07-31T19:27:35.502" /><!-- duration: 49ms -->
      <step title="Cannot Acquire Deployment Lock already held" date="2025-07-31T19:27:35.630" /><!-- duration: 31ms -->
    </step><!-- duration: 830ms -->
    <step title="There is a deployment currently in progress. Please try again when it completes." date="2025-07-31T19:27:36.171" /><!-- duration: 12ms -->
  </step><!-- duration: 1387ms -->
  <step title="Outgoing response" date="2025-07-31T19:27:36.433" type="response" statusCode="409" statusText="Conflict" /><!-- duration: 21ms -->
</step><!-- duration: 1856ms -->
