<step title="Incoming Request" date="2025-07-29T06:35:23.438" instance="a45adb" url="/api/publish?type=zip" method="POST" type="request" pid="769,1,22" Accept="*/*" Host="la-zeiterfassung-fyd4cge3d9e3cac4.scm.azurewebsites.net" User-Agent="AZURECLI/2.75.0 (HOMEBREW)" Accept-Encoding="gzip, deflate" Authorization="Bas..." Cache-Control="no-cache" Content-Type="application/octet-stream" Cookie="ARRAffinity=a45adbe19489ea2b14e790f681e17ad6f03a5528ca730625ec513d016d2b4c91; ARRAffinitySameSite=a45adbe19489ea2b14e790f681e17ad6f03a5528ca730625ec513d016d2b4c91" Content-Length="649" x-ms-client-request-id="2f318f70-6c46-11f0-9867-3ecdac25f1e6" x-ms-artifact-checksum="ee2d220a8d45144350e9a716eeb7dcfacd22a3731d6d8e4b42e15537460066ba" X-ARR-LOG-ID="2f318f70-6c46-11f0-9867-3ecdac25f1e6" CLIENT-IP="84.138.86.68:65127" X-SITE-DEPLOYMENT-ID="la-zeiterfassung-fyd4cge3d9e3cac4" WAS-DEFAULT-HOSTNAME="la-zeiterfassung-fyd4cge3d9e3cac4.scm.azurewebsites.net" X-Forwarded-Proto="https" X-AppService-Proto="https" X-Forwarded-TlsVersion="1.3" X-WAWS-Unencoded-URL="/api/publish?type=zip" X-Client-IP="84.138.86.68" X-Client-Port="65127" >
  <step title="OneDeploy" date="2025-07-29T06:35:23.479" >
    <step title="Starting PushDeployAsync" date="2025-07-29T06:35:23.568" /><!-- duration: 17ms -->
    <step title="Writing artifact to /tmp/zipdeploy/37843862-b66f-46b4-94eb-91940d2b2bc1.zip" date="2025-07-29T06:35:23.620" >
      <step title="Writing multipart request body to /tmp/zipdeploy/37843862-b66f-46b4-94eb-91940d2b2bc1.zip" date="2025-07-29T06:35:23.627" /><!-- duration: 10ms -->
    </step><!-- duration: 70ms -->
    <step title="Removing previous build artifact&apos;s manifest file" date="2025-07-29T06:35:23.718" >
      <step title="Attempting to fetch target branch HEAD" date="2025-07-29T06:35:23.761" /><!-- duration: 4ms -->
      <step title="Acquiring Deployment Lock" date="2025-07-29T06:35:23.778" /><!-- duration: 4ms -->
      <step title="Acquired Deployment Lock" date="2025-07-29T06:35:23.821" /><!-- duration: 4ms -->
      <step title="Performing fetch based deployment" date="2025-07-29T06:35:23.835" >
        <step title="Creating temporary deployment" date="2025-07-29T06:35:23.839" /><!-- duration: 64ms -->
        <step title="Releasing Deployment Lock" date="2025-07-29T06:35:25.053" /><!-- duration: 10ms -->
        <step title="Cleaning up temp folders from previous zip deployments and extracting pushed zip file /tmp/zipdeploy/37843862-b66f-46b4-94eb-91940d2b2bc1.zip (0.00 MB) to /tmp/zipdeploy/extracted" date="2025-07-29T06:35:25.096" >
          <step title="ChmodRecursive Process exited with total time taken in ms: 107" date="2025-07-29T06:35:25.244" /><!-- duration: 10ms -->
        </step><!-- duration: 167ms -->
        <step title="None repository commit" date="2025-07-29T06:35:25.273" >
          <step title="Commit id: 01b382e1-39ad-4e25-8752-7f54431c557b" date="2025-07-29T06:35:25.283" Message="OneDeploy" AuthorName="N/A" AuthorEmail="N/A" /><!-- duration: 4ms -->
        </step><!-- duration: 19ms -->
        <step title="Deployment timer started" date="2025-07-29T06:35:27.296" >
          <step title="DeploymentManager.Deploy(id:01b382e1-39ad-4e25-8752-7f54431c557b)" date="2025-07-29T06:35:27.303" >
            <step title="Collecting changeset information" date="2025-07-29T06:35:27.340" /><!-- duration: 123ms -->
            <step title="Updating submodules" date="2025-07-29T06:35:27.488" /><!-- duration: 1148ms -->
            <step title="Determining deployment builder" date="2025-07-29T06:35:28.856" >
              <step title="Builder is OryxBuilder" date="2025-07-29T06:35:28.874" /><!-- duration: 3ms -->
            </step><!-- duration: 24ms -->
            <step title="PreDeployment: context.CleanOutputPath False" date="2025-07-29T06:35:28.940" >
              <step title="PreDeployment: context.OutputPath /home/site/wwwroot" date="2025-07-29T06:35:29.093" >
                <step title="Building" date="2025-07-29T06:35:29.263" >
                  <step title="Executing external process" date="2025-07-29T06:35:29.576" type="process" path="bash" arguments="-c &quot;oryx build /tmp/zipdeploy/extracted -o /home/site/wwwroot --platform python --platform-version 3.11 -p virtualenv_name=antenv --log-file /tmp/build-debug.log  -i /tmp/8ddce6a1c0b4f28 --compress-destination-dir | tee /tmp/oryx-build.log ; exit $PIPESTATUS &quot;" /><!-- duration: 46109ms -->
                  <step title="Using PythonDeploymentLogParser" date="2025-07-29T06:36:16.090" /><!-- duration: 3ms -->
                  <step title="Modified file to trigger a restart of the app container." date="2025-07-29T06:36:17.201" /><!-- duration: 4ms -->
                  <step title="Skip function trigger and logicapp sync because function is not enabled." date="2025-07-29T06:36:17.207" /><!-- duration: 5ms -->
                  <step title="Purge deployment items" date="2025-07-29T06:36:18.157" >
                    <step title="Remove b4419493-, Success, received at 07/28/2025 22:38:56" date="2025-07-29T06:36:18.201" /><!-- duration: 5ms -->
                  </step><!-- duration: 53ms -->
                </step><!-- duration: 49029ms -->
              </step><!-- duration: 49204ms -->
              <step title="Cleaning up temp files" date="2025-07-29T06:36:18.300" /><!-- duration: 1975ms -->
              <step title="Cleaning up temp files" date="2025-07-29T06:36:20.285" /><!-- duration: 512ms -->
              <step title="Reloading status file with latest updates" date="2025-07-29T06:36:20.845" >
                <step title="WebHooksManager.PublishEventAsync: PostDeployment" date="2025-07-29T06:36:20.848" /><!-- duration: 37ms -->
              </step><!-- duration: 43ms -->
              <step title="Cleaning up temporary deployment - fetch deployment was successful" date="2025-07-29T06:36:20.893" /><!-- duration: 3ms -->
            </step><!-- duration: 52004ms -->
          </step><!-- duration: 53645ms -->
          <step title="Outgoing response" date="2025-07-29T06:36:20.955" type="response" statusCode="200" statusText="OK" /><!-- duration: 3ms -->
        </step><!-- duration: 53665ms -->
