<step title="Incoming Request" date="2025-07-31T20:08:58.450" instance="a45adb" url="/api/zipdeploy?isAsync=true" method="POST" type="request" pid="770,1,40" Accept="*/*" Host="la-zeiterfassung-fyd4cge3d9e3cac4.scm.azurewebsites.net" User-Agent="AZURECLI/2.75.0 (HOMEBREW)" Accept-Encoding="gzip, deflate" Authorization="Bas..." Cache-Control="no-cache" Content-Type="application/octet-stream" Cookie="ARRAffinity=a45adbe19489ea2b14e790f681e17ad6f03a5528ca730625ec513d016d2b4c91; ARRAffinitySameSite=a45adbe19489ea2b14e790f681e17ad6f03a5528ca730625ec513d016d2b4c91" Content-Length="32330" x-ms-client-request-id="2d41ad0c-6e4a-11f0-91d8-3ecdac25f1e6" x-ms-artifact-checksum="6c5e88d63ed5956b6069ee56c2751d0b7ed2fdb32a96e8ed986fa5e431b6185f" X-ARR-LOG-ID="2d41ad0c-6e4a-11f0-91d8-3ecdac25f1e6" CLIENT-IP="84.138.86.68:62273" X-SITE-DEPLOYMENT-ID="la-zeiterfassung-fyd4cge3d9e3cac4" WAS-DEFAULT-HOSTNAME="la-zeiterfassung-fyd4cge3d9e3cac4.scm.azurewebsites.net" X-Forwarded-Proto="https" X-AppService-Proto="https" X-Forwarded-TlsVersion="1.3" X-WAWS-Unencoded-URL="/api/zipdeploy?isAsync=true" X-Client-IP="84.138.86.68" X-Client-Port="62273" >
  <step title="ZipPushDeploy" date="2025-07-31T20:08:58.513" >
    <step title="ZipDeploy. Extract zip." date="2025-07-31T20:08:58.523" /><!-- duration: 3ms -->
    <step title="None repository commit" date="2025-07-31T20:08:58.537" >
      <step title="Commit id: ab41ec2c-bcbf-47c2-a50b-3a6d1d6f0ab0" date="2025-07-31T20:08:58.540" Message="N/A" AuthorName="N/A" AuthorEmail="N/A" /><!-- duration: 2ms -->
    </step><!-- duration: 9ms -->
    <step title="Starting PushDeployAsync" date="2025-07-31T20:08:58.550" /><!-- duration: 3ms -->
    <step title="Writing artifact to /tmp/zipdeploy/056aa5dc-e834-40df-9db6-5ec916ee9611.zip" date="2025-07-31T20:08:58.577" >
      <step title="Writing multipart request body to /tmp/zipdeploy/056aa5dc-e834-40df-9db6-5ec916ee9611.zip" date="2025-07-31T20:08:58.593" /><!-- duration: 3ms -->
    </step><!-- duration: 198ms -->
    <step title="Start deployment in the background" date="2025-07-31T20:08:58.792" >
      <step title="Acquiring Deployment Lock" date="2025-07-31T20:08:58.837" /><!-- duration: 3ms -->
      <step title="Acquired Deployment Lock" date="2025-07-31T20:08:58.872" /><!-- duration: 3ms -->
    </step><!-- duration: 216ms -->
  </step><!-- duration: 526ms -->
  <step title="Outgoing response" date="2025-07-31T20:08:59.058" type="response" statusCode="202" statusText="Accepted" /><!-- duration: 4ms -->
</step><!-- duration: 614ms -->
