<step title="BackgroundTrace" date="2025-05-21T20:34:52.896" instance="e0f283" url="/api/zipdeploy" method="POST" >
  <step title="Creating temporary deployment - FetchDeploymentManager" date="2025-05-21T20:34:53.090" /><!-- duration: 20ms -->
  <step title="Creating temporary deployment" date="2025-05-21T20:34:53.127" /><!-- duration: 154ms -->
  <step title="Performing fetch based deployment" date="2025-05-21T20:34:53.599" >
    <step title="Cleaning up temp folders from previous zip deployments and extracting pushed zip file /tmp/zipdeploy/ad6d4987-fd34-4e42-808f-ebe16d230649.zip (0.02 MB) to /tmp/zipdeploy/extracted" date="2025-05-21T20:34:55.001" >
      <step title="ChmodRecursive Process exited with total time taken in ms: 130" date="2025-05-21T20:34:55.185" /><!-- duration: 20ms -->
    </step><!-- duration: 234ms -->
    <step title="Deployment timer started" date="2025-05-21T20:34:57.278" >
      <step title="DeploymentManager.Deploy(id:ff4ecc35-c4e5-4fbd-80a9-9374bfe51bae)" date="2025-05-21T20:34:57.285" >
        <step title="Collecting changeset information" date="2025-05-21T20:34:57.334" /><!-- duration: 147ms -->
        <step title="Updating submodules" date="2025-05-21T20:34:57.497" /><!-- duration: 1170ms -->
        <step title="Determining deployment builder" date="2025-05-21T20:34:58.886" >
          <step title="Builder is OryxBuilder" date="2025-05-21T20:34:58.921" /><!-- duration: 4ms -->
        </step><!-- duration: 44ms -->
        <step title="PreDeployment: context.CleanOutputPath False" date="2025-05-21T20:34:58.976" >
          <step title="PreDeployment: context.OutputPath /home/site/wwwroot" date="2025-05-21T20:34:59.105" >
            <step title="Building" date="2025-05-21T20:34:59.233" >
              <step title="Executing external process" date="2025-05-21T20:34:59.518" type="process" path="bash" arguments="-c &quot;oryx build /tmp/zipdeploy/extracted -o /home/site/wwwroot --platform python --platform-version 3.11 -p virtualenv_name=antenv --log-file /tmp/build-debug.log  -i /tmp/8dd98a6f46f655f --compress-destination-dir | tee /tmp/oryx-build.log ; exit $PIPESTATUS &quot;" >
                <step title="Cpu: gzip(866,7.220s)+tar(865,1.970s)+build.sh(841,0.010s)+oryx(822,3.320s)+tee(823,0.000s)+bash(821,0.000s)=total(12.500s)" date="2025-05-21T20:36:21.002" /><!-- duration: 98ms -->
                <step title="bash: no io activity for 60s, prev-cpu=-1.000s, current-cpu=12.500s" date="2025-05-21T20:36:21.160" /><!-- duration: 40ms -->
                <step title="Cpu: python(987,17.590s)+ts(988,0.140s)+build.sh(986,0.000s)+build.sh(985,0.000s)+build.sh(841,0.050s)+oryx(822,4.270s)+tee(823,0.000s)+bash(821,0.000s)=total(22.040s)" date="2025-05-21T20:38:15.601" /><!-- duration: 39ms -->
                <step title="bash: no io activity for 60s, prev-cpu=-1.000s, current-cpu=22.040s" date="2025-05-21T20:38:15.760" /><!-- duration: 20ms -->
              </step><!-- duration: 223229ms -->
              <step title="Using PythonDeploymentLogParser" date="2025-05-21T20:38:43.218" /><!-- duration: 4ms -->
              <step title="Triggering recycle (preview mode disabled)." date="2025-05-21T20:38:44.409" /><!-- duration: 82ms -->
              <step title="Modified file to trigger a restart of the app container." date="2025-05-21T20:38:44.581" /><!-- duration: 4ms -->
              <step title="Skip function trigger and logicapp sync because function is not enabled." date="2025-05-21T20:38:44.601" /><!-- duration: 22ms -->
              <step title="Purge deployment items" date="2025-05-21T20:38:45.712" >
                <step title="Remove b532cde3-, Failed, received at 05/21/2025 20:30:16" date="2025-05-21T20:38:45.777" /><!-- duration: 4ms -->
                <step title="Remove temp-c0b4, Failed, received at 05/21/2025 20:30:11" date="2025-05-21T20:38:45.846" /><!-- duration: 4ms -->
                <step title="Remove 78c74610-, Failed, received at 05/21/2025 20:19:45" date="2025-05-21T20:38:45.907" /><!-- duration: 11ms -->
                <step title="Remove temp-fe54, Failed, received at 05/21/2025 20:19:41" date="2025-05-21T20:38:46.048" /><!-- duration: 30ms -->
                <step title="Remove 516eed7f-, Failed, received at 05/21/2025 20:13:40" date="2025-05-21T20:38:46.189" /><!-- duration: 3ms -->
                <step title="Remove temp-796c, Failed, received at 05/21/2025 20:13:34" date="2025-05-21T20:38:46.273" /><!-- duration: 3ms -->
                <step title="Remove ac46eeca-, Success, received at 05/21/2025 18:03:20" date="2025-05-21T20:38:46.338" /><!-- duration: 8ms -->
              </step><!-- duration: 636ms -->
            </step><!-- duration: 227170ms -->
          </step><!-- duration: 227301ms -->
          <step title="Cleaning up temp files" date="2025-05-21T20:38:46.414" /><!-- duration: 555ms -->
          <step title="Cleaning up temp files" date="2025-05-21T20:38:46.974" /><!-- duration: 516ms -->
          <step title="Reloading status file with latest updates" date="2025-05-21T20:38:47.523" >
            <step title="WebHooksManager.PublishEventAsync: PostDeployment" date="2025-05-21T20:38:47.538" /><!-- duration: 112ms -->
          </step><!-- duration: 132ms -->
          <step title="Cleaning up temporary deployment - fetch deployment was successful" date="2025-05-21T20:38:47.662" /><!-- duration: 2ms -->
        </step><!-- duration: 228750ms -->
      </step><!-- duration: 230463ms -->
