<step title="Incoming Request" date="2025-07-29T07:22:42.558" instance="a45adb" url="/api/publish?type=zip" method="POST" type="request" pid="769,1,22" Accept="*/*" Host="la-zeiterfassung-fyd4cge3d9e3cac4.scm.azurewebsites.net" User-Agent="AZURECLI/2.75.0 (HOMEBREW)" Accept-Encoding="gzip, deflate" Authorization="Bas..." Cache-Control="no-cache" Content-Type="application/octet-stream" Cookie="ARRAffinity=a45adbe19489ea2b14e790f681e17ad6f03a5528ca730625ec513d016d2b4c91; ARRAffinitySameSite=a45adbe19489ea2b14e790f681e17ad6f03a5528ca730625ec513d016d2b4c91" Content-Length="4158" x-ms-client-request-id="cbcfd570-6c4c-11f0-9868-3ecdac25f1e6" x-ms-artifact-checksum="0ed225289e897b164014193610f783c55a5e3ad2e418cfff4cde50d1c66eee8c" X-ARR-LOG-ID="cbcfd570-6c4c-11f0-9868-3ecdac25f1e6" CLIENT-IP="84.138.86.68:60901" X-SITE-DEPLOYMENT-ID="la-zeiterfassung-fyd4cge3d9e3cac4" WAS-DEFAULT-HOSTNAME="la-zeiterfassung-fyd4cge3d9e3cac4.scm.azurewebsites.net" X-Forwarded-Proto="https" X-AppService-Proto="https" X-Forwarded-TlsVersion="1.3" X-WAWS-Unencoded-URL="/api/publish?type=zip" X-Client-IP="84.138.86.68" X-Client-Port="60901" >
  <step title="OneDeploy" date="2025-07-29T07:22:42.616" >
    <step title="Starting PushDeployAsync" date="2025-07-29T07:22:42.638" /><!-- duration: 2ms -->
    <step title="Writing artifact to /tmp/zipdeploy/ae900093-d7be-4a56-8fe8-31efb65a9852.zip" date="2025-07-29T07:22:42.707" >
      <step title="Writing multipart request body to /tmp/zipdeploy/ae900093-d7be-4a56-8fe8-31efb65a9852.zip" date="2025-07-29T07:22:42.719" /><!-- duration: 27ms -->
    </step><!-- duration: 168ms -->
    <step title="Removing previous build artifact&apos;s manifest file" date="2025-07-29T07:22:42.881" >
      <step title="Attempting to fetch target branch HEAD" date="2025-07-29T07:22:42.895" /><!-- duration: 6ms -->
      <step title="Acquiring Deployment Lock" date="2025-07-29T07:22:42.910" /><!-- duration: 10ms -->
      <step title="Acquired Deployment Lock" date="2025-07-29T07:22:42.995" /><!-- duration: 3ms -->
      <step title="Performing fetch based deployment" date="2025-07-29T07:22:43.006" >
        <step title="Creating temporary deployment" date="2025-07-29T07:22:43.020" /><!-- duration: 54ms -->
        <step title="Releasing Deployment Lock" date="2025-07-29T07:22:44.211" /><!-- duration: 6ms -->
        <step title="Cleaning up temp folders from previous zip deployments and extracting pushed zip file /tmp/zipdeploy/ae900093-d7be-4a56-8fe8-31efb65a9852.zip (0.00 MB) to /tmp/zipdeploy/extracted" date="2025-07-29T07:22:44.251" >
          <step title="ChmodRecursive Process exited with total time taken in ms: 60" date="2025-07-29T07:22:44.354" /><!-- duration: 10ms -->
        </step><!-- duration: 130ms -->
        <step title="None repository commit" date="2025-07-29T07:22:44.401" >
          <step title="Commit id: ea1b89f3-48af-4d9e-8513-fc4744906aea" date="2025-07-29T07:22:44.413" Message="OneDeploy" AuthorName="N/A" AuthorEmail="N/A" /><!-- duration: 9ms -->
        </step><!-- duration: 24ms -->
        <step title="Deployment timer started" date="2025-07-29T07:22:46.430" >
          <step title="DeploymentManager.Deploy(id:ea1b89f3-48af-4d9e-8513-fc4744906aea)" date="2025-07-29T07:22:46.441" >
            <step title="Collecting changeset information" date="2025-07-29T07:22:46.469" /><!-- duration: 80ms -->
            <step title="Updating submodules" date="2025-07-29T07:22:46.554" /><!-- duration: 1135ms -->
            <step title="Determining deployment builder" date="2025-07-29T07:22:47.929" >
              <step title="Builder is OryxBuilder" date="2025-07-29T07:22:47.947" /><!-- duration: 3ms -->
            </step><!-- duration: 31ms -->
            <step title="PreDeployment: context.CleanOutputPath False" date="2025-07-29T07:22:48.007" >
              <step title="PreDeployment: context.OutputPath /home/site/wwwroot" date="2025-07-29T07:22:48.136" >
                <step title="Building" date="2025-07-29T07:22:48.254" >
                  <step title="Executing external process" date="2025-07-29T07:22:48.555" type="process" path="bash" arguments="-c &quot;oryx build /tmp/zipdeploy/extracted -o /home/site/wwwroot --platform python --platform-version 3.11 -p virtualenv_name=antenv --log-file /tmp/build-debug.log  -i /tmp/8ddce70b8450d34 --compress-destination-dir | tee /tmp/oryx-build.log ; exit $PIPESTATUS &quot;" /><!-- duration: 48022ms -->
                  <step title="Using PythonDeploymentLogParser" date="2025-07-29T07:23:36.957" /><!-- duration: 9ms -->
                  <step title="Modified file to trigger a restart of the app container." date="2025-07-29T07:23:38.083" /><!-- duration: 4ms -->
                  <step title="Skip function trigger and logicapp sync because function is not enabled." date="2025-07-29T07:23:38.097" /><!-- duration: 3ms -->
                  <step title="Purge deployment items" date="2025-07-29T07:23:39.029" >
                    <step title="Remove 0fabf55f-, Success, received at 07/28/2025 22:58:23" date="2025-07-29T07:23:39.075" /><!-- duration: 4ms -->
                  </step><!-- duration: 53ms -->
                </step><!-- duration: 50891ms -->
              </step><!-- duration: 51017ms -->
              <step title="Cleaning up temp files" date="2025-07-29T07:23:39.161" /><!-- duration: 1854ms -->
              <step title="Cleaning up temp files" date="2025-07-29T07:23:41.021" /><!-- duration: 509ms -->
              <step title="Reloading status file with latest updates" date="2025-07-29T07:23:41.564" >
                <step title="WebHooksManager.PublishEventAsync: PostDeployment" date="2025-07-29T07:23:41.569" /><!-- duration: 39ms -->
              </step><!-- duration: 47ms -->
              <step title="Cleaning up temporary deployment - fetch deployment was successful" date="2025-07-29T07:23:41.616" /><!-- duration: 4ms -->
            </step><!-- duration: 53663ms -->
          </step><!-- duration: 55232ms -->
          <step title="Outgoing response" date="2025-07-29T07:23:41.678" type="response" statusCode="200" statusText="OK" /><!-- duration: 2ms -->
        </step><!-- duration: 55253ms -->
