<step title="Incoming Request" date="2025-07-28T22:23:57.786" instance="a45adb" url="/api/publish?type=zip" method="POST" type="request" pid="780,1,24" Accept="*/*" Host="la-zeiterfassung-fyd4cge3d9e3cac4.scm.azurewebsites.net" User-Agent="AZURECLI/2.75.0 (HOMEBREW)" Accept-Encoding="gzip, deflate" Authorization="Bas..." Cache-Control="no-cache" Content-Type="application/octet-stream" Cookie="ARRAffinity=a45adbe19489ea2b14e790f681e17ad6f03a5528ca730625ec513d016d2b4c91; ARRAffinitySameSite=a45adbe19489ea2b14e790f681e17ad6f03a5528ca730625ec513d016d2b4c91" Content-Length="19402" x-ms-client-request-id="86ffd77e-6c01-11f0-ac2f-3ecdac25f1e6" x-ms-artifact-checksum="e919433e216d954340b6e944e9646b8082594891b6069b64863520733bd13859" X-ARR-LOG-ID="86ffd77e-6c01-11f0-ac2f-3ecdac25f1e6" CLIENT-IP="84.138.86.68:59215" X-SITE-DEPLOYMENT-ID="la-zeiterfassung-fyd4cge3d9e3cac4" WAS-DEFAULT-HOSTNAME="la-zeiterfassung-fyd4cge3d9e3cac4.scm.azurewebsites.net" X-Forwarded-Proto="https" X-AppService-Proto="https" X-Forwarded-TlsVersion="1.3" X-WAWS-Unencoded-URL="/api/publish?type=zip" X-Client-IP="84.138.86.68" X-Client-Port="59215" >
  <step title="Cleanup Xml Logs" date="2025-07-28T22:23:57.958" /><!-- duration: 29ms -->
  <step title="OneDeploy" date="2025-07-28T22:23:58.469" >
    <step title="Starting PushDeployAsync" date="2025-07-28T22:23:58.771" /><!-- duration: 10ms -->
    <step title="Writing artifact to /tmp/zipdeploy/e231d1e7-60cc-4e32-98f2-c8cce5a52638.zip" date="2025-07-28T22:23:59.111" >
      <step title="Writing multipart request body to /tmp/zipdeploy/e231d1e7-60cc-4e32-98f2-c8cce5a52638.zip" date="2025-07-28T22:23:59.132" /><!-- duration: 172ms -->
    </step><!-- duration: 704ms -->
    <step title="Attempting to fetch target branch HEAD" date="2025-07-28T22:23:59.965" /><!-- duration: 31ms -->
    <step title="Acquiring Deployment Lock" date="2025-07-28T22:24:00.122" /><!-- duration: 20ms -->
    <step title="Acquired Deployment Lock" date="2025-07-28T22:24:00.638" /><!-- duration: 58ms -->
    <step title="Performing fetch based deployment" date="2025-07-28T22:24:00.739" >
      <step title="Creating temporary deployment" date="2025-07-28T22:24:00.766" /><!-- duration: 687ms -->
      <step title="Releasing Deployment Lock" date="2025-07-28T22:24:03.279" /><!-- duration: 71ms -->
      <step title="Cleaning up temp folders from previous zip deployments and extracting pushed zip file /tmp/zipdeploy/e231d1e7-60cc-4e32-98f2-c8cce5a52638.zip (0.02 MB) to /tmp/zipdeploy/extracted" date="2025-07-28T22:24:04.079" >
        <step title="ChmodRecursive Process exited with total time taken in ms: 792" date="2025-07-28T22:24:05.475" /><!-- duration: 29ms -->
      </step><!-- duration: 1455ms -->
      <step title="None repository commit" date="2025-07-28T22:24:05.537" >
        <step title="Commit id: 3e4b9983-cd2e-4cce-ac98-0e2cd13ac5df" date="2025-07-28T22:24:05.548" Message="OneDeploy" AuthorName="N/A" AuthorEmail="N/A" /><!-- duration: 10ms -->
      </step><!-- duration: 29ms -->
      <step title="Deployment timer started" date="2025-07-28T22:24:07.600" >
        <step title="DeploymentManager.Deploy(id:3e4b9983-cd2e-4cce-ac98-0e2cd13ac5df)" date="2025-07-28T22:24:07.710" >
          <step title="Collecting changeset information" date="2025-07-28T22:24:07.868" /><!-- duration: 862ms -->
          <step title="Updating submodules" date="2025-07-28T22:24:08.858" /><!-- duration: 1389ms -->
          <step title="Determining deployment builder" date="2025-07-28T22:24:10.911" >
            <step title="Builder is OryxBuilder" date="2025-07-28T22:24:11.293" /><!-- duration: 80ms -->
          </step><!-- duration: 502ms -->
          <step title="PreDeployment: context.CleanOutputPath False" date="2025-07-28T22:24:11.746" >
            <step title="PreDeployment: context.OutputPath /home/site/wwwroot" date="2025-07-28T22:24:12.149" >
              <step title="Building" date="2025-07-28T22:24:12.939" >
                <step title="Executing external process" date="2025-07-28T22:24:14.642" type="process" path="bash" arguments="-c &quot;oryx build /tmp/zipdeploy/extracted -o /home/site/wwwroot --platform python --platform-version 3.11 -p virtualenv_name=antenv --log-file /tmp/build-debug.log  -i /tmp/8ddce257a206a60 --compress-destination-dir | tee /tmp/oryx-build.log ; exit $PIPESTATUS &quot;" >
                  <step title="Cpu: python3.11(1302,1.870s)+python3.11(1289,0.300s)+python3.11(1283,0.160s)+build.sh(1203,0.050s)+oryx(1171,5.820s)+tee(1172,0.000s)+bash(1170,0.000s)=total(8.190s)" date="2025-07-28T22:26:09.506" /><!-- duration: 49ms -->
                  <step title="bash: no io activity for 61s, prev-cpu=-1.000s, current-cpu=8.190s" date="2025-07-28T22:26:09.604" /><!-- duration: 114ms -->
                  <step title="Cpu: python3.11(1302,4.050s)+python3.11(1289,0.300s)+python3.11(1283,0.160s)+build.sh(1203,0.050s)+oryx(1171,6.760s)+tee(1172,0.000s)+bash(1170,0.000s)=total(11.320s)" date="2025-07-28T22:27:12.350" /><!-- duration: 203ms -->
                  <step title="bash: no io activity for 126s, prev-cpu=8.190s, current-cpu=11.320s" date="2025-07-28T22:27:12.771" /><!-- duration: 31ms -->
