<step title="Incoming Request" date="2025-05-21T19:28:07.634" instance="e0f283" url="/api/deployments/latest?deployer=ms-azuretools-vscode&amp;time=2025-05-21_19-28-01Z" method="GET" type="request" pid="769,1,24" Host="la-zeiterfassung-fyd4cge3d9e3cac4.scm.germanywestcentral-01.azurewebsites.net" User-Agent="vscode-azureappservice/0.26.1 core-rest-pipeline/1.19.1 Node/20.19.0 OS/(arm64-Darwin-24.3.0)" Accept-Encoding="gzip,deflate" Accept-Language="de" Authorization="Bea..." x-ms-correlation-request-id="c7326dfe-c345-404d-b12f-6971d1ee2b47" x-ms-client-request-id="e48a9362-bed1-437f-a4e8-2c1067bdc6d9" X-ARR-LOG-ID="e48a9362-bed1-437f-a4e8-2c1067bdc6d9" CLIENT-IP="84.138.91.166:59432" X-SITE-DEPLOYMENT-ID="LA-Zeiterfassung" WAS-DEFAULT-HOSTNAME="la-zeiterfassung-fyd4cge3d9e3cac4.scm.germanywestcentral-01.azurewebsites.net" X-Forwarded-Proto="https" X-AppService-Proto="https" X-Forwarded-TlsVersion="1.3" X-WAWS-Unencoded-URL="/api/deployments/latest?deployer=ms-azuretools-vscode&amp;time=2025-05-21_19-28-01Z" X-Client-IP="84.138.91.166" X-Client-Port="59432" >
  <step title="Cleanup Xml Logs" date="2025-05-21T19:28:07.641" >
    <step title="Cleanup Infos" date="2025-05-21T19:28:07.662" totalFiles="310" totalCleanup="150" /><!-- duration: 8ms -->
  </step><!-- duration: 33ms -->
  <step title="DeploymentService.GetResult" date="2025-05-21T19:28:07.696" >
    <step title="DeploymentService.GetLatestDeployment" date="2025-05-21T19:28:07.710" >
      <step title="DeploymentManager.GetResults" date="2025-05-21T19:28:07.750" /><!-- duration: 1769ms -->
    </step><!-- duration: 1833ms -->
  </step><!-- duration: 1856ms -->
  <step title="Outgoing response" date="2025-05-21T19:28:09.563" type="response" statusCode="202" statusText="Accepted" /><!-- duration: 10ms -->
</step><!-- duration: 1948ms -->
