<step title="Incoming Request" date="2025-07-28T22:33:40.394" instance="a45adb" url="/api/publish?type=zip" method="POST" type="request" pid="770,1,15" Accept="*/*" Host="la-zeiterfassung-fyd4cge3d9e3cac4.scm.azurewebsites.net" User-Agent="AZURECLI/2.75.0 (HOMEBREW)" Accept-Encoding="gzip, deflate" Authorization="Bas..." Cache-Control="no-cache" Content-Type="application/octet-stream" Cookie="ARRAffinity=a45adbe19489ea2b14e790f681e17ad6f03a5528ca730625ec513d016d2b4c91; ARRAffinitySameSite=a45adbe19489ea2b14e790f681e17ad6f03a5528ca730625ec513d016d2b4c91" Content-Length="19230" x-ms-client-request-id="d0a93e46-6c02-11f0-99be-3ecdac25f1e6" x-ms-artifact-checksum="272a3552118bf6020c795ecff26c0bcdac0e7f8d114f2e4ba78c7dae0fc29566" X-ARR-LOG-ID="d0a93e46-6c02-11f0-99be-3ecdac25f1e6" CLIENT-IP="84.138.86.68:59653" X-SITE-DEPLOYMENT-ID="la-zeiterfassung-fyd4cge3d9e3cac4" WAS-DEFAULT-HOSTNAME="la-zeiterfassung-fyd4cge3d9e3cac4.scm.azurewebsites.net" X-Forwarded-Proto="https" X-AppService-Proto="https" X-Forwarded-TlsVersion="1.3" X-WAWS-Unencoded-URL="/api/publish?type=zip" X-Client-IP="84.138.86.68" X-Client-Port="59653" >
  <step title="OneDeploy" date="2025-07-28T22:33:40.494" >
    <step title="None repository commit" date="2025-07-28T22:33:40.512" >
      <step title="Commit id: 249cbb99-1b45-4d37-8e40-a1142566f927" date="2025-07-28T22:33:40.514" Message="N/A" AuthorName="N/A" AuthorEmail="N/A" /><!-- duration: 3ms -->
    </step><!-- duration: 13ms -->
    <step title="Starting PushDeployAsync" date="2025-07-28T22:33:40.528" /><!-- duration: 4ms -->
    <step title="Writing artifact to /tmp/zipdeploy/f6dd1922-5169-4112-b891-45254503a477.zip" date="2025-07-28T22:33:40.560" >
      <step title="Writing multipart request body to /tmp/zipdeploy/f6dd1922-5169-4112-b891-45254503a477.zip" date="2025-07-28T22:33:40.565" /><!-- duration: 5ms -->
    </step><!-- duration: 99ms -->
    <step title="Attempting to fetch target branch HEAD" date="2025-07-28T22:33:40.705" /><!-- duration: 21ms -->
    <step title="Acquiring Deployment Lock" date="2025-07-28T22:33:40.743" /><!-- duration: 3ms -->
    <step title="Acquired Deployment Lock" date="2025-07-28T22:33:40.843" /><!-- duration: 4ms -->
    <step title="Performing fetch based deployment" date="2025-07-28T22:33:40.864" >
      <step title="Creating temporary deployment" date="2025-07-28T22:33:40.882" /><!-- duration: 85ms -->
      <step title="Releasing Deployment Lock" date="2025-07-28T22:33:42.240" /><!-- duration: 10ms -->
      <step title="Cleaning up temp folders from previous zip deployments and extracting pushed zip file /tmp/zipdeploy/f6dd1922-5169-4112-b891-45254503a477.zip (0.02 MB) to /tmp/zipdeploy/extracted" date="2025-07-28T22:33:42.297" >
        <step title="ChmodRecursive Process exited with total time taken in ms: 81" date="2025-07-28T22:33:42.460" /><!-- duration: 29ms -->
      </step><!-- duration: 202ms -->
      <step title="None repository commit" date="2025-07-28T22:33:42.517" >
        <step title="Commit id: 249cbb99-1b45-4d37-8e40-a1142566f927" date="2025-07-28T22:33:42.537" Message="OneDeploy" AuthorName="N/A" AuthorEmail="N/A" /><!-- duration: 11ms -->
      </step><!-- duration: 41ms -->
      <step title="Deployment timer started" date="2025-07-28T22:33:44.571" >
        <step title="DeploymentManager.Deploy(id:249cbb99-1b45-4d37-8e40-a1142566f927)" date="2025-07-28T22:33:44.584" >
          <step title="Collecting changeset information" date="2025-07-28T22:33:44.624" /><!-- duration: 106ms -->
          <step title="Updating submodules" date="2025-07-28T22:33:44.737" /><!-- duration: 1123ms -->
          <step title="Determining deployment builder" date="2025-07-28T22:33:46.106" >
            <step title="Builder is OryxBuilder" date="2025-07-28T22:33:46.127" /><!-- duration: 4ms -->
          </step><!-- duration: 33ms -->
          <step title="PreDeployment: context.CleanOutputPath False" date="2025-07-28T22:33:46.181" >
            <step title="PreDeployment: context.OutputPath /home/site/wwwroot" date="2025-07-28T22:33:46.298" >
              <step title="Building" date="2025-07-28T22:33:46.443" >
                <step title="Executing external process" date="2025-07-28T22:33:46.795" type="process" path="bash" arguments="-c &quot;oryx build /tmp/zipdeploy/extracted -o /home/site/wwwroot --platform python --platform-version 3.11 -p virtualenv_name=antenv --log-file /tmp/build-debug.log  -i /tmp/8ddce26d0ab40b2 --compress-destination-dir | tee /tmp/oryx-build.log ; exit $PIPESTATUS &quot;" /><!-- duration: 106612ms -->
                <step title="Using PythonDeploymentLogParser" date="2025-07-28T22:35:33.897" /><!-- duration: 4ms -->
                <step title="Modified file to trigger a restart of the app container." date="2025-07-28T22:35:35.032" /><!-- duration: 10ms -->
                <step title="Skip function trigger and logicapp sync because function is not enabled." date="2025-07-28T22:35:35.064" /><!-- duration: 4ms -->
                <step title="Purge deployment items" date="2025-07-28T22:35:36.071" >
                  <step title="Remove dd1df26c-, Failed, received at 07/28/2025 22:25:07" date="2025-07-28T22:35:36.121" /><!-- duration: 3ms -->
                  <step title="Remove temp-2a46, Failed, received at 07/28/2025 22:25:00" date="2025-07-28T22:35:36.169" /><!-- duration: 3ms -->
                  <step title="Remove 3e4b9983-, Failed, received at 07/28/2025 22:24:08" date="2025-07-28T22:35:36.286" /><!-- duration: 5ms -->
                  <step title="Remove temp-ca67, Failed, received at 07/28/2025 22:24:00" date="2025-07-28T22:35:36.336" /><!-- duration: 3ms -->
                  <step title="Remove c9287939-, Failed, received at 07/28/2025 22:23:13" date="2025-07-28T22:35:36.385" /><!-- duration: 11ms -->
                  <step title="Remove temp-0e94, Failed, received at 07/28/2025 22:23:03" date="2025-07-28T22:35:36.443" /><!-- duration: 5ms -->
                  <step title="Remove dbf82489-, Failed, received at 07/28/2025 22:18:47" date="2025-07-28T22:35:36.495" /><!-- duration: 5ms -->
                  <step title="Remove temp-2b9e, Failed, received at 07/28/2025 22:18:41" date="2025-07-28T22:35:36.555" /><!-- duration: 4ms -->
                  <step title="Remove b1049a2e-, Failed, received at 07/28/2025 22:16:30" date="2025-07-28T22:35:36.638" /><!-- duration: 10ms -->
                  <step title="Remove temp-c10f, Failed, received at 07/28/2025 22:16:20" date="2025-07-28T22:35:36.699" /><!-- duration: 4ms -->
                </step><!-- duration: 635ms -->
              </step><!-- duration: 110312ms -->
            </step><!-- duration: 110461ms -->
            <step title="Cleaning up temp files" date="2025-07-28T22:35:36.762" /><!-- duration: 612ms -->
            <step title="Cleaning up temp files" date="2025-07-28T22:35:37.392" /><!-- duration: 523ms -->
            <step title="Reloading status file with latest updates" date="2025-07-28T22:35:37.947" >
              <step title="WebHooksManager.PublishEventAsync: PostDeployment" date="2025-07-28T22:35:37.956" /><!-- duration: 89ms -->
            </step><!-- duration: 103ms -->
            <step title="Cleaning up temporary deployment - fetch deployment was successful" date="2025-07-28T22:35:38.065" /><!-- duration: 4ms -->
          </step><!-- duration: 111944ms -->
        </step><!-- duration: 113559ms -->
        <step title="Outgoing response" date="2025-07-28T22:35:38.173" type="response" statusCode="200" statusText="OK" /><!-- duration: 4ms -->
      </step><!-- duration: 113608ms -->
