<step title="BackgroundTrace" date="2025-07-31T13:23:43.448" instance="a45adb" url="/api/zipdeploy" method="POST" >
  <step title="Creating temporary deployment - FetchDeploymentManager" date="2025-07-31T13:23:43.558" /><!-- duration: 10ms -->
  <step title="Creating temporary deployment" date="2025-07-31T13:23:43.588" /><!-- duration: 64ms -->
  <step title="Performing fetch based deployment" date="2025-07-31T13:23:43.695" >
    <step title="Cleaning up temp folders from previous zip deployments and extracting pushed zip file /tmp/zipdeploy/b9866e4d-3519-4167-9e28-1103f478d9f6.zip (0.01 MB) to /tmp/zipdeploy/extracted" date="2025-07-31T13:23:44.816" >
      <step title="ChmodRecursive Process exited with total time taken in ms: 117" date="2025-07-31T13:23:44.972" /><!-- duration: 10ms -->
    </step><!-- duration: 169ms -->
    <step title="Deployment timer started" date="2025-07-31T13:23:47.012" >
      <step title="DeploymentManager.Deploy(id:d72640fb-49e6-44b7-9898-300ed8fbc2be)" date="2025-07-31T13:23:47.032" >
        <step title="Collecting changeset information" date="2025-07-31T13:23:47.074" /><!-- duration: 157ms -->
        <step title="Updating submodules" date="2025-07-31T13:23:47.238" /><!-- duration: 1216ms -->
        <step title="Determining deployment builder" date="2025-07-31T13:23:49.385" >
          <step title="Builder is OryxBuilder" date="2025-07-31T13:23:49.503" /><!-- duration: 40ms -->
        </step><!-- duration: 169ms -->
        <step title="PreDeployment: context.CleanOutputPath False" date="2025-07-31T13:23:49.798" >
          <step title="PreDeployment: context.OutputPath /home/site/wwwroot" date="2025-07-31T13:23:50.016" >
            <step title="Building" date="2025-07-31T13:23:50.298" >
              <step title="Executing external process" date="2025-07-31T13:23:51.018" type="process" path="bash" arguments="-c &quot;oryx build /tmp/zipdeploy/extracted -o /home/site/wwwroot --platform python --platform-version 3.11 -p virtualenv_name=antenv --log-file /tmp/build-debug.log  -i /tmp/8ddd0357c6bb922 --compress-destination-dir | tee /tmp/oryx-build.log ; exit $PIPESTATUS &quot;" /><!-- duration: 76736ms -->
              <step title="Using PythonDeploymentLogParser" date="2025-07-31T13:25:08.388" /><!-- duration: 3ms -->
              <step title="Triggering recycle (preview mode disabled)." date="2025-07-31T13:25:09.424" /><!-- duration: 21ms -->
              <step title="Modified file to trigger a restart of the app container." date="2025-07-31T13:25:09.484" /><!-- duration: 6ms -->
              <step title="Skip function trigger and logicapp sync because function is not enabled." date="2025-07-31T13:25:09.505" /><!-- duration: 19ms -->
              <step title="Purge deployment items" date="2025-07-31T13:25:10.607" >
                <step title="Remove 13d87d05-, Success, received at 07/29/2025 09:20:24" date="2025-07-31T13:25:10.664" /><!-- duration: 5ms -->
              </step><!-- duration: 70ms -->
            </step><!-- duration: 80441ms -->
          </step><!-- duration: 80726ms -->
          <step title="Cleaning up temp files" date="2025-07-31T13:25:10.745" /><!-- duration: 1996ms -->
          <step title="Cleaning up temp files" date="2025-07-31T13:25:12.750" /><!-- duration: 513ms -->
          <step title="Reloading status file with latest updates" date="2025-07-31T13:25:13.299" >
            <step title="WebHooksManager.PublishEventAsync: PostDeployment" date="2025-07-31T13:25:13.306" /><!-- duration: 36ms -->
          </step><!-- duration: 46ms -->
          <step title="Cleaning up temporary deployment - fetch deployment was successful" date="2025-07-31T13:25:13.351" /><!-- duration: 4ms -->
        </step><!-- duration: 83621ms -->
      </step><!-- duration: 86405ms -->
