<step title="Incoming Request" date="2025-07-28T22:23:00.871" instance="a45adb" url="/api/publish?type=zip" method="POST" type="request" pid="780,1,24" Accept="*/*" Host="la-zeiterfassung-fyd4cge3d9e3cac4.scm.azurewebsites.net" User-Agent="AZURECLI/2.75.0 (HOMEBREW)" Accept-Encoding="gzip, deflate" Authorization="Bas..." Cache-Control="no-cache" Content-Type="application/octet-stream" Cookie="ARRAffinity=a45adbe19489ea2b14e790f681e17ad6f03a5528ca730625ec513d016d2b4c91; ARRAffinitySameSite=a45adbe19489ea2b14e790f681e17ad6f03a5528ca730625ec513d016d2b4c91" Content-Length="19402" x-ms-client-request-id="63d9f1b2-6c01-11f0-9087-3ecdac25f1e6" x-ms-artifact-checksum="e919433e216d954340b6e944e9646b8082594891b6069b64863520733bd13859" X-ARR-LOG-ID="63d9f1b2-6c01-11f0-9087-3ecdac25f1e6" CLIENT-IP="84.138.86.68:59419" X-SITE-DEPLOYMENT-ID="la-zeiterfassung-fyd4cge3d9e3cac4" WAS-DEFAULT-HOSTNAME="la-zeiterfassung-fyd4cge3d9e3cac4.scm.azurewebsites.net" X-Forwarded-Proto="https" X-AppService-Proto="https" X-Forwarded-TlsVersion="1.3" X-WAWS-Unencoded-URL="/api/publish?type=zip" X-Client-IP="84.138.86.68" X-Client-Port="59419" >
  <step title="Cleanup Xml Logs" date="2025-07-28T22:23:00.953" /><!-- duration: 120ms -->
  <step title="OneDeploy" date="2025-07-28T22:23:01.426" >
    <step title="Starting PushDeployAsync" date="2025-07-28T22:23:01.613" /><!-- duration: 3ms -->
    <step title="Writing artifact to /tmp/zipdeploy/fea1e26e-b1ae-497f-aa2f-d20f248d1589.zip" date="2025-07-28T22:23:01.894" >
      <step title="Writing multipart request body to /tmp/zipdeploy/fea1e26e-b1ae-497f-aa2f-d20f248d1589.zip" date="2025-07-28T22:23:01.956" /><!-- duration: 59ms -->
    </step><!-- duration: 724ms -->
    <step title="Attempting to fetch target branch HEAD" date="2025-07-28T22:23:02.802" /><!-- duration: 27ms -->
    <step title="Acquiring Deployment Lock" date="2025-07-28T22:23:02.849" /><!-- duration: 13ms -->
    <step title="Acquired Deployment Lock" date="2025-07-28T22:23:03.205" /><!-- duration: 100ms -->
    <step title="Performing fetch based deployment" date="2025-07-28T22:23:03.442" >
      <step title="Creating temporary deployment" date="2025-07-28T22:23:03.529" /><!-- duration: 1721ms -->
      <step title="Releasing Deployment Lock" date="2025-07-28T22:23:08.421" /><!-- duration: 91ms -->
      <step title="Cleaning up temp folders from previous zip deployments and extracting pushed zip file /tmp/zipdeploy/fea1e26e-b1ae-497f-aa2f-d20f248d1589.zip (0.02 MB) to /tmp/zipdeploy/extracted" date="2025-07-28T22:23:08.756" >
        <step title="ChmodRecursive Process exited with total time taken in ms: 535" date="2025-07-28T22:23:10.813" /><!-- duration: 157ms -->
      </step><!-- duration: 2408ms -->
      <step title="None repository commit" date="2025-07-28T22:23:11.261" >
        <step title="Commit id: c9287939-c4d0-41fb-865b-a3ff7b502fb8" date="2025-07-28T22:23:11.324" Message="OneDeploy" AuthorName="N/A" AuthorEmail="N/A" /><!-- duration: 37ms -->
      </step><!-- duration: 112ms -->
      <step title="Deployment timer started" date="2025-07-28T22:23:13.485" >
        <step title="DeploymentManager.Deploy(id:c9287939-c4d0-41fb-865b-a3ff7b502fb8)" date="2025-07-28T22:23:13.586" >
          <step title="Collecting changeset information" date="2025-07-28T22:23:13.759" /><!-- duration: 388ms -->
          <step title="Updating submodules" date="2025-07-28T22:23:14.296" /><!-- duration: 1726ms -->
          <step title="Determining deployment builder" date="2025-07-28T22:23:16.986" >
            <step title="Builder is OryxBuilder" date="2025-07-28T22:23:17.179" /><!-- duration: 19ms -->
          </step><!-- duration: 282ms -->
          <step title="PreDeployment: context.CleanOutputPath False" date="2025-07-28T22:23:17.591" >
            <step title="PreDeployment: context.OutputPath /home/site/wwwroot" date="2025-07-28T22:23:18.244" >
              <step title="Building" date="2025-07-28T22:23:18.905" >
                <step title="Executing external process" date="2025-07-28T22:23:20.675" type="process" path="bash" arguments="-c &quot;oryx build /tmp/zipdeploy/extracted -o /home/site/wwwroot --platform python --platform-version 3.11 -p virtualenv_name=antenv --log-file /tmp/build-debug.log  -i /tmp/8ddce2559d8179d --compress-destination-dir | tee /tmp/oryx-build.log ; exit $PIPESTATUS &quot;" >
                  <step title="Cpu: python3.11(1168,4.590s)+python3.11(1161,0.250s)+python3.11(1157,0.240s)+build.sh(1086,0.070s)+oryx(1055,5.730s)+tee(1056,0.000s)+bash(1054,0.000s)=total(10.860s)" date="2025-07-28T22:24:58.508" /><!-- duration: 39ms -->
                  <step title="bash: no io activity for 60s, prev-cpu=-1.000s, current-cpu=10.860s" date="2025-07-28T22:24:58.618" /><!-- duration: 80ms -->
                  <step title="Cpu: python3.11(1168,6.990s)+python3.11(1161,0.250s)+python3.11(1157,0.240s)+build.sh(1086,0.070s)+oryx(1055,5.920s)+tee(1056,0.000s)+bash(1054,0.000s)=total(13.460s)" date="2025-07-28T22:26:02.386" /><!-- duration: 895ms -->
                  <step title="bash: no io activity for 123s, prev-cpu=10.860s, current-cpu=13.460s" date="2025-07-28T22:26:03.632" /><!-- duration: 121ms -->
                  <step title="Cpu: python3.11(1168,9.090s)+python3.11(1161,0.250s)+python3.11(1157,0.240s)+build.sh(1086,0.070s)+oryx(1055,5.990s)+tee(1056,0.000s)+bash(1054,0.000s)=total(15.640s)" date="2025-07-28T22:27:07.206" /><!-- duration: 68ms -->
                  <step title="bash: no io activity for 188s, prev-cpu=13.460s, current-cpu=15.640s" date="2025-07-28T22:27:07.565" /><!-- duration: 31ms -->
