<step title="BackgroundTrace" date="2025-07-31T13:56:11.006" instance="a45adb" url="/api/zipdeploy" method="POST" >
  <step title="Creating temporary deployment - FetchDeploymentManager" date="2025-07-31T13:56:11.074" /><!-- duration: 3ms -->
  <step title="Creating temporary deployment" date="2025-07-31T13:56:11.080" /><!-- duration: 77ms -->
  <step title="Performing fetch based deployment" date="2025-07-31T13:56:11.235" >
    <step title="Cleaning up temp folders from previous zip deployments and extracting pushed zip file /tmp/zipdeploy/dcde1171-5972-40b2-829a-ec42b3d86f17.zip (0.02 MB) to /tmp/zipdeploy/extracted" date="2025-07-31T13:56:12.398" >
      <step title="ChmodRecursive Process exited with total time taken in ms: 70" date="2025-07-31T13:56:12.530" /><!-- duration: 17ms -->
    </step><!-- duration: 169ms -->
    <step title="Deployment timer started" date="2025-07-31T13:56:14.587" >
      <step title="DeploymentManager.Deploy(id:58f3e40b-c253-440f-83ea-acec664bf12d)" date="2025-07-31T13:56:14.596" >
        <step title="Collecting changeset information" date="2025-07-31T13:56:14.645" /><!-- duration: 96ms -->
        <step title="Updating submodules" date="2025-07-31T13:56:14.746" /><!-- duration: 1134ms -->
        <step title="Determining deployment builder" date="2025-07-31T13:56:16.120" >
          <step title="Builder is OryxBuilder" date="2025-07-31T13:56:16.150" /><!-- duration: 10ms -->
        </step><!-- duration: 51ms -->
        <step title="PreDeployment: context.CleanOutputPath False" date="2025-07-31T13:56:16.237" >
          <step title="PreDeployment: context.OutputPath /home/site/wwwroot" date="2025-07-31T13:56:16.364" >
            <step title="Building" date="2025-07-31T13:56:16.504" >
              <step title="Executing external process" date="2025-07-31T13:56:16.806" type="process" path="bash" arguments="-c &quot;oryx build /tmp/zipdeploy/extracted -o /home/site/wwwroot --platform python --platform-version 3.11 -p virtualenv_name=antenv --log-file /tmp/build-debug.log  -i /tmp/8ddd03a04af9eb6 --compress-destination-dir | tee /tmp/oryx-build.log ; exit $PIPESTATUS &quot;" /><!-- duration: 87416ms -->
              <step title="Using PythonDeploymentLogParser" date="2025-07-31T13:57:44.542" /><!-- duration: 4ms -->
              <step title="Triggering recycle (preview mode disabled)." date="2025-07-31T13:57:45.636" /><!-- duration: 6ms -->
              <step title="Modified file to trigger a restart of the app container." date="2025-07-31T13:57:45.669" /><!-- duration: 3ms -->
              <step title="Skip function trigger and logicapp sync because function is not enabled." date="2025-07-31T13:57:45.677" /><!-- duration: 3ms -->
              <step title="Purge deployment items" date="2025-07-31T13:57:46.656" >
                <step title="Remove 20d4c62e-, Success, received at 07/29/2025 09:57:38" date="2025-07-31T13:57:46.714" /><!-- duration: 2ms -->
              </step><!-- duration: 64ms -->
            </step><!-- duration: 90310ms -->
          </step><!-- duration: 90454ms -->
          <step title="Cleaning up temp files" date="2025-07-31T13:57:46.820" /><!-- duration: 1993ms -->
          <step title="Cleaning up temp files" date="2025-07-31T13:57:48.832" /><!-- duration: 520ms -->
          <step title="Reloading status file with latest updates" date="2025-07-31T13:57:49.380" >
            <step title="WebHooksManager.PublishEventAsync: PostDeployment" date="2025-07-31T13:57:49.388" /><!-- duration: 35ms -->
          </step><!-- duration: 48ms -->
          <step title="Cleaning up temporary deployment - fetch deployment was successful" date="2025-07-31T13:57:49.433" /><!-- duration: 3ms -->
        </step><!-- duration: 93246ms -->
      </step><!-- duration: 94901ms -->
