<step title="Incoming Request" date="2025-07-28T22:18:38.292" instance="a45adb" url="/api/publish?type=zip" method="POST" type="request" pid="780,1,5" Accept="*/*" Host="la-zeiterfassung-fyd4cge3d9e3cac4.scm.azurewebsites.net" User-Agent="AZURECLI/2.75.0 (HOMEBREW)" Accept-Encoding="gzip, deflate" Authorization="Bas..." Cache-Control="no-cache" Content-Type="application/octet-stream" Cookie="ARRAffinity=a45adbe19489ea2b14e790f681e17ad6f03a5528ca730625ec513d016d2b4c91; ARRAffinitySameSite=a45adbe19489ea2b14e790f681e17ad6f03a5528ca730625ec513d016d2b4c91" Content-Length="20369" x-ms-client-request-id="c8ed35ba-6c00-11f0-90fd-3ecdac25f1e6" x-ms-artifact-checksum="81044582b022a77ab893d6a0e5a368a054d236422bd541ef12fb79c5c8836b15" X-ARR-LOG-ID="c8ed35ba-6c00-11f0-90fd-3ecdac25f1e6" CLIENT-IP="84.138.86.68:61063" X-SITE-DEPLOYMENT-ID="la-zeiterfassung-fyd4cge3d9e3cac4" WAS-DEFAULT-HOSTNAME="la-zeiterfassung-fyd4cge3d9e3cac4.scm.azurewebsites.net" X-Forwarded-Proto="https" X-AppService-Proto="https" X-Forwarded-TlsVersion="1.3" X-WAWS-Unencoded-URL="/api/publish?type=zip" X-Client-IP="84.138.86.68" X-Client-Port="61063" >
  <step title="Cleanup Xml Logs" date="2025-07-28T22:18:38.303" /><!-- duration: 31ms -->
  <step title="OneDeploy" date="2025-07-28T22:18:38.624" >
    <step title="None repository commit" date="2025-07-28T22:18:38.764" >
      <step title="Commit id: dbf82489-ff53-4a39-a989-5efec0adc652" date="2025-07-28T22:18:38.774" Message="N/A" AuthorName="N/A" AuthorEmail="N/A" /><!-- duration: 10ms -->
    </step><!-- duration: 29ms -->
    <step title="Starting PushDeployAsync" date="2025-07-28T22:18:38.823" /><!-- duration: 9ms -->
    <step title="Writing artifact to /tmp/zipdeploy/0a013485-f1a1-42fb-90ed-7244244b8c7d.zip" date="2025-07-28T22:18:39.592" >
      <step title="Writing multipart request body to /tmp/zipdeploy/0a013485-f1a1-42fb-90ed-7244244b8c7d.zip" date="2025-07-28T22:18:39.804" /><!-- duration: 59ms -->
    </step><!-- duration: 836ms -->
    <step title="Attempting to fetch target branch HEAD" date="2025-07-28T22:18:40.675" /><!-- duration: 32ms -->
    <step title="Acquiring Deployment Lock" date="2025-07-28T22:18:40.735" /><!-- duration: 10ms -->
    <step title="Acquired Deployment Lock" date="2025-07-28T22:18:41.168" /><!-- duration: 32ms -->
    <step title="Performing fetch based deployment" date="2025-07-28T22:18:41.339" >
      <step title="Creating temporary deployment" date="2025-07-28T22:18:41.390" /><!-- duration: 462ms -->
      <step title="Releasing Deployment Lock" date="2025-07-28T22:18:43.731" /><!-- duration: 70ms -->
      <step title="Cleaning up temp folders from previous zip deployments and extracting pushed zip file /tmp/zipdeploy/0a013485-f1a1-42fb-90ed-7244244b8c7d.zip (0.02 MB) to /tmp/zipdeploy/extracted" date="2025-07-28T22:18:44.032" >
        <step title="ChmodRecursive Process exited with total time taken in ms: 140" date="2025-07-28T22:18:44.304" /><!-- duration: 47ms -->
      </step><!-- duration: 383ms -->
      <step title="None repository commit" date="2025-07-28T22:18:44.463" >
        <step title="Commit id: dbf82489-ff53-4a39-a989-5efec0adc652" date="2025-07-28T22:18:44.513" Message="OneDeploy" AuthorName="N/A" AuthorEmail="N/A" /><!-- duration: 11ms -->
      </step><!-- duration: 150ms -->
      <step title="Deployment timer started" date="2025-07-28T22:18:46.703" >
        <step title="DeploymentManager.Deploy(id:dbf82489-ff53-4a39-a989-5efec0adc652)" date="2025-07-28T22:18:46.734" >
          <step title="Collecting changeset information" date="2025-07-28T22:18:46.866" /><!-- duration: 420ms -->
          <step title="Updating submodules" date="2025-07-28T22:18:47.349" /><!-- duration: 1441ms -->
          <step title="Determining deployment builder" date="2025-07-28T22:18:49.890" >
            <step title="Builder is OryxBuilder" date="2025-07-28T22:18:50.113" /><!-- duration: 28ms -->
          </step><!-- duration: 313ms -->
          <step title="PreDeployment: context.CleanOutputPath False" date="2025-07-28T22:18:50.414" >
            <step title="PreDeployment: context.OutputPath /home/site/wwwroot" date="2025-07-28T22:18:50.724" >
              <step title="Building" date="2025-07-28T22:18:51.108" >
                <step title="Executing external process" date="2025-07-28T22:18:52.767" type="process" path="bash" arguments="-c &quot;oryx build /tmp/zipdeploy/extracted -o /home/site/wwwroot --platform python --platform-version 3.11 -p virtualenv_name=antenv --log-file /tmp/build-debug.log  -i /tmp/8ddce24baabe585 --compress-destination-dir | tee /tmp/oryx-build.log ; exit $PIPESTATUS &quot;" >
                  <step title="Cpu: python(974,12.550s)+ts(975,0.160s)+build.sh(973,0.000s)+build.sh(971,0.000s)+build.sh(845,0.040s)+oryx(824,6.720s)+tee(825,0.000s)+bash(823,0.000s)=total(19.460s)" date="2025-07-28T22:22:11.907" /><!-- duration: 81ms -->
                  <step title="bash: no io activity for 60s, prev-cpu=-1.000s, current-cpu=19.460s" date="2025-07-28T22:22:12.118" /><!-- duration: 42ms -->
                  <step title="Cpu: gzip(1200,2.880s)+sh(1199,0.000s)+tar(1197,0.450s)+build.sh(845,0.060s)+oryx(824,7.610s)+tee(825,0.000s)+bash(823,0.000s)=total(10.990s)" date="2025-07-28T22:25:49.207" /><!-- duration: 168ms -->
                  <step title="bash: no io activity for 60s, prev-cpu=-1.000s, current-cpu=10.990s" date="2025-07-28T22:25:49.586" /><!-- duration: 292ms -->
                  <step title="Cpu: gzip(1200,4.960s)+sh(1199,0.000s)+tar(1197,0.560s)+build.sh(845,0.060s)+oryx(824,7.650s)+tee(825,0.000s)+bash(823,0.000s)=total(13.230s)" date="2025-07-28T22:26:50.949" /><!-- duration: 66ms -->
                  <step title="bash: no io activity for 126s, prev-cpu=10.990s, current-cpu=13.230s" date="2025-07-28T22:26:51.035" /><!-- duration: 21ms -->
