<step title="Incoming Request" date="2025-05-21T19:12:38.636" instance="e0f283" url="/api/deployments/latest?deployer=ms-azuretools-vscode&amp;time=2025-05-21_19-12-31Z" method="GET" type="request" pid="776,1,81" Host="la-zeiterfassung-fyd4cge3d9e3cac4.scm.germanywestcentral-01.azurewebsites.net" User-Agent="vscode-azureappservice/0.26.1 core-rest-pipeline/1.19.1 Node/20.19.0 OS/(arm64-Darwin-24.3.0)" Accept-Encoding="gzip,deflate" Accept-Language="de" Authorization="Bea..." x-ms-correlation-request-id="c54e854b-1a9e-4f3f-9a39-3606dd328365" x-ms-client-request-id="cb4f7da8-a037-43fe-916b-15cc288ddc82" X-ARR-LOG-ID="cb4f7da8-a037-43fe-916b-15cc288ddc82" CLIENT-IP="84.138.91.166:61622" X-SITE-DEPLOYMENT-ID="LA-Zeiterfassung" WAS-DEFAULT-HOSTNAME="la-zeiterfassung-fyd4cge3d9e3cac4.scm.germanywestcentral-01.azurewebsites.net" X-Forwarded-Proto="https" X-AppService-Proto="https" X-Forwarded-TlsVersion="1.3" X-WAWS-Unencoded-URL="/api/deployments/latest?deployer=ms-azuretools-vscode&amp;time=2025-05-21_19-12-31Z" X-Client-IP="84.138.91.166" X-Client-Port="61622" >
  <step title="Cleanup Xml Logs" date="2025-05-21T19:12:38.656" >
    <step title="Cleanup Infos" date="2025-05-21T19:12:38.745" totalFiles="283" totalCleanup="123" /><!-- duration: 19ms -->
  </step><!-- duration: 120ms -->
  <step title="DeploymentService.GetResult" date="2025-05-21T19:12:38.834" >
    <step title="DeploymentService.GetLatestDeployment" date="2025-05-21T19:12:38.844" >
      <step title="DeploymentManager.GetResults" date="2025-05-21T19:12:38.864" /><!-- duration: 1199ms -->
    </step><!-- duration: 1260ms -->
  </step><!-- duration: 1370ms -->
  <step title="Outgoing response" date="2025-05-21T19:12:40.241" type="response" statusCode="202" statusText="Accepted" /><!-- duration: 10ms -->
</step><!-- duration: 1627ms -->
