<step title="Incoming Request" date="2025-05-21T20:01:12.092" instance="e0f283" url="/api/zipdeploy?author=ms-azuretools-vscode&amp;deployer=ms-azuretools-vscode&amp;isAsync=true&amp;trackDeploymentId=true" method="POST" type="request" pid="772,1,7" Host="la-zeiterfassung-fyd4cge3d9e3cac4.scm.germanywestcentral-01.azurewebsites.net" User-Agent="vscode-azureappservice/0.26.1 core-rest-pipeline/1.19.1 Node/20.19.0 OS/(arm64-Darwin-24.3.0)" Accept-Encoding="gzip,deflate" Accept-Language="de" Authorization="Bea..." Transfer-Encoding="chunked" x-ms-correlation-request-id="e2fdff24-57d5-4ebd-93d7-797da94c8366" x-ms-client-request-id="0be51bed-3a45-43fb-b990-12411b971152" X-ARR-LOG-ID="0be51bed-3a45-43fb-b990-12411b971152" CLIENT-IP="84.138.91.166:59996" X-SITE-DEPLOYMENT-ID="LA-Zeiterfassung" WAS-DEFAULT-HOSTNAME="la-zeiterfassung-fyd4cge3d9e3cac4.scm.germanywestcentral-01.azurewebsites.net" X-Forwarded-Proto="https" X-AppService-Proto="https" X-Forwarded-TlsVersion="1.3" X-WAWS-Unencoded-URL="/api/zipdeploy?author=ms-azuretools-vscode&amp;deployer=ms-azuretools-vscode&amp;isAsync=true&amp;trackDeploymentId=true" X-Client-IP="84.138.91.166" X-Client-Port="59996" >
  <step title="Cleanup Xml Logs" date="2025-05-21T20:01:12.096" >
    <step title="Cleanup Infos" date="2025-05-21T20:01:12.107" totalFiles="326" totalCleanup="166" /><!-- duration: 9ms -->
  </step><!-- duration: 22ms -->
  <step title="ZipPushDeploy" date="2025-05-21T20:01:12.211" >
    <step title="ZipDeploy. Extract zip." date="2025-05-21T20:01:12.220" /><!-- duration: 9ms -->
    <step title="Starting PushDeployAsync" date="2025-05-21T20:01:12.242" /><!-- duration: 2ms -->
    <step title="Error occurred" date="2025-05-21T20:01:12.298" type="error" text="Error removing symlink: Path doesn&apos;t exist!" stackTrace="   at Mono.Unix.UnixFileSystemInfo.AssertValid()
   at Mono.Unix.UnixFileSystemInfo.get_FileType()
   at Kudu.Services.Deployment.PushDeploymentController.PushDeployAsync(ArtifactDeploymentInfo deploymentInfo, Boolean isAsync, HttpContext context, JObject requestJson) in /tmp/KuduLite/Kudu.Services/Deployment/PushDeploymentController.cs:line 740" /><!-- duration: 3ms -->
    <step title="Writing artifact to /tmp/zipdeploy/474d584c-610e-4f04-919b-035e4974c34e.zip" date="2025-05-21T20:01:12.309" >
      <step title="Writing multipart request body to /tmp/zipdeploy/474d584c-610e-4f04-919b-035e4974c34e.zip" date="2025-05-21T20:01:12.311" /><!-- duration: 8ms -->
    </step><!-- duration: 60ms -->
    <step title="Removing previous build artifact&apos;s manifest file" date="2025-05-21T20:01:12.393" >
      <step title="Start deployment in the background" date="2025-05-21T20:01:12.442" >
        <step title="Acquiring Deployment Lock" date="2025-05-21T20:01:12.471" /><!-- duration: 6ms -->
        <step title="Acquired Deployment Lock" date="2025-05-21T20:01:12.515" /><!-- duration: 2ms -->
      </step><!-- duration: 154ms -->
    </step><!-- duration: 210ms -->
    <step title="Outgoing response" date="2025-05-21T20:01:12.606" type="response" statusCode="202" statusText="Accepted" /><!-- duration: 2ms -->
  </step><!-- duration: 400ms -->
