<step title="BackgroundTrace" date="2025-07-31T13:37:17.532" instance="a45adb" url="/api/zipdeploy" method="POST" >
  <step title="Creating temporary deployment - FetchDeploymentManager" date="2025-07-31T13:37:17.696" /><!-- duration: 9ms -->
  <step title="Creating temporary deployment" date="2025-07-31T13:37:17.744" /><!-- duration: 113ms -->
  <step title="Performing fetch based deployment" date="2025-07-31T13:37:18.224" >
    <step title="Cleaning up temp folders from previous zip deployments and extracting pushed zip file /tmp/zipdeploy/baaac8a7-bddc-4a66-b211-77ec01bd8bd0.zip (0.02 MB) to /tmp/zipdeploy/extracted" date="2025-07-31T13:37:19.619" >
      <step title="ChmodRecursive Process exited with total time taken in ms: 171" date="2025-07-31T13:37:19.902" /><!-- duration: 9ms -->
    </step><!-- duration: 311ms -->
    <step title="Deployment timer started" date="2025-07-31T13:37:21.973" >
      <step title="DeploymentManager.Deploy(id:0d75d7e3-ca02-4d13-958f-0aa5fc11a167)" date="2025-07-31T13:37:21.992" >
        <step title="Collecting changeset information" date="2025-07-31T13:37:22.084" /><!-- duration: 233ms -->
        <step title="Updating submodules" date="2025-07-31T13:37:22.345" /><!-- duration: 1329ms -->
        <step title="Determining deployment builder" date="2025-07-31T13:37:24.039" >
          <step title="Builder is OryxBuilder" date="2025-07-31T13:37:24.097" /><!-- duration: 20ms -->
        </step><!-- duration: 97ms -->
        <step title="PreDeployment: context.CleanOutputPath False" date="2025-07-31T13:37:24.257" >
          <step title="PreDeployment: context.OutputPath /home/site/wwwroot" date="2025-07-31T13:37:24.507" >
            <step title="Building" date="2025-07-31T13:37:24.739" >
              <step title="Executing external process" date="2025-07-31T13:37:25.573" type="process" path="bash" arguments="-c &quot;oryx build /tmp/zipdeploy/extracted -o /home/site/wwwroot --platform python --platform-version 3.11 -p virtualenv_name=antenv --log-file /tmp/build-debug.log  -i /tmp/8ddd03761f31edd --compress-destination-dir | tee /tmp/oryx-build.log ; exit $PIPESTATUS &quot;" /><!-- duration: 68298ms -->
              <step title="Using PythonDeploymentLogParser" date="2025-07-31T13:38:34.209" /><!-- duration: 4ms -->
              <step title="Triggering recycle (preview mode disabled)." date="2025-07-31T13:38:35.204" /><!-- duration: 13ms -->
              <step title="Modified file to trigger a restart of the app container." date="2025-07-31T13:38:35.251" /><!-- duration: 3ms -->
              <step title="Skip function trigger and logicapp sync because function is not enabled." date="2025-07-31T13:38:35.260" /><!-- duration: 9ms -->
              <step title="Purge deployment items" date="2025-07-31T13:38:36.314" >
                <step title="Remove e46d357b-, Success, received at 07/29/2025 09:32:25" date="2025-07-31T13:38:36.373" /><!-- duration: 3ms -->
              </step><!-- duration: 66ms -->
            </step><!-- duration: 71702ms -->
          </step><!-- duration: 71940ms -->
          <step title="Cleaning up temp files" date="2025-07-31T13:38:36.449" /><!-- duration: 1908ms -->
          <step title="Cleaning up temp files" date="2025-07-31T13:38:38.366" /><!-- duration: 512ms -->
          <step title="Reloading status file with latest updates" date="2025-07-31T13:38:38.909" >
            <step title="WebHooksManager.PublishEventAsync: PostDeployment" date="2025-07-31T13:38:38.921" /><!-- duration: 68ms -->
          </step><!-- duration: 85ms -->
          <step title="Cleaning up temporary deployment - fetch deployment was successful" date="2025-07-31T13:38:39.001" /><!-- duration: 3ms -->
        </step><!-- duration: 74790ms -->
      </step><!-- duration: 77071ms -->
