<step title="Incoming Request" date="2025-07-31T19:22:49.075" instance="a45adb" url="/api/deployments/latest" method="GET" type="request" pid="769,1,66" Accept="*/*" Host="la-zeiterfassung-fyd4cge3d9e3cac4.scm.azurewebsites.net" User-Agent="AZURECLI/2.75.0 (HOMEBREW)" Accept-Encoding="gzip, deflate" Authorization="Bas..." x-ms-client-request-id="b82072e8-6e43-11f0-9520-3ecdac25f1e6" X-ARR-LOG-ID="b82072e8-6e43-11f0-9520-3ecdac25f1e6" CLIENT-IP="84.138.86.68:63610" X-SITE-DEPLOYMENT-ID="la-zeiterfassung-fyd4cge3d9e3cac4" WAS-DEFAULT-HOSTNAME="la-zeiterfassung-fyd4cge3d9e3cac4.scm.azurewebsites.net" X-Forwarded-Proto="https" X-AppService-Proto="https" X-Forwarded-TlsVersion="1.3" X-WAWS-Unencoded-URL="/api/deployments/latest" X-Client-IP="84.138.86.68" X-Client-Port="63610" >
  <step title="Cleanup Xml Logs" date="2025-07-31T19:22:49.094" >
    <step title="Cleanup Infos" date="2025-07-31T19:22:49.130" totalFiles="321" totalCleanup="161" /><!-- duration: 3ms -->
  </step><!-- duration: 43ms -->
  <step title="DeploymentService.GetResult" date="2025-07-31T19:22:49.161" >
    <step title="DeploymentService.GetLatestDeployment" date="2025-07-31T19:22:49.166" >
      <step title="DeploymentManager.GetResults" date="2025-07-31T19:22:49.171" /><!-- duration: 532ms -->
    </step><!-- duration: 543ms -->
  </step><!-- duration: 574ms -->
  <step title="Outgoing response" date="2025-07-31T19:22:49.744" type="response" statusCode="202" statusText="Accepted" /><!-- duration: 23ms -->
</step><!-- duration: 716ms -->
