<step title="Incoming Request" date="2025-07-31T18:34:21.149" instance="a45adb" url="/api/deployments/latest" method="GET" type="request" pid="769,1,59" Accept="*/*" Host="la-zeiterfassung-fyd4cge3d9e3cac4.scm.azurewebsites.net" User-Agent="AZURECLI/2.75.0 (HOMEBREW)" Accept-Encoding="gzip, deflate" Authorization="Bas..." x-ms-client-request-id="f2b8fc88-6e3c-11f0-aa2f-3ecdac25f1e6" X-ARR-LOG-ID="f2b8fc88-6e3c-11f0-aa2f-3ecdac25f1e6" CLIENT-IP="84.138.86.68:61485" X-SITE-DEPLOYMENT-ID="la-zeiterfassung-fyd4cge3d9e3cac4" WAS-DEFAULT-HOSTNAME="la-zeiterfassung-fyd4cge3d9e3cac4.scm.azurewebsites.net" X-Forwarded-Proto="https" X-AppService-Proto="https" X-Forwarded-TlsVersion="1.3" X-WAWS-Unencoded-URL="/api/deployments/latest" X-Client-IP="84.138.86.68" X-Client-Port="61485" >
  <step title="Cleanup Xml Logs" date="2025-07-31T18:34:21.152" >
    <step title="Cleanup Infos" date="2025-07-31T18:34:21.162" totalFiles="290" totalCleanup="130" /><!-- duration: 3ms -->
  </step><!-- duration: 16ms -->
  <step title="DeploymentService.GetResult" date="2025-07-31T18:34:21.175" >
    <step title="DeploymentService.GetLatestDeployment" date="2025-07-31T18:34:21.177" >
      <step title="DeploymentManager.GetResults" date="2025-07-31T18:34:21.180" /><!-- duration: 527ms -->
    </step><!-- duration: 541ms -->
  </step><!-- duration: 552ms -->
  <step title="Outgoing response" date="2025-07-31T18:34:21.821" type="response" statusCode="202" statusText="Accepted" /><!-- duration: 28ms -->
</step><!-- duration: 709ms -->
