<step title="BackgroundTrace" date="2025-05-21T16:59:16.123" instance="e0f283" url="/api/zipdeploy" method="POST" >
  <step title="Creating temporary deployment - FetchDeploymentManager" date="2025-05-21T16:59:16.206" /><!-- duration: 3ms -->
  <step title="Creating temporary deployment" date="2025-05-21T16:59:16.218" /><!-- duration: 63ms -->
  <step title="Performing fetch based deployment" date="2025-05-21T16:59:16.365" >
    <step title="Cleaning up temp folders from previous zip deployments and extracting pushed zip file /tmp/zipdeploy/51dd93b8-e852-48ff-b8e4-358b0d31c979.zip (0.01 MB) to /tmp/zipdeploy/extracted" date="2025-05-21T16:59:17.599" >
      <step title="ChmodRecursive Process exited with total time taken in ms: 143" date="2025-05-21T16:59:17.782" /><!-- duration: 2ms -->
    </step><!-- duration: 194ms -->
    <step title="Deployment timer started" date="2025-05-21T16:59:19.813" >
      <step title="DeploymentManager.Deploy(id:83210939-af65-4bde-a058-d860bbc19aab)" date="2025-05-21T16:59:19.822" >
        <step title="Collecting changeset information" date="2025-05-21T16:59:19.854" /><!-- duration: 106ms -->
        <step title="Updating submodules" date="2025-05-21T16:59:19.971" /><!-- duration: 1139ms -->
        <step title="Determining deployment builder" date="2025-05-21T16:59:21.347" >
          <step title="Builder is OryxBuilder" date="2025-05-21T16:59:21.365" /><!-- duration: 9ms -->
        </step><!-- duration: 36ms -->
        <step title="PreDeployment: context.CleanOutputPath False" date="2025-05-21T16:59:21.430" >
          <step title="PreDeployment: context.OutputPath /home/site/wwwroot" date="2025-05-21T16:59:21.541" >
            <step title="Building" date="2025-05-21T16:59:21.668" >
              <step title="Executing external process" date="2025-05-21T16:59:21.943" type="process" path="bash" arguments="-c &quot;oryx build /tmp/zipdeploy/extracted -o /home/site/wwwroot --platform python --platform-version 3.11 -p virtualenv_name=antenv --log-file /tmp/build-debug.log  -i /tmp/8dd9888d50d271e --compress-destination-dir | tee /tmp/oryx-build.log ; exit $PIPESTATUS &quot;" /><!-- duration: 104587ms -->
              <step title="Using PythonDeploymentLogParser" date="2025-05-21T17:01:06.769" /><!-- duration: 3ms -->
              <step title="Triggering recycle (preview mode disabled)." date="2025-05-21T17:01:07.570" /><!-- duration: 16ms -->
              <step title="Modified file to trigger a restart of the app container." date="2025-05-21T17:01:07.605" /><!-- duration: 9ms -->
              <step title="Skip function trigger and logicapp sync because function is not enabled." date="2025-05-21T17:01:07.633" /><!-- duration: 9ms -->
              <step title="Purge deployment items" date="2025-05-21T17:01:08.241" >
                <step title="Remove 3d9e75e9-, Failed, received at 05/21/2025 16:42:10" date="2025-05-21T17:01:08.285" /><!-- duration: 8ms -->
                <step title="Remove temp-5106, Failed, received at 05/21/2025 16:42:05" date="2025-05-21T17:01:08.331" /><!-- duration: 2ms -->
              </step><!-- duration: 102ms -->
            </step><!-- duration: 106741ms -->
          </step><!-- duration: 106873ms -->
          <step title="Cleaning up temp files" date="2025-05-21T17:01:08.416" /><!-- duration: 1889ms -->
          <step title="Cleaning up temp files" date="2025-05-21T17:01:10.316" /><!-- duration: 508ms -->
          <step title="Reloading status file with latest updates" date="2025-05-21T17:01:10.852" >
            <step title="WebHooksManager.PublishEventAsync: PostDeployment" date="2025-05-21T17:01:10.860" /><!-- duration: 118ms -->
          </step><!-- duration: 129ms -->
          <step title="Cleaning up temporary deployment - fetch deployment was successful" date="2025-05-21T17:01:10.987" /><!-- duration: 3ms -->
        </step><!-- duration: 109602ms -->
      </step><!-- duration: 111225ms -->
