<step title="Incoming Request" date="2025-07-29T06:49:41.887" instance="a45adb" url="/api/publish?type=zip" method="POST" type="request" pid="769,1,18" Accept="*/*" Host="la-zeiterfassung-fyd4cge3d9e3cac4.scm.azurewebsites.net" User-Agent="AZURECLI/2.75.0 (HOMEBREW)" Accept-Encoding="gzip, deflate" Authorization="Bas..." Cache-Control="no-cache" Content-Type="application/octet-stream" Cookie="ARRAffinity=a45adbe19489ea2b14e790f681e17ad6f03a5528ca730625ec513d016d2b4c91; ARRAffinitySameSite=a45adbe19489ea2b14e790f681e17ad6f03a5528ca730625ec513d016d2b4c91" Content-Length="1621" x-ms-client-request-id="2f9ef7a2-6c48-11f0-a64d-3ecdac25f1e6" x-ms-artifact-checksum="5e48401f3a7aaed9b946597ec64df170133be83dd81c6ce36f766bd21a611776" X-ARR-LOG-ID="2f9ef7a2-6c48-11f0-a64d-3ecdac25f1e6" CLIENT-IP="84.138.86.68:62084" X-SITE-DEPLOYMENT-ID="la-zeiterfassung-fyd4cge3d9e3cac4" WAS-DEFAULT-HOSTNAME="la-zeiterfassung-fyd4cge3d9e3cac4.scm.azurewebsites.net" X-Forwarded-Proto="https" X-AppService-Proto="https" X-Forwarded-TlsVersion="1.3" X-WAWS-Unencoded-URL="/api/publish?type=zip" X-Client-IP="84.138.86.68" X-Client-Port="62084" >
  <step title="OneDeploy" date="2025-07-29T06:49:41.946" >
    <step title="Starting PushDeployAsync" date="2025-07-29T06:49:41.957" /><!-- duration: 2ms -->
    <step title="Writing artifact to /tmp/zipdeploy/ac000b6e-5564-445f-b77b-c251e35aa239.zip" date="2025-07-29T06:49:41.983" >
      <step title="Writing multipart request body to /tmp/zipdeploy/ac000b6e-5564-445f-b77b-c251e35aa239.zip" date="2025-07-29T06:49:41.992" /><!-- duration: 3ms -->
    </step><!-- duration: 221ms -->
    <step title="Removing previous build artifact&apos;s manifest file" date="2025-07-29T06:49:42.216" >
      <step title="Attempting to fetch target branch HEAD" date="2025-07-29T06:49:42.254" /><!-- duration: 13ms -->
      <step title="Acquiring Deployment Lock" date="2025-07-29T06:49:42.270" /><!-- duration: 4ms -->
      <step title="Acquired Deployment Lock" date="2025-07-29T06:49:42.307" /><!-- duration: 3ms -->
      <step title="Performing fetch based deployment" date="2025-07-29T06:49:42.317" >
        <step title="Creating temporary deployment" date="2025-07-29T06:49:42.320" /><!-- duration: 62ms -->
        <step title="Releasing Deployment Lock" date="2025-07-29T06:49:43.509" /><!-- duration: 5ms -->
        <step title="Cleaning up temp folders from previous zip deployments and extracting pushed zip file /tmp/zipdeploy/ac000b6e-5564-445f-b77b-c251e35aa239.zip (0.00 MB) to /tmp/zipdeploy/extracted" date="2025-07-29T06:49:43.618" >
          <step title="ChmodRecursive Process exited with total time taken in ms: 158" date="2025-07-29T06:49:43.815" /><!-- duration: 9ms -->
        </step><!-- duration: 219ms -->
        <step title="None repository commit" date="2025-07-29T06:49:43.847" >
          <step title="Commit id: c14941de-903d-4836-9e04-cd172f21c627" date="2025-07-29T06:49:43.857" Message="OneDeploy" AuthorName="N/A" AuthorEmail="N/A" /><!-- duration: 10ms -->
        </step><!-- duration: 23ms -->
        <step title="Deployment timer started" date="2025-07-29T06:49:45.875" >
          <step title="DeploymentManager.Deploy(id:c14941de-903d-4836-9e04-cd172f21c627)" date="2025-07-29T06:49:45.895" >
            <step title="Collecting changeset information" date="2025-07-29T06:49:45.922" /><!-- duration: 84ms -->
            <step title="Updating submodules" date="2025-07-29T06:49:46.013" /><!-- duration: 1211ms -->
            <step title="Determining deployment builder" date="2025-07-29T06:49:47.455" >
              <step title="Builder is OryxBuilder" date="2025-07-29T06:49:47.472" /><!-- duration: 3ms -->
            </step><!-- duration: 23ms -->
            <step title="PreDeployment: context.CleanOutputPath False" date="2025-07-29T06:49:47.520" >
              <step title="PreDeployment: context.OutputPath /home/site/wwwroot" date="2025-07-29T06:49:47.637" >
                <step title="Building" date="2025-07-29T06:49:47.770" >
                  <step title="Executing external process" date="2025-07-29T06:49:48.091" type="process" path="bash" arguments="-c &quot;oryx build /tmp/zipdeploy/extracted -o /home/site/wwwroot --platform python --platform-version 3.11 -p virtualenv_name=antenv --log-file /tmp/build-debug.log  -i /tmp/8ddce6c1bced07a --compress-destination-dir | tee /tmp/oryx-build.log ; exit $PIPESTATUS &quot;" /><!-- duration: 48316ms -->
                  <step title="Using PythonDeploymentLogParser" date="2025-07-29T06:50:36.898" /><!-- duration: 4ms -->
                  <step title="Modified file to trigger a restart of the app container." date="2025-07-29T06:50:38.020" /><!-- duration: 5ms -->
                  <step title="Skip function trigger and logicapp sync because function is not enabled." date="2025-07-29T06:50:38.028" /><!-- duration: 8ms -->
                  <step title="Purge deployment items" date="2025-07-29T06:50:39.042" >
                    <step title="Remove f81ef343-, Success, received at 07/28/2025 22:49:44" date="2025-07-29T06:50:39.107" /><!-- duration: 3ms -->
                  </step><!-- duration: 71ms -->
                </step><!-- duration: 51439ms -->
              </step><!-- duration: 51590ms -->
              <step title="Cleaning up temp files" date="2025-07-29T06:50:39.237" /><!-- duration: 1819ms -->
              <step title="Cleaning up temp files" date="2025-07-29T06:50:41.062" /><!-- duration: 516ms -->
              <step title="Reloading status file with latest updates" date="2025-07-29T06:50:41.608" >
                <step title="WebHooksManager.PublishEventAsync: PostDeployment" date="2025-07-29T06:50:41.617" /><!-- duration: 33ms -->
              </step><!-- duration: 45ms -->
              <step title="Cleaning up temporary deployment - fetch deployment was successful" date="2025-07-29T06:50:41.659" /><!-- duration: 3ms -->
            </step><!-- duration: 54191ms -->
          </step><!-- duration: 55820ms -->
          <step title="Outgoing response" date="2025-07-29T06:50:41.724" type="response" statusCode="200" statusText="OK" /><!-- duration: 10ms -->
        </step><!-- duration: 55863ms -->
