<step title="BackgroundTrace" date="2025-07-31T20:38:31.676" instance="a45adb" url="/api/zipdeploy" method="POST" >
  <step title="Creating temporary deployment - FetchDeploymentManager" date="2025-07-31T20:38:31.756" /><!-- duration: 4ms -->
  <step title="Creating temporary deployment" date="2025-07-31T20:38:31.772" /><!-- duration: 62ms -->
  <step title="Performing fetch based deployment" date="2025-07-31T20:38:31.882" >
    <step title="Cleaning up temp folders from previous zip deployments and extracting pushed zip file /tmp/zipdeploy/c903aab8-0a6c-47bb-a77b-6e731d654f3d.zip (0.39 MB) to /tmp/zipdeploy/extracted" date="2025-07-31T20:38:33.143" >
      <step title="ChmodRecursive Process exited with total time taken in ms: 75" date="2025-07-31T20:38:33.367" /><!-- duration: 11ms -->
    </step><!-- duration: 244ms -->
    <step title="Deployment timer started" date="2025-07-31T20:38:35.424" >
      <step title="DeploymentManager.Deploy(id:0bc0bc6c-1c40-4c7a-8259-b1f7e268d6e2)" date="2025-07-31T20:38:35.472" >
        <step title="Collecting changeset information" date="2025-07-31T20:38:35.551" /><!-- duration: 262ms -->
        <step title="Updating submodules" date="2025-07-31T20:38:35.829" /><!-- duration: 1130ms -->
        <step title="Determining deployment builder" date="2025-07-31T20:38:37.190" >
          <step title="Builder is OryxBuilder" date="2025-07-31T20:38:37.209" /><!-- duration: 8ms -->
        </step><!-- duration: 30ms -->
        <step title="PreDeployment: context.CleanOutputPath False" date="2025-07-31T20:38:37.278" >
          <step title="PreDeployment: context.OutputPath /home/site/wwwroot" date="2025-07-31T20:38:37.389" >
            <step title="Building" date="2025-07-31T20:38:37.787" >
              <step title="Executing external process" date="2025-07-31T20:38:38.304" type="process" path="bash" arguments="-c &quot;oryx build /tmp/zipdeploy/extracted -o /home/site/wwwroot --platform python --platform-version 3.11 -p virtualenv_name=antenv --log-file /tmp/build-debug.log  -i /tmp/8ddd07239df8833 --compress-destination-dir | tee /tmp/oryx-build.log ; exit $PIPESTATUS &quot;" /><!-- duration: 47107ms -->
              <step title="Using PythonDeploymentLogParser" date="2025-07-31T20:39:25.830" /><!-- duration: 9ms -->
              <step title="Triggering recycle (preview mode disabled)." date="2025-07-31T20:39:26.959" /><!-- duration: 11ms -->
              <step title="Modified file to trigger a restart of the app container." date="2025-07-31T20:39:27.003" /><!-- duration: 3ms -->
              <step title="Skip function trigger and logicapp sync because function is not enabled." date="2025-07-31T20:39:27.009" /><!-- duration: 7ms -->
              <step title="Purge deployment items" date="2025-07-31T20:39:28.045" >
                <step title="Remove 80330eac-, Success, received at 07/31/2025 18:24:21" date="2025-07-31T20:39:28.106" /><!-- duration: 3ms -->
              </step><!-- duration: 66ms -->
            </step><!-- duration: 50412ms -->
          </step><!-- duration: 50823ms -->
          <step title="Cleaning up temp files" date="2025-07-31T20:39:28.221" /><!-- duration: 2106ms -->
          <step title="Cleaning up temp files" date="2025-07-31T20:39:30.336" /><!-- duration: 510ms -->
          <step title="Reloading status file with latest updates" date="2025-07-31T20:39:30.879" >
            <step title="WebHooksManager.PublishEventAsync: PostDeployment" date="2025-07-31T20:39:30.893" /><!-- duration: 51ms -->
          </step><!-- duration: 67ms -->
          <step title="Cleaning up temporary deployment - fetch deployment was successful" date="2025-07-31T20:39:30.953" /><!-- duration: 4ms -->
        </step><!-- duration: 53730ms -->
      </step><!-- duration: 55554ms -->
