<step title="Incoming Request" date="2025-07-29T09:48:16.430" instance="a45adb" url="/api/publish?type=zip" method="POST" type="request" pid="769,1,23" Accept="*/*" Host="la-zeiterfassung-fyd4cge3d9e3cac4.scm.azurewebsites.net" User-Agent="AZURECLI/2.75.0 (HOMEBREW)" Accept-Encoding="gzip, deflate" Authorization="Bas..." Cache-Control="no-cache" Content-Type="application/octet-stream" Cookie="ARRAffinity=a45adbe19489ea2b14e790f681e17ad6f03a5528ca730625ec513d016d2b4c91; ARRAffinitySameSite=a45adbe19489ea2b14e790f681e17ad6f03a5528ca730625ec513d016d2b4c91" Content-Length="7780" x-ms-client-request-id="2244e382-6c61-11f0-b95b-3ecdac25f1e6" x-ms-artifact-checksum="0034977b7114975aac61d76490e590384721ef55bc4861047346d8a76f4adc7e" X-ARR-LOG-ID="2244e382-6c61-11f0-b95b-3ecdac25f1e6" CLIENT-IP="84.138.86.68:61086" X-SITE-DEPLOYMENT-ID="la-zeiterfassung-fyd4cge3d9e3cac4" WAS-DEFAULT-HOSTNAME="la-zeiterfassung-fyd4cge3d9e3cac4.scm.azurewebsites.net" X-Forwarded-Proto="https" X-AppService-Proto="https" X-Forwarded-TlsVersion="1.3" X-WAWS-Unencoded-URL="/api/publish?type=zip" X-Client-IP="84.138.86.68" X-Client-Port="61086" >
  <step title="OneDeploy" date="2025-07-29T09:48:16.440" >
    <step title="Starting PushDeployAsync" date="2025-07-29T09:48:16.449" /><!-- duration: 3ms -->
    <step title="Writing artifact to /tmp/zipdeploy/f9e93972-f781-4c84-929b-a836c0439c96.zip" date="2025-07-29T09:48:16.468" >
      <step title="Writing multipart request body to /tmp/zipdeploy/f9e93972-f781-4c84-929b-a836c0439c96.zip" date="2025-07-29T09:48:16.472" /><!-- duration: 3ms -->
    </step><!-- duration: 62ms -->
    <step title="Removing previous build artifact&apos;s manifest file" date="2025-07-29T09:48:16.540" >
      <step title="Attempting to fetch target branch HEAD" date="2025-07-29T09:48:16.563" /><!-- duration: 3ms -->
      <step title="Acquiring Deployment Lock" date="2025-07-29T09:48:16.570" /><!-- duration: 3ms -->
      <step title="Acquired Deployment Lock" date="2025-07-29T09:48:16.597" /><!-- duration: 3ms -->
      <step title="Performing fetch based deployment" date="2025-07-29T09:48:16.606" >
        <step title="Creating temporary deployment" date="2025-07-29T09:48:16.609" /><!-- duration: 81ms -->
        <step title="Releasing Deployment Lock" date="2025-07-29T09:48:17.837" /><!-- duration: 6ms -->
        <step title="Cleaning up temp folders from previous zip deployments and extracting pushed zip file /tmp/zipdeploy/f9e93972-f781-4c84-929b-a836c0439c96.zip (0.01 MB) to /tmp/zipdeploy/extracted" date="2025-07-29T09:48:17.892" >
          <step title="ChmodRecursive Process exited with total time taken in ms: 180" date="2025-07-29T09:48:18.091" /><!-- duration: 10ms -->
        </step><!-- duration: 228ms -->
        <step title="None repository commit" date="2025-07-29T09:48:18.124" >
          <step title="Commit id: 59fcb6ab-9b48-4cc2-a2d0-67b9b40bb23e" date="2025-07-29T09:48:18.141" Message="OneDeploy" AuthorName="N/A" AuthorEmail="N/A" /><!-- duration: 10ms -->
        </step><!-- duration: 30ms -->
        <step title="Deployment timer started" date="2025-07-29T09:48:20.163" >
          <step title="DeploymentManager.Deploy(id:59fcb6ab-9b48-4cc2-a2d0-67b9b40bb23e)" date="2025-07-29T09:48:20.177" >
            <step title="Collecting changeset information" date="2025-07-29T09:48:20.208" /><!-- duration: 104ms -->
            <step title="Updating submodules" date="2025-07-29T09:48:20.318" /><!-- duration: 1125ms -->
            <step title="Determining deployment builder" date="2025-07-29T09:48:21.629" >
              <step title="Builder is OryxBuilder" date="2025-07-29T09:48:21.643" /><!-- duration: 3ms -->
            </step><!-- duration: 20ms -->
            <step title="PreDeployment: context.CleanOutputPath False" date="2025-07-29T09:48:21.710" >
              <step title="PreDeployment: context.OutputPath /home/site/wwwroot" date="2025-07-29T09:48:21.815" >
                <step title="Building" date="2025-07-29T09:48:21.934" >
                  <step title="Executing external process" date="2025-07-29T09:48:22.247" type="process" path="bash" arguments="-c &quot;oryx build /tmp/zipdeploy/extracted -o /home/site/wwwroot --platform python --platform-version 3.11 -p virtualenv_name=antenv --log-file /tmp/build-debug.log  -i /tmp/8ddce850df3b593 --compress-destination-dir | tee /tmp/oryx-build.log ; exit $PIPESTATUS &quot;" /><!-- duration: 68541ms -->
                  <step title="Using PythonDeploymentLogParser" date="2025-07-29T09:49:31.222" /><!-- duration: 4ms -->
                  <step title="Modified file to trigger a restart of the app container." date="2025-07-29T09:49:32.447" /><!-- duration: 6ms -->
                  <step title="Skip function trigger and logicapp sync because function is not enabled." date="2025-07-29T09:49:32.471" /><!-- duration: 4ms -->
                  <step title="Purge deployment items" date="2025-07-29T09:49:33.487" >
                    <step title="Remove f31991bc-, Success, received at 07/29/2025 08:35:09" date="2025-07-29T09:49:33.560" /><!-- duration: 4ms -->
                  </step><!-- duration: 85ms -->
                </step><!-- duration: 71710ms -->
              </step><!-- duration: 71841ms -->
              <step title="Cleaning up temp files" date="2025-07-29T09:49:33.658" /><!-- duration: 1943ms -->
              <step title="Cleaning up temp files" date="2025-07-29T09:49:35.619" /><!-- duration: 514ms -->
              <step title="Reloading status file with latest updates" date="2025-07-29T09:49:36.232" >
                <step title="WebHooksManager.PublishEventAsync: PostDeployment" date="2025-07-29T09:49:36.259" /><!-- duration: 70ms -->
              </step><!-- duration: 107ms -->
              <step title="Cleaning up temporary deployment - fetch deployment was successful" date="2025-07-29T09:49:36.351" /><!-- duration: 7ms -->
            </step><!-- duration: 74797ms -->
          </step><!-- duration: 76346ms -->
          <step title="Outgoing response" date="2025-07-29T09:49:36.544" type="response" statusCode="200" statusText="OK" /><!-- duration: 3ms -->
        </step><!-- duration: 76390ms -->
