<step title="Incoming Request" date="2025-07-29T09:20:20.957" instance="a45adb" url="/api/publish?type=zip" method="POST" type="request" pid="769,1,24" Accept="*/*" Host="la-zeiterfassung-fyd4cge3d9e3cac4.scm.azurewebsites.net" User-Agent="AZURECLI/2.75.0 (HOMEBREW)" Accept-Encoding="gzip, deflate" Authorization="Bas..." Cache-Control="no-cache" Content-Type="application/octet-stream" Cookie="ARRAffinity=a45adbe19489ea2b14e790f681e17ad6f03a5528ca730625ec513d016d2b4c91; ARRAffinitySameSite=a45adbe19489ea2b14e790f681e17ad6f03a5528ca730625ec513d016d2b4c91" Content-Length="3191" x-ms-client-request-id="3baed1a6-6c5d-11f0-8781-3ecdac25f1e6" x-ms-artifact-checksum="b3d3fbc2dcb8c344df90d50f2733c17e49b9e4313a6121d50a1754b7982600ab" X-ARR-LOG-ID="3baed1a6-6c5d-11f0-8781-3ecdac25f1e6" CLIENT-IP="84.138.86.68:63464" X-SITE-DEPLOYMENT-ID="la-zeiterfassung-fyd4cge3d9e3cac4" WAS-DEFAULT-HOSTNAME="la-zeiterfassung-fyd4cge3d9e3cac4.scm.azurewebsites.net" X-Forwarded-Proto="https" X-AppService-Proto="https" X-Forwarded-TlsVersion="1.3" X-WAWS-Unencoded-URL="/api/publish?type=zip" X-Client-IP="84.138.86.68" X-Client-Port="63464" >
  <step title="OneDeploy" date="2025-07-29T09:20:20.987" >
    <step title="Starting PushDeployAsync" date="2025-07-29T09:20:21.008" /><!-- duration: 3ms -->
    <step title="Writing artifact to /tmp/zipdeploy/3f299206-a8a8-46f7-bbf9-af2382db442d.zip" date="2025-07-29T09:20:21.019" >
      <step title="Writing multipart request body to /tmp/zipdeploy/3f299206-a8a8-46f7-bbf9-af2382db442d.zip" date="2025-07-29T09:20:21.022" /><!-- duration: 5ms -->
    </step><!-- duration: 38ms -->
    <step title="Removing previous build artifact&apos;s manifest file" date="2025-07-29T09:20:21.069" >
      <step title="Attempting to fetch target branch HEAD" date="2025-07-29T09:20:21.090" /><!-- duration: 8ms -->
      <step title="Acquiring Deployment Lock" date="2025-07-29T09:20:21.101" /><!-- duration: 7ms -->
      <step title="Acquired Deployment Lock" date="2025-07-29T09:20:21.167" /><!-- duration: 3ms -->
      <step title="Performing fetch based deployment" date="2025-07-29T09:20:21.176" >
        <step title="Creating temporary deployment" date="2025-07-29T09:20:21.189" /><!-- duration: 113ms -->
        <step title="Releasing Deployment Lock" date="2025-07-29T09:20:22.429" /><!-- duration: 7ms -->
        <step title="Cleaning up temp folders from previous zip deployments and extracting pushed zip file /tmp/zipdeploy/3f299206-a8a8-46f7-bbf9-af2382db442d.zip (0.00 MB) to /tmp/zipdeploy/extracted" date="2025-07-29T09:20:22.462" >
          <step title="ChmodRecursive Process exited with total time taken in ms: 88" date="2025-07-29T09:20:22.570" /><!-- duration: 9ms -->
        </step><!-- duration: 135ms -->
        <step title="None repository commit" date="2025-07-29T09:20:22.619" >
          <step title="Commit id: 13d87d05-bbb3-4334-b8e9-b68d46fc4367" date="2025-07-29T09:20:22.629" Message="OneDeploy" AuthorName="N/A" AuthorEmail="N/A" /><!-- duration: 3ms -->
        </step><!-- duration: 15ms -->
        <step title="Deployment timer started" date="2025-07-29T09:20:24.640" >
          <step title="DeploymentManager.Deploy(id:13d87d05-bbb3-4334-b8e9-b68d46fc4367)" date="2025-07-29T09:20:24.648" >
            <step title="Collecting changeset information" date="2025-07-29T09:20:24.687" /><!-- duration: 112ms -->
            <step title="Updating submodules" date="2025-07-29T09:20:24.825" /><!-- duration: 1144ms -->
            <step title="Determining deployment builder" date="2025-07-29T09:20:26.219" >
              <step title="Builder is OryxBuilder" date="2025-07-29T09:20:26.233" /><!-- duration: 4ms -->
            </step><!-- duration: 21ms -->
            <step title="PreDeployment: context.CleanOutputPath False" date="2025-07-29T09:20:26.286" >
              <step title="PreDeployment: context.OutputPath /home/site/wwwroot" date="2025-07-29T09:20:26.403" >
                <step title="Building" date="2025-07-29T09:20:26.536" >
                  <step title="Executing external process" date="2025-07-29T09:20:26.906" type="process" path="bash" arguments="-c &quot;oryx build /tmp/zipdeploy/extracted -o /home/site/wwwroot --platform python --platform-version 3.11 -p virtualenv_name=antenv --log-file /tmp/build-debug.log  -i /tmp/8ddce81275574bd --compress-destination-dir | tee /tmp/oryx-build.log ; exit $PIPESTATUS &quot;" /><!-- duration: 65969ms -->
                  <step title="Using PythonDeploymentLogParser" date="2025-07-29T09:21:33.269" /><!-- duration: 4ms -->
                  <step title="Modified file to trigger a restart of the app container." date="2025-07-29T09:21:34.439" /><!-- duration: 6ms -->
                  <step title="Skip function trigger and logicapp sync because function is not enabled." date="2025-07-29T09:21:34.448" /><!-- duration: 4ms -->
                  <step title="Purge deployment items" date="2025-07-29T09:21:35.493" >
                    <step title="Remove 6b28e49c-, Success, received at 07/29/2025 07:34:59" date="2025-07-29T09:21:35.538" /><!-- duration: 4ms -->
                  </step><!-- duration: 53ms -->
                </step><!-- duration: 69070ms -->
              </step><!-- duration: 69210ms -->
              <step title="Cleaning up temp files" date="2025-07-29T09:21:35.616" /><!-- duration: 1950ms -->
              <step title="Cleaning up temp files" date="2025-07-29T09:21:37.572" /><!-- duration: 514ms -->
              <step title="Reloading status file with latest updates" date="2025-07-29T09:21:38.132" >
                <step title="WebHooksManager.PublishEventAsync: PostDeployment" date="2025-07-29T09:21:38.155" /><!-- duration: 41ms -->
              </step><!-- duration: 67ms -->
              <step title="Cleaning up temporary deployment - fetch deployment was successful" date="2025-07-29T09:21:38.207" /><!-- duration: 3ms -->
            </step><!-- duration: 71967ms -->
          </step><!-- duration: 73610ms -->
          <step title="Outgoing response" date="2025-07-29T09:21:38.265" type="response" statusCode="200" statusText="OK" /><!-- duration: 3ms -->
        </step><!-- duration: 73631ms -->
