<step title="Incoming Request" date="2025-07-29T09:15:37.177" instance="a45adb" url="/api/publish?type=zip" method="POST" type="request" pid="769,1,25" Accept="*/*" Host="la-zeiterfassung-fyd4cge3d9e3cac4.scm.azurewebsites.net" User-Agent="AZURECLI/2.75.0 (HOMEBREW)" Accept-Encoding="gzip, deflate" Authorization="Bas..." Cache-Control="no-cache" Content-Type="application/octet-stream" Cookie="ARRAffinity=a45adbe19489ea2b14e790f681e17ad6f03a5528ca730625ec513d016d2b4c91; ARRAffinitySameSite=a45adbe19489ea2b14e790f681e17ad6f03a5528ca730625ec513d016d2b4c91" Content-Length="3739" x-ms-client-request-id="9290ca7a-6c5c-11f0-9f2e-3ecdac25f1e6" x-ms-artifact-checksum="a4816b4187bfa2ea5734cedc185d0783ab75aa4b97d3c3ce717902e7df547403" X-ARR-LOG-ID="9290ca7a-6c5c-11f0-9f2e-3ecdac25f1e6" CLIENT-IP="84.138.86.68:60826" X-SITE-DEPLOYMENT-ID="la-zeiterfassung-fyd4cge3d9e3cac4" WAS-DEFAULT-HOSTNAME="la-zeiterfassung-fyd4cge3d9e3cac4.scm.azurewebsites.net" X-Forwarded-Proto="https" X-AppService-Proto="https" X-Forwarded-TlsVersion="1.3" X-WAWS-Unencoded-URL="/api/publish?type=zip" X-Client-IP="84.138.86.68" X-Client-Port="60826" >
  <step title="OneDeploy" date="2025-07-29T09:15:37.187" >
    <step title="Starting PushDeployAsync" date="2025-07-29T09:15:37.196" /><!-- duration: 3ms -->
    <step title="Writing artifact to /tmp/zipdeploy/63775474-13a5-45b1-b33c-bd8481b5de7c.zip" date="2025-07-29T09:15:37.210" >
      <step title="Writing multipart request body to /tmp/zipdeploy/63775474-13a5-45b1-b33c-bd8481b5de7c.zip" date="2025-07-29T09:15:37.213" /><!-- duration: 4ms -->
    </step><!-- duration: 29ms -->
    <step title="Removing previous build artifact&apos;s manifest file" date="2025-07-29T09:15:37.260" >
      <step title="Attempting to fetch target branch HEAD" date="2025-07-29T09:15:37.272" /><!-- duration: 8ms -->
      <step title="Acquiring Deployment Lock" date="2025-07-29T09:15:37.283" /><!-- duration: 4ms -->
      <step title="Acquired Deployment Lock" date="2025-07-29T09:15:37.316" /><!-- duration: 3ms -->
      <step title="Performing fetch based deployment" date="2025-07-29T09:15:37.327" >
        <step title="Creating temporary deployment" date="2025-07-29T09:15:37.330" /><!-- duration: 67ms -->
        <step title="Releasing Deployment Lock" date="2025-07-29T09:15:38.533" /><!-- duration: 6ms -->
        <step title="Cleaning up temp folders from previous zip deployments and extracting pushed zip file /tmp/zipdeploy/63775474-13a5-45b1-b33c-bd8481b5de7c.zip (0.00 MB) to /tmp/zipdeploy/extracted" date="2025-07-29T09:15:38.563" >
          <step title="ChmodRecursive Process exited with total time taken in ms: 91" date="2025-07-29T09:15:38.690" /><!-- duration: 10ms -->
        </step><!-- duration: 148ms -->
        <step title="None repository commit" date="2025-07-29T09:15:38.722" >
          <step title="Commit id: 9c527f71-07a4-4106-8e32-89f9d50cea7b" date="2025-07-29T09:15:38.730" Message="OneDeploy" AuthorName="N/A" AuthorEmail="N/A" /><!-- duration: 9ms -->
        </step><!-- duration: 21ms -->
        <step title="Deployment timer started" date="2025-07-29T09:15:40.748" >
          <step title="DeploymentManager.Deploy(id:9c527f71-07a4-4106-8e32-89f9d50cea7b)" date="2025-07-29T09:15:40.754" >
            <step title="Collecting changeset information" date="2025-07-29T09:15:40.783" /><!-- duration: 86ms -->
            <step title="Updating submodules" date="2025-07-29T09:15:40.875" /><!-- duration: 1132ms -->
            <step title="Determining deployment builder" date="2025-07-29T09:15:42.235" >
              <step title="Builder is OryxBuilder" date="2025-07-29T09:15:42.251" /><!-- duration: 3ms -->
            </step><!-- duration: 22ms -->
            <step title="PreDeployment: context.CleanOutputPath False" date="2025-07-29T09:15:42.296" >
              <step title="PreDeployment: context.OutputPath /home/site/wwwroot" date="2025-07-29T09:15:42.386" >
                <step title="Building" date="2025-07-29T09:15:42.523" >
                  <step title="Executing external process" date="2025-07-29T09:15:42.828" type="process" path="bash" arguments="-c &quot;oryx build /tmp/zipdeploy/extracted -o /home/site/wwwroot --platform python --platform-version 3.11 -p virtualenv_name=antenv --log-file /tmp/build-debug.log  -i /tmp/8ddce807e0ffd54 --compress-destination-dir | tee /tmp/oryx-build.log ; exit $PIPESTATUS &quot;" /><!-- duration: 67271ms -->
                  <step title="Using PythonDeploymentLogParser" date="2025-07-29T09:16:50.514" /><!-- duration: 3ms -->
                  <step title="Modified file to trigger a restart of the app container." date="2025-07-29T09:16:51.693" /><!-- duration: 6ms -->
                  <step title="Skip function trigger and logicapp sync because function is not enabled." date="2025-07-29T09:16:51.702" /><!-- duration: 3ms -->
                  <step title="Purge deployment items" date="2025-07-29T09:16:52.787" >
                    <step title="Remove ea1b89f3-, Success, received at 07/29/2025 07:22:46" date="2025-07-29T09:16:52.841" /><!-- duration: 3ms -->
                  </step><!-- duration: 60ms -->
                </step><!-- duration: 70399ms -->
              </step><!-- duration: 70546ms -->
              <step title="Cleaning up temp files" date="2025-07-29T09:16:52.942" /><!-- duration: 1938ms -->
              <step title="Cleaning up temp files" date="2025-07-29T09:16:54.900" /><!-- duration: 534ms -->
              <step title="Reloading status file with latest updates" date="2025-07-29T09:16:55.492" >
                <step title="WebHooksManager.PublishEventAsync: PostDeployment" date="2025-07-29T09:16:55.504" /><!-- duration: 73ms -->
              </step><!-- duration: 93ms -->
              <step title="Cleaning up temporary deployment - fetch deployment was successful" date="2025-07-29T09:16:55.607" /><!-- duration: 9ms -->
            </step><!-- duration: 73502ms -->
          </step><!-- duration: 75055ms -->
          <step title="Outgoing response" date="2025-07-29T09:16:55.868" type="response" statusCode="200" statusText="OK" /><!-- duration: 11ms -->
        </step><!-- duration: 75140ms -->
