<step title="Incoming Request" date="2025-05-21T20:13:33.742" instance="e0f283" url="/api/zipdeploy?author=ms-azuretools-vscode&amp;deployer=ms-azuretools-vscode&amp;isAsync=true&amp;trackDeploymentId=true" method="POST" type="request" pid="773,1,7" Host="la-zeiterfassung-fyd4cge3d9e3cac4.scm.germanywestcentral-01.azurewebsites.net" User-Agent="vscode-azureappservice/0.26.1 core-rest-pipeline/1.19.1 Node/20.19.0 OS/(arm64-Darwin-24.3.0)" Accept-Encoding="gzip,deflate" Accept-Language="de" Authorization="Bea..." Transfer-Encoding="chunked" x-ms-correlation-request-id="88eb5b41-b65f-423f-98d8-adad4cf60082" x-ms-client-request-id="607c3306-16cb-47aa-a3d2-58720043a9c9" X-ARR-LOG-ID="607c3306-16cb-47aa-a3d2-58720043a9c9" CLIENT-IP="84.138.91.166:65068" X-SITE-DEPLOYMENT-ID="LA-Zeiterfassung" WAS-DEFAULT-HOSTNAME="la-zeiterfassung-fyd4cge3d9e3cac4.scm.germanywestcentral-01.azurewebsites.net" X-Forwarded-Proto="https" X-AppService-Proto="https" X-Forwarded-TlsVersion="1.3" X-WAWS-Unencoded-URL="/api/zipdeploy?author=ms-azuretools-vscode&amp;deployer=ms-azuretools-vscode&amp;isAsync=true&amp;trackDeploymentId=true" X-Client-IP="84.138.91.166" X-Client-Port="65068" >
  <step title="Cleanup Xml Logs" date="2025-05-21T20:13:33.753" >
    <step title="Cleanup Infos" date="2025-05-21T20:13:33.803" totalFiles="356" totalCleanup="196" /><!-- duration: 9ms -->
  </step><!-- duration: 69ms -->
  <step title="ZipPushDeploy" date="2025-05-21T20:13:33.892" >
    <step title="ZipDeploy. Extract zip." date="2025-05-21T20:13:33.933" /><!-- duration: 20ms -->
    <step title="Starting PushDeployAsync" date="2025-05-21T20:13:33.973" /><!-- duration: 2ms -->
    <step title="Error occurred" date="2025-05-21T20:13:34.036" type="error" text="Error removing symlink: Path doesn&apos;t exist!" stackTrace="   at Mono.Unix.UnixFileSystemInfo.AssertValid()
   at Mono.Unix.UnixFileSystemInfo.get_FileType()
   at Kudu.Services.Deployment.PushDeploymentController.PushDeployAsync(ArtifactDeploymentInfo deploymentInfo, Boolean isAsync, HttpContext context, JObject requestJson) in /tmp/KuduLite/Kudu.Services/Deployment/PushDeploymentController.cs:line 740" /><!-- duration: 10ms -->
    <step title="Writing artifact to /tmp/zipdeploy/00cdf6ea-6ebc-4197-a73a-36c54552b829.zip" date="2025-05-21T20:13:34.114" >
      <step title="Writing multipart request body to /tmp/zipdeploy/00cdf6ea-6ebc-4197-a73a-36c54552b829.zip" date="2025-05-21T20:13:34.125" /><!-- duration: 20ms -->
    </step><!-- duration: 51ms -->
    <step title="Start deployment in the background" date="2025-05-21T20:13:34.236" >
      <step title="Acquiring Deployment Lock" date="2025-05-21T20:13:34.336" /><!-- duration: 10ms -->
      <step title="Acquired Deployment Lock" date="2025-05-21T20:13:34.508" /><!-- duration: 10ms -->
    </step><!-- duration: 592ms -->
  </step><!-- duration: 967ms -->
  <step title="Outgoing response" date="2025-05-21T20:13:34.888" type="response" statusCode="202" statusText="Accepted" /><!-- duration: 20ms -->
</step><!-- duration: 1179ms -->
