<step title="BackgroundTrace" date="2025-05-21T20:48:57.258" instance="e0f283" url="/api/zipdeploy" method="POST" >
  <step title="Creating temporary deployment - FetchDeploymentManager" date="2025-05-21T20:48:57.335" /><!-- duration: 4ms -->
  <step title="Creating temporary deployment" date="2025-05-21T20:48:57.342" /><!-- duration: 87ms -->
  <step title="Performing fetch based deployment" date="2025-05-21T20:48:57.457" >
    <step title="Cleaning up temp folders from previous zip deployments and extracting pushed zip file /tmp/zipdeploy/95c785d8-c692-4868-984e-aed72b89c43b.zip (0.02 MB) to /tmp/zipdeploy/extracted" date="2025-05-21T20:48:58.600" >
      <step title="ChmodRecursive Process exited with total time taken in ms: 108" date="2025-05-21T20:48:58.748" /><!-- duration: 8ms -->
    </step><!-- duration: 159ms -->
    <step title="Deployment timer started" date="2025-05-21T20:49:00.780" >
      <step title="DeploymentManager.Deploy(id:59c57e11-927b-44df-ae95-8f0cd26060dc)" date="2025-05-21T20:49:00.794" >
        <step title="Collecting changeset information" date="2025-05-21T20:49:00.854" /><!-- duration: 125ms -->
        <step title="Updating submodules" date="2025-05-21T20:49:00.999" /><!-- duration: 1137ms -->
        <step title="Determining deployment builder" date="2025-05-21T20:49:02.361" >
          <step title="Builder is OryxBuilder" date="2025-05-21T20:49:02.389" /><!-- duration: 20ms -->
        </step><!-- duration: 59ms -->
        <step title="PreDeployment: context.CleanOutputPath False" date="2025-05-21T20:49:02.477" >
          <step title="PreDeployment: context.OutputPath /home/site/wwwroot" date="2025-05-21T20:49:02.565" >
            <step title="Building" date="2025-05-21T20:49:02.682" >
              <step title="Executing external process" date="2025-05-21T20:49:03.251" type="process" path="bash" arguments="-c &quot;oryx build /tmp/zipdeploy/extracted -o /home/site/wwwroot --platform python --platform-version 3.11 -p virtualenv_name=antenv --log-file /tmp/build-debug.log  -i /tmp/8dd98a8eb330c85 --compress-destination-dir | tee /tmp/oryx-build.log ; exit $PIPESTATUS &quot;" /><!-- duration: 75710ms -->
              <step title="Using PythonDeploymentLogParser" date="2025-05-21T20:50:19.229" /><!-- duration: 8ms -->
              <step title="Triggering recycle (preview mode disabled)." date="2025-05-21T20:50:20.145" /><!-- duration: 13ms -->
              <step title="Modified file to trigger a restart of the app container." date="2025-05-21T20:50:20.178" /><!-- duration: 10ms -->
              <step title="Skip function trigger and logicapp sync because function is not enabled." date="2025-05-21T20:50:20.197" /><!-- duration: 9ms -->
              <step title="Purge deployment items" date="2025-05-21T20:50:21.129" >
                <step title="Remove 0a2bbdd4-, Success, received at 05/21/2025 18:26:37" date="2025-05-21T20:50:21.177" /><!-- duration: 5ms -->
              </step><!-- duration: 55ms -->
            </step><!-- duration: 78546ms -->
          </step><!-- duration: 78666ms -->
          <step title="Cleaning up temp files" date="2025-05-21T20:50:21.233" /><!-- duration: 379ms -->
          <step title="Cleaning up temp files" date="2025-05-21T20:50:21.619" /><!-- duration: 521ms -->
          <step title="Reloading status file with latest updates" date="2025-05-21T20:50:22.176" >
            <step title="WebHooksManager.PublishEventAsync: PostDeployment" date="2025-05-21T20:50:22.193" /><!-- duration: 37ms -->
          </step><!-- duration: 57ms -->
          <step title="Cleaning up temporary deployment - fetch deployment was successful" date="2025-05-21T20:50:22.239" /><!-- duration: 3ms -->
        </step><!-- duration: 79821ms -->
      </step><!-- duration: 81522ms -->
