<step title="Incoming Request" date="2025-05-21T20:30:15.433" instance="e0f283" url="/api/deployments/latest?deployer=ms-azuretools-vscode&amp;time=2025-05-21_20-30-12Z" method="GET" type="request" pid="770,1,25" Host="la-zeiterfassung-fyd4cge3d9e3cac4.scm.germanywestcentral-01.azurewebsites.net" User-Agent="vscode-azureappservice/0.26.1 core-rest-pipeline/1.19.1 Node/20.19.0 OS/(arm64-Darwin-24.3.0)" Accept-Encoding="gzip,deflate" Accept-Language="de" Authorization="Bea..." x-ms-correlation-request-id="33254208-ff55-4c08-a234-124e397e96cc" x-ms-client-request-id="e0832d29-4f61-45f6-8f3b-e37fd1f6199d" X-ARR-LOG-ID="e0832d29-4f61-45f6-8f3b-e37fd1f6199d" CLIENT-IP="84.138.91.166:61673" X-SITE-DEPLOYMENT-ID="LA-Zeiterfassung" WAS-DEFAULT-HOSTNAME="la-zeiterfassung-fyd4cge3d9e3cac4.scm.germanywestcentral-01.azurewebsites.net" X-Forwarded-Proto="https" X-AppService-Proto="https" X-Forwarded-TlsVersion="1.3" X-WAWS-Unencoded-URL="/api/deployments/latest?deployer=ms-azuretools-vscode&amp;time=2025-05-21_20-30-12Z" X-Client-IP="84.138.91.166" X-Client-Port="61673" >
  <step title="Cleanup Xml Logs" date="2025-05-21T20:30:15.444" >
    <step title="Cleanup Infos" date="2025-05-21T20:30:15.458" totalFiles="395" totalCleanup="235" /><!-- duration: 3ms -->
  </step><!-- duration: 21ms -->
  <step title="DeploymentService.GetResult" date="2025-05-21T20:30:15.474" >
    <step title="DeploymentService.GetLatestDeployment" date="2025-05-21T20:30:15.477" >
      <step title="DeploymentManager.GetResults" date="2025-05-21T20:30:15.481" /><!-- duration: 937ms -->
    </step><!-- duration: 969ms -->
  </step><!-- duration: 1013ms -->
  <step title="Outgoing response" date="2025-05-21T20:30:16.499" type="response" statusCode="202" statusText="Accepted" /><!-- duration: 10ms -->
</step><!-- duration: 1087ms -->
