<step title="Incoming Request" date="2025-05-21T20:41:29.035" instance="e0f283" url="/api/zipdeploy?author=ms-azuretools-vscode&amp;deployer=ms-azuretools-vscode&amp;isAsync=true&amp;trackDeploymentId=true" method="POST" type="request" pid="770,1,27" Host="la-zeiterfassung-fyd4cge3d9e3cac4.scm.germanywestcentral-01.azurewebsites.net" User-Agent="vscode-azureappservice/0.26.1 core-rest-pipeline/1.19.1 Node/20.19.0 OS/(arm64-Darwin-24.3.0)" Accept-Encoding="gzip,deflate" Accept-Language="de" Authorization="Bea..." Transfer-Encoding="chunked" x-ms-correlation-request-id="c171778b-a20c-4f87-a132-34db36af26c9" x-ms-client-request-id="e3e5abed-72c9-42c5-836a-18fdb0e28b28" X-ARR-LOG-ID="e3e5abed-72c9-42c5-836a-18fdb0e28b28" CLIENT-IP="84.138.91.166:63139" X-SITE-DEPLOYMENT-ID="LA-Zeiterfassung" WAS-DEFAULT-HOSTNAME="la-zeiterfassung-fyd4cge3d9e3cac4.scm.germanywestcentral-01.azurewebsites.net" X-Forwarded-Proto="https" X-AppService-Proto="https" X-Forwarded-TlsVersion="1.3" X-WAWS-Unencoded-URL="/api/zipdeploy?author=ms-azuretools-vscode&amp;deployer=ms-azuretools-vscode&amp;isAsync=true&amp;trackDeploymentId=true" X-Client-IP="84.138.91.166" X-Client-Port="63139" >
  <step title="Cleanup Xml Logs" date="2025-05-21T20:41:29.042" >
    <step title="Cleanup Infos" date="2025-05-21T20:41:29.068" totalFiles="415" totalCleanup="255" /><!-- duration: 5ms -->
  </step><!-- duration: 33ms -->
  <step title="ZipPushDeploy" date="2025-05-21T20:41:29.088" >
    <step title="ZipDeploy. Extract zip." date="2025-05-21T20:41:29.096" /><!-- duration: 4ms -->
    <step title="Starting PushDeployAsync" date="2025-05-21T20:41:29.104" /><!-- duration: 4ms -->
    <step title="Error occurred" date="2025-05-21T20:41:29.137" type="error" text="Error removing symlink: Path doesn&apos;t exist!" stackTrace="   at Mono.Unix.UnixFileSystemInfo.AssertValid()
   at Mono.Unix.UnixFileSystemInfo.get_FileType()
   at Kudu.Services.Deployment.PushDeploymentController.PushDeployAsync(ArtifactDeploymentInfo deploymentInfo, Boolean isAsync, HttpContext context, JObject requestJson) in /tmp/KuduLite/Kudu.Services/Deployment/PushDeploymentController.cs:line 740" /><!-- duration: 3ms -->
    <step title="Writing artifact to /tmp/zipdeploy/5e2c6591-f4e6-4e2c-b20c-a127226afda4.zip" date="2025-05-21T20:41:29.148" >
      <step title="Writing multipart request body to /tmp/zipdeploy/5e2c6591-f4e6-4e2c-b20c-a127226afda4.zip" date="2025-05-21T20:41:29.151" /><!-- duration: 3ms -->
    </step><!-- duration: 35ms -->
    <step title="Removing previous build artifact&apos;s manifest file" date="2025-05-21T20:41:29.201" >
      <step title="Start deployment in the background" date="2025-05-21T20:41:29.252" >
        <step title="Acquiring Deployment Lock" date="2025-05-21T20:41:29.282" /><!-- duration: 2ms -->
        <step title="Acquired Deployment Lock" date="2025-05-21T20:41:29.317" /><!-- duration: 17ms -->
      </step><!-- duration: 184ms -->
    </step><!-- duration: 239ms -->
    <step title="Outgoing response" date="2025-05-21T20:41:29.443" type="response" statusCode="202" statusText="Accepted" /><!-- duration: 3ms -->
  </step><!-- duration: 361ms -->
