<step title="Incoming Request" date="2025-05-21T17:39:49.615" instance="e0f283" url="/api/zipdeploy?author=ms-azuretools-vscode&amp;deployer=ms-azuretools-vscode&amp;isAsync=true&amp;trackDeploymentId=true" method="POST" type="request" pid="776,1,20" Host="la-zeiterfassung-fyd4cge3d9e3cac4.scm.germanywestcentral-01.azurewebsites.net" User-Agent="vscode-azureappservice/0.26.1 core-rest-pipeline/1.19.1 Node/20.19.0 OS/(arm64-Darwin-24.3.0)" Accept-Encoding="gzip,deflate" Accept-Language="de" Authorization="Bea..." Transfer-Encoding="chunked" x-ms-correlation-request-id="d419ceae-d086-4733-a2a7-585470bd9729" x-ms-client-request-id="89494df8-6dce-4c00-9a9f-9d02806416e1" X-ARR-LOG-ID="89494df8-6dce-4c00-9a9f-9d02806416e1" CLIENT-IP="84.138.91.166:62137" X-SITE-DEPLOYMENT-ID="LA-Zeiterfassung" WAS-DEFAULT-HOSTNAME="la-zeiterfassung-fyd4cge3d9e3cac4.scm.germanywestcentral-01.azurewebsites.net" X-Forwarded-Proto="https" X-AppService-Proto="https" X-Forwarded-TlsVersion="1.3" X-WAWS-Unencoded-URL="/api/zipdeploy?author=ms-azuretools-vscode&amp;deployer=ms-azuretools-vscode&amp;isAsync=true&amp;trackDeploymentId=true" X-Client-IP="84.138.91.166" X-Client-Port="62137" >
  <step title="ZipPushDeploy" date="2025-05-21T17:39:50.221" >
    <step title="ZipDeploy. Extract zip." date="2025-05-21T17:39:50.237" /><!-- duration: 2ms -->
    <step title="None repository commit" date="2025-05-21T17:39:50.248" >
      <step title="Commit id: eb29dc32-251a-4b0c-ab39-c68cc08aafe9" date="2025-05-21T17:39:50.251" Message="N/A" AuthorName="N/A" AuthorEmail="N/A" /><!-- duration: 3ms -->
    </step><!-- duration: 13ms -->
    <step title="Starting PushDeployAsync" date="2025-05-21T17:39:50.264" /><!-- duration: 2ms -->
    <step title="Error occurred" date="2025-05-21T17:39:50.350" type="error" text="Error removing symlink: Path doesn&apos;t exist!" stackTrace="   at Mono.Unix.UnixFileSystemInfo.AssertValid()
   at Mono.Unix.UnixFileSystemInfo.get_FileType()
   at Kudu.Services.Deployment.PushDeploymentController.PushDeployAsync(ArtifactDeploymentInfo deploymentInfo, Boolean isAsync, HttpContext context, JObject requestJson) in /tmp/KuduLite/Kudu.Services/Deployment/PushDeploymentController.cs:line 740" /><!-- duration: 3ms -->
    <step title="Writing artifact to /tmp/zipdeploy/11a88339-4976-4f6d-b22a-e52cbe7eaffd.zip" date="2025-05-21T17:39:50.360" >
      <step title="Writing multipart request body to /tmp/zipdeploy/11a88339-4976-4f6d-b22a-e52cbe7eaffd.zip" date="2025-05-21T17:39:50.400" /><!-- duration: 10ms -->
    </step><!-- duration: 153ms -->
    <step title="Start deployment in the background" date="2025-05-21T17:39:50.527" >
      <step title="Acquiring Deployment Lock" date="2025-05-21T17:39:50.564" /><!-- duration: 10ms -->
      <step title="Acquired Deployment Lock" date="2025-05-21T17:39:50.627" /><!-- duration: 3ms -->
    </step><!-- duration: 197ms -->
  </step><!-- duration: 513ms -->
  <step title="Outgoing response" date="2025-05-21T17:39:50.754" type="response" statusCode="202" statusText="Accepted" /><!-- duration: 4ms -->
</step><!-- duration: 1145ms -->
