<step title="Incoming Request" date="2025-07-28T22:24:57.856" instance="a45adb" url="/api/publish?type=zip" method="POST" type="request" pid="780,1,17" Accept="*/*" Host="la-zeiterfassung-fyd4cge3d9e3cac4.scm.azurewebsites.net" User-Agent="AZURECLI/2.75.0 (HOMEBREW)" Accept-Encoding="gzip, deflate" Authorization="Bas..." Cache-Control="no-cache" Content-Type="application/octet-stream" Cookie="ARRAffinity=a45adbe19489ea2b14e790f681e17ad6f03a5528ca730625ec513d016d2b4c91; ARRAffinitySameSite=a45adbe19489ea2b14e790f681e17ad6f03a5528ca730625ec513d016d2b4c91" Content-Length="19593" x-ms-client-request-id="aa11c632-6c01-11f0-921f-3ecdac25f1e6" x-ms-artifact-checksum="63974f9bc63ff612d344866c5c78d91555338fe47abcc0e5b4d8ac518a3b8d92" X-ARR-LOG-ID="aa11c632-6c01-11f0-921f-3ecdac25f1e6" CLIENT-IP="84.138.86.68:60324" X-SITE-DEPLOYMENT-ID="la-zeiterfassung-fyd4cge3d9e3cac4" WAS-DEFAULT-HOSTNAME="la-zeiterfassung-fyd4cge3d9e3cac4.scm.azurewebsites.net" X-Forwarded-Proto="https" X-AppService-Proto="https" X-Forwarded-TlsVersion="1.3" X-WAWS-Unencoded-URL="/api/publish?type=zip" X-Client-IP="84.138.86.68" X-Client-Port="60324" >
  <step title="Cleanup Xml Logs" date="2025-07-28T22:24:57.875" /><!-- duration: 93ms -->
  <step title="OneDeploy" date="2025-07-28T22:24:58.136" >
    <step title="Starting PushDeployAsync" date="2025-07-28T22:24:58.617" /><!-- duration: 21ms -->
    <step title="Writing artifact to /tmp/zipdeploy/140b329a-adbb-405d-a166-d0328c0413f4.zip" date="2025-07-28T22:24:58.710" >
      <step title="Writing multipart request body to /tmp/zipdeploy/140b329a-adbb-405d-a166-d0328c0413f4.zip" date="2025-07-28T22:24:58.789" /><!-- duration: 71ms -->
    </step><!-- duration: 292ms -->
    <step title="Attempting to fetch target branch HEAD" date="2025-07-28T22:24:59.441" /><!-- duration: 12ms -->
    <step title="Acquiring Deployment Lock" date="2025-07-28T22:24:59.513" /><!-- duration: 11ms -->
    <step title="Acquired Deployment Lock" date="2025-07-28T22:24:59.736" /><!-- duration: 39ms -->
    <step title="Performing fetch based deployment" date="2025-07-28T22:24:59.936" >
      <step title="Creating temporary deployment" date="2025-07-28T22:25:00.017" /><!-- duration: 644ms -->
      <step title="Releasing Deployment Lock" date="2025-07-28T22:25:02.207" /><!-- duration: 48ms -->
      <step title="Cleaning up temp folders from previous zip deployments and extracting pushed zip file /tmp/zipdeploy/140b329a-adbb-405d-a166-d0328c0413f4.zip (0.02 MB) to /tmp/zipdeploy/extracted" date="2025-07-28T22:25:02.615" >
        <step title="ChmodRecursive Process exited with total time taken in ms: 385" date="2025-07-28T22:25:04.516" /><!-- duration: 21ms -->
      </step><!-- duration: 1953ms -->
      <step title="None repository commit" date="2025-07-28T22:25:04.697" >
        <step title="Commit id: dd1df26c-6aa3-4ccd-8052-69d50689d535" date="2025-07-28T22:25:04.708" Message="OneDeploy" AuthorName="N/A" AuthorEmail="N/A" /><!-- duration: 49ms -->
      </step><!-- duration: 91ms -->
      <step title="Deployment timer started" date="2025-07-28T22:25:06.856" >
        <step title="DeploymentManager.Deploy(id:dd1df26c-6aa3-4ccd-8052-69d50689d535)" date="2025-07-28T22:25:06.984" >
          <step title="Collecting changeset information" date="2025-07-28T22:25:07.103" /><!-- duration: 1115ms -->
          <step title="Updating submodules" date="2025-07-28T22:25:08.391" /><!-- duration: 2178ms -->
          <step title="Determining deployment builder" date="2025-07-28T22:25:11.531" >
            <step title="Builder is OryxBuilder" date="2025-07-28T22:25:11.541" /><!-- duration: 3ms -->
          </step><!-- duration: 16ms -->
          <step title="PreDeployment: context.CleanOutputPath False" date="2025-07-28T22:25:11.585" >
            <step title="PreDeployment: context.OutputPath /home/site/wwwroot" date="2025-07-28T22:25:12.130" >
              <step title="Building" date="2025-07-28T22:25:12.775" >
                <step title="Executing external process" date="2025-07-28T22:25:14.062" type="process" path="bash" arguments="-c &quot;oryx build /tmp/zipdeploy/extracted -o /home/site/wwwroot --platform python --platform-version 3.11 -p virtualenv_name=antenv --log-file /tmp/build-debug.log  -i /tmp/8ddce259df297aa --compress-destination-dir | tee /tmp/oryx-build.log ; exit $PIPESTATUS &quot;" 