<step title="BackgroundTrace" date="2025-05-21T20:30:11.781" instance="e0f283" url="/api/zipdeploy" method="POST" >
  <step title="Creating temporary deployment - FetchDeploymentManager" date="2025-05-21T20:30:11.898" /><!-- duration: 3ms -->
  <step title="Creating temporary deployment" date="2025-05-21T20:30:11.912" /><!-- duration: 85ms -->
  <step title="Performing fetch based deployment" date="2025-05-21T20:30:12.091" >
    <step title="Cleaning up temp folders from previous zip deployments and extracting pushed zip file /tmp/zipdeploy/8b293f1f-eb03-495b-87dc-ec1279b434e9.zip (0.02 MB) to /tmp/zipdeploy/extracted" date="2025-05-21T20:30:13.615" >
      <step title="ChmodRecursive Process exited with total time taken in ms: 132" date="2025-05-21T20:30:13.808" /><!-- duration: 20ms -->
    </step><!-- duration: 233ms -->
    <step title="Deployment timer started" date="2025-05-21T20:30:15.997" >
      <step title="DeploymentManager.Deploy(id:b532cde3-0bff-4cf6-9180-49a13194c32c)" date="2025-05-21T20:30:16.054" >
        <step title="Collecting changeset information" date="2025-05-21T20:30:16.165" /><!-- duration: 857ms -->
        <step title="Updating submodules" date="2025-05-21T20:30:17.101" /><!-- duration: 1270ms -->
        <step title="Determining deployment builder" date="2025-05-21T20:30:18.583" >
          <step title="Builder is OryxBuilder" date="2025-05-21T20:30:18.625" /><!-- duration: 4ms -->
        </step><!-- duration: 55ms -->
        <step title="PreDeployment: context.CleanOutputPath False" date="2025-05-21T20:30:18.705" >
          <step title="PreDeployment: context.OutputPath /home/site/wwwroot" date="2025-05-21T20:30:18.798" >
            <step title="Building" date="2025-05-21T20:30:18.943" >
              <step title="Executing external process" date="2025-05-21T20:30:19.223" type="process" path="bash" arguments="-c &quot;oryx build /tmp/zipdeploy/extracted -o /home/site/wwwroot --platform python --platform-version 3.11 -p virtualenv_name=antenv --log-file /tmp/build-debug.log  -i /tmp/8dd98a64d611eb4 --compress-destination-dir | tee /tmp/oryx-build.log ; exit $PIPESTATUS &quot;" 