<step title="BackgroundTrace" date="2025-05-21T17:46:49.864" instance="e0f283" url="/api/zipdeploy" method="POST" >
  <step title="Creating temporary deployment - FetchDeploymentManager" date="2025-05-21T17:46:49.962" /><!-- duration: 3ms -->
  <step title="Creating temporary deployment" date="2025-05-21T17:46:49.982" /><!-- duration: 76ms -->
  <step title="Performing fetch based deployment" date="2025-05-21T17:46:50.096" >
    <step title="Cleaning up temp folders from previous zip deployments and extracting pushed zip file /tmp/zipdeploy/ac5cc3dd-3e12-4eee-950e-54647c57f81c.zip (0.01 MB) to /tmp/zipdeploy/extracted" date="2025-05-21T17:46:51.807" >
      <step title="ChmodRecursive Process exited with total time taken in ms: 521" date="2025-05-21T17:46:52.421" /><!-- duration: 80ms -->
    </step><!-- duration: 733ms -->
    <step title="Deployment timer started" date="2025-05-21T17:46:54.622" >
      <step title="DeploymentManager.Deploy(id:ee30db2f-de4d-4357-a218-f1fefe187df1)" date="2025-05-21T17:46:54.732" >
        <step title="Collecting changeset information" date="2025-05-21T17:46:55.166" /><!-- duration: 332ms -->
        <step title="Updating submodules" date="2025-05-21T17:46:55.546" /><!-- duration: 1369ms -->
        <step title="Determining deployment builder" date="2025-05-21T17:46:57.318" >
          <step title="Builder is OryxBuilder" date="2025-05-21T17:46:57.387" /><!-- duration: 22ms -->
        </step><!-- duration: 119ms -->
        <step title="PreDeployment: context.CleanOutputPath False" date="2025-05-21T17:46:57.587" >
          <step title="PreDeployment: context.OutputPath /home/site/wwwroot" date="2025-05-21T17:46:57.828" >
            <step title="Building" date="2025-05-21T17:46:58.304" >
              <step title="Executing external process" date="2025-05-21T17:46:59.398" type="process" path="bash" arguments="-c &quot;oryx build /tmp/zipdeploy/extracted -o /home/site/wwwroot --platform python --platform-version 3.11 -p virtualenv_name=antenv --log-file /tmp/build-debug.log  -i /tmp/8dd988f7b672502 --compress-destination-dir | tee /tmp/oryx-build.log ; exit $PIPESTATUS &quot;" /><!-- duration: 83782ms -->
              <step title="Using PythonDeploymentLogParser" date="2025-05-21T17:48:23.514" /><!-- duration: 3ms -->
              <step title="Triggering recycle (preview mode disabled)." date="2025-05-21T17:48:24.501" /><!-- duration: 12ms -->
              <step title="Modified file to trigger a restart of the app container." date="2025-05-21T17:48:24.565" /><!-- duration: 4ms -->
              <step title="Skip function trigger and logicapp sync because function is not enabled." date="2025-05-21T17:48:24.572" /><!-- duration: 20ms -->
            </step><!-- duration: 87110ms -->
          </step><!-- duration: 87589ms -->
          <step title="Cleaning up temp files" date="2025-05-21T17:48:25.420" /><!-- duration: 473ms -->
          <step title="Cleaning up temp files" date="2025-05-21T17:48:25.899" /><!-- duration: 516ms -->
          <step title="Reloading status file with latest updates" date="2025-05-21T17:48:26.441" >
            <step title="WebHooksManager.PublishEventAsync: PostDeployment" date="2025-05-21T17:48:26.452" /><!-- duration: 57ms -->
          </step><!-- duration: 73ms -->
          <step title="Cleaning up temporary deployment - fetch deployment was successful" date="2025-05-21T17:48:26.527" /><!-- duration: 3ms -->
        </step><!-- duration: 88996ms -->
      </step><!-- duration: 91873ms -->
