<step title="Incoming Request" date="2025-05-21T18:18:11.564" instance="e0f283" url="/api/zipdeploy?author=ms-azuretools-vscode&amp;deployer=ms-azuretools-vscode&amp;isAsync=true&amp;trackDeploymentId=true" method="POST" type="request" pid="776,1,28" Host="la-zeiterfassung-fyd4cge3d9e3cac4.scm.germanywestcentral-01.azurewebsites.net" User-Agent="vscode-azureappservice/0.26.1 core-rest-pipeline/1.19.1 Node/20.19.0 OS/(arm64-Darwin-24.3.0)" Accept-Encoding="gzip,deflate" Accept-Language="de" Authorization="Bea..." Transfer-Encoding="chunked" x-ms-correlation-request-id="b5def85c-3717-4901-a937-c2e056b3d36b" x-ms-client-request-id="dcf231db-05ec-4788-9009-002561b44488" X-ARR-LOG-ID="dcf231db-05ec-4788-9009-002561b44488" CLIENT-IP="84.138.91.166:61622" X-SITE-DEPLOYMENT-ID="LA-Zeiterfassung" WAS-DEFAULT-HOSTNAME="la-zeiterfassung-fyd4cge3d9e3cac4.scm.germanywestcentral-01.azurewebsites.net" X-Forwarded-Proto="https" X-AppService-Proto="https" X-Forwarded-TlsVersion="1.3" X-WAWS-Unencoded-URL="/api/zipdeploy?author=ms-azuretools-vscode&amp;deployer=ms-azuretools-vscode&amp;isAsync=true&amp;trackDeploymentId=true" X-Client-IP="84.138.91.166" X-Client-Port="61622" >
  <step title="Cleanup Xml Logs" date="2025-05-21T18:18:11.567" >
    <step title="Cleanup Infos" date="2025-05-21T18:18:11.587" totalFiles="207" totalCleanup="47" /><!-- duration: 8ms -->
  </step><!-- duration: 31ms -->
  <step title="ZipPushDeploy" date="2025-05-21T18:18:11.612" >
    <step title="ZipDeploy. Extract zip." date="2025-05-21T18:18:11.625" /><!-- duration: 2ms -->
    <step title="Starting PushDeployAsync" date="2025-05-21T18:18:11.633" /><!-- duration: 3ms -->
    <step title="Error occurred" date="2025-05-21T18:18:11.666" type="error" text="Error removing symlink: Path doesn&apos;t exist!" stackTrace="   at Mono.Unix.UnixFileSystemInfo.AssertValid()
   at Mono.Unix.UnixFileSystemInfo.get_FileType()
   at Kudu.Services.Deployment.PushDeploymentController.PushDeployAsync(ArtifactDeploymentInfo deploymentInfo, Boolean isAsync, HttpContext context, JObject requestJson) in /tmp/KuduLite/Kudu.Services/Deployment/PushDeploymentController.cs:line 740" /><!-- duration: 9ms -->
    <step title="Writing artifact to /tmp/zipdeploy/a0ac6108-cb66-4a77-935b-b70ccce5c2e4.zip" date="2025-05-21T18:18:11.685" >
      <step title="Writing multipart request body to /tmp/zipdeploy/a0ac6108-cb66-4a77-935b-b70ccce5c2e4.zip" date="2025-05-21T18:18:11.695" /><!-- duration: 9ms -->
    </step><!-- duration: 59ms -->
    <step title="Removing previous build artifact&apos;s manifest file" date="2025-05-21T18:18:11.767" >
      <step title="Start deployment in the background" date="2025-05-21T18:18:11.807" >
        <step title="Acquiring Deployment Lock" date="2025-05-21T18:18:11.834" /><!-- duration: 2ms -->
        <step title="Acquired Deployment Lock" date="2025-05-21T18:18:11.946" /><!-- duration: 3ms -->
      </step><!-- duration: 230ms -->
    </step><!-- duration: 274ms -->
    <step title="Outgoing response" date="2025-05-21T18:18:12.043" type="response" statusCode="202" statusText="Accepted" /><!-- duration: 2ms -->
  </step><!-- duration: 435ms -->
