<step title="BackgroundTrace" date="2025-07-31T19:36:36.935" instance="a45adb" url="/api/zipdeploy" method="POST" >
  <step title="Creating temporary deployment - FetchDeploymentManager" date="2025-07-31T19:36:37.034" /><!-- duration: 3ms -->
  <step title="Creating temporary deployment" date="2025-07-31T19:36:37.056" /><!-- duration: 170ms -->
  <step title="Performing fetch based deployment" date="2025-07-31T19:36:37.425" >
    <step title="Cleaning up temp folders from previous zip deployments and extracting pushed zip file /tmp/zipdeploy/47d24d1b-7d88-4770-bc1c-d40747287807.zip (0.03 MB) to /tmp/zipdeploy/extracted" date="2025-07-31T19:36:38.590" >
      <step title="ChmodRecursive Process exited with total time taken in ms: 69" date="2025-07-31T19:36:38.738" /><!-- duration: 10ms -->
    </step><!-- duration: 175ms -->
    <step title="Deployment timer started" date="2025-07-31T19:36:40.792" >
      <step title="DeploymentManager.Deploy(id:30ea3ba4-dd6f-4e0a-8bf4-fad45a057eff)" date="2025-07-31T19:36:40.800" >
        <step title="Collecting changeset information" date="2025-07-31T19:36:40.871" /><!-- duration: 670ms -->
        <step title="Updating submodules" date="2025-07-31T19:36:41.550" /><!-- duration: 1149ms -->
        <step title="Determining deployment builder" date="2025-07-31T19:36:43.112" >
          <step title="Builder is OryxBuilder" date="2025-07-31T19:36:43.142" /><!-- duration: 48ms -->
        </step><!-- duration: 87ms -->
        <step title="PreDeployment: context.CleanOutputPath False" date="2025-07-31T19:36:43.341" >
          <step title="PreDeployment: context.OutputPath /home/site/wwwroot" date="2025-07-31T19:36:43.642" >
            <step title="Building" date="2025-07-31T19:36:43.936" >
              <step title="Executing external process" date="2025-07-31T19:36:44.517" type="process" path="bash" arguments="-c &quot;oryx build /tmp/zipdeploy/extracted -o /home/site/wwwroot --platform python --platform-version 3.11 -p virtualenv_name=antenv --log-file /tmp/build-debug.log  -i /tmp/8ddd0699426e074 --compress-destination-dir | tee /tmp/oryx-build.log ; exit $PIPESTATUS &quot;" >
                <step title="Error occurred" date="2025-07-31T19:37:25.193" type="error" text="Deployment has been stopped due to SCM container restart. The restart can happen due to a management operation on site. Do not perform a management operation and a deployment operation in quick succession. Adding a small delay can help avoid any conflicts." /><!-- duration: 61ms -->
                <step title="Killing external process" date="2025-07-31T19:37:25.331" >
                  <step title="Abort Process &apos;python3.11(58610)&apos;." date="2025-07-31T19:37:25.493" /><!-- duration: 40ms -->
                  <step title="Abort Process &apos;python3.11(58609)&apos;." date="2025-07-31T19:37:25.574" /><!-- duration: 150ms -->
                  <step title="Abort Process &apos;python3.11(58608)&apos;." date="2025-07-31T19:37:25.832" /><!-- duration: 51ms -->
                  <step title="Abort Process &apos;oryx(58515)&apos;." date="2025-07-31T19:37:26.425" /><!-- duration: 30ms -->
                  <step title="Abort Process &apos;tee(58516)&apos;." date="2025-07-31T19:37:26.478" /><!-- duration: 70ms -->
                  <step title="Abort Process &apos;bash(58513)&apos;." date="2025-07-31T19:37:26.626" ssOutput" /><!-- duration: 23ms -->
/><!-- duration: 21ms -->
                </step><!-- duration: 1358ms -->
                <step title="Error occurred" date="2025-07-31T19:37:26.749" type="error" text="Error: Command &apos;[&apos;/tmp/8ddd0699426e074/antenv/bin/python3.11&apos;, &apos;-m&apos;, &apos;ensurepip&apos;, &apos;--upgrade&apos;, &apos;--default-pip&apos;]&apos; died with &lt;Signals.SIGKILL: 9&gt;.
/tmp/BuildScriptGenerator/aceb1bec3aa54c0093aff2301a74164e/build.sh: line 149: 58608 Killed                  $python -m $VIRTUALENVIRONMENTMODULE $VIRTUALENVIRONMENTNAME $VIRTUALENVIRONMENTOPTIONS
/bin/bash -c &quot;oryx build /tmp/zipdeploy/extracted -o /home/site/wwwroot --platform python --platform-version 3.11 -p virtualenv_name=antenv --log-file /tmp/build-debug.log  -i /tmp/8ddd0699426e074 --compress-destination-dir | tee /tmp/oryx-build.log ; exit $PIPESTATUS &quot;" stackTrace="   at Kudu.Core.Infrastructure.Executable.ExecuteInternal(ITracer tracer, Func`2 onWriteOutput, Func`2 onWriteError, CancellationToken token, Encoding encoding, String arguments, Object[] args) in /tmp/KuduLite/Kudu.Core/Infrastructure/Executable.cs:line 239
   at Kudu.Core.Infrastructure.Executable.ExecuteWithProgressWriter(ILogger logger, ITracer tracer, CancellationToken token, String arguments, Object[] args) in /tmp/KuduLite/Kudu.Core/Infrastructure/Executable.cs:line 118
   at Kudu.Core.Deployment.Generator.ExternalCommandBuilder.RunCommand(DeploymentContext context, String command, Boolean ignoreManifest, CancellationToken token, String message) in /tmp/KuduLite/Kudu.Core/Deployment/Generator/ExternalCommandBuilder.cs:line 122" /><!-- duration: 51ms -->
                <step title="Error occurred" date="2025-07-31T19:37:26.848" type="error" text="Error: Command &apos;[&apos;/tmp/8ddd0699426e074/antenv/bin/python3.11&apos;, &apos;-m&apos;, &apos;ensurepip&apos;, &apos;--upgrade&apos;, &apos;--default-pip&apos;]&apos; died with &lt;Signals.SIGKILL: 9&gt;.
/tmp/BuildScriptGenerator/aceb1bec3aa54c0093aff2301a74164e/build.sh: line 149: 58608 Killed                  $python -m $VIRTUALENVIRONMENTMODULE $VIRTUALENVIRONMENTNAME $VIRTUALENVIRONMENTOPTIONS
/bin/bash -c &quot;oryx build /tmp/zipdeploy/extracted -o /home/site/wwwroot --platform python --platform-version 3.11 -p virtualenv_name=antenv --log-file /tmp/build-debug.log  -i /tmp/8ddd0699426e074 --compress-destination-dir | tee /tmp/oryx-build.log ; exit $PIPESTATUS &quot;" stackTrace="   at Kudu.Core.Infrastructure.Executable.ExecuteInternal(ITracer tracer, Func`2 onWriteOutput, Func`2 onWriteError, CancellationToken token, Encoding encoding, String arguments, Object[] args) in /tmp/KuduLite/Kudu.Core/Infrastructure/Executable.cs:line 239
   at Kudu.Core.Infrastructure.Executable.ExecuteWithProgressWriter(ILogger logger, ITracer tracer, CancellationToken token, String arguments, Object[] args) in /tmp/KuduLite/Kudu.Core/Infrastructure/Executable.cs:line 118
   at Kudu.Core.Deployment.Generator.ExternalCommandBuilder.RunCommand(DeploymentContext context, String command, Boolean ignoreManifest, CancellationToken token, String message) in /tmp/KuduLite/Kudu.Core/Deployment/Generator/ExternalCommandBuilder.cs:line 122
   at Kudu.Core.Deployment.Generator.OryxBuilder.Build(DeploymentContext context, CancellationToken token) in /tmp/KuduLite/Kudu.Core/Deployment/Generator/OryxBuilder.cs:line 123
   at Kudu.Core.Deployment.DeploymentManager.Build(ChangeSet changeSet, ITracer tracer, IDisposable deployStep, IRepository repository, DeploymentInfoBase deploymentInfo, DeploymentAnalytics deploymentAnalytics, Boolean fullBuildByDefault, CancellationToken cancellationToken) in /tmp/KuduLite/Kudu.Core/Deployment/DeploymentManager.cs:line 771" 