<step title="BackgroundTrace" date="2025-07-31T14:03:46.625" instance="a45adb" url="/api/zipdeploy" method="POST" >
  <step title="Creating temporary deployment - FetchDeploymentManager" date="2025-07-31T14:03:46.739" /><!-- duration: 3ms -->
  <step title="Creating temporary deployment" date="2025-07-31T14:03:46.755" /><!-- duration: 80ms -->
  <step title="Performing fetch based deployment" date="2025-07-31T14:03:46.889" >
    <step title="Cleaning up temp folders from previous zip deployments and extracting pushed zip file /tmp/zipdeploy/b18c5858-f2c5-48b1-97d0-1ca73e590ae4.zip (0.03 MB) to /tmp/zipdeploy/extracted" date="2025-07-31T14:03:48.054" >
      <step title="ChmodRecursive Process exited with total time taken in ms: 88" date="2025-07-31T14:03:48.203" /><!-- duration: 10ms -->
    </step><!-- duration: 177ms -->
    <step title="Deployment timer started" date="2025-07-31T14:03:50.252" >
      <step title="DeploymentManager.Deploy(id:4b7bc24d-9c88-44a2-89b6-b6ff88af377d)" date="2025-07-31T14:03:50.271" >
        <step title="Collecting changeset information" date="2025-07-31T14:03:50.356" /><!-- duration: 269ms -->
        <step title="Updating submodules" date="2025-07-31T14:03:50.647" /><!-- duration: 1228ms -->
        <step title="Determining deployment builder" date="2025-07-31T14:03:52.085" >
          <step title="Builder is OryxBuilder" date="2025-07-31T14:03:52.105" /><!-- duration: 8ms -->
        </step><!-- duration: 40ms -->
        <step title="PreDeployment: context.CleanOutputPath False" date="2025-07-31T14:03:52.184" >
          <step title="PreDeployment: context.OutputPath /home/site/wwwroot" date="2025-07-31T14:03:52.304" >
            <step title="Building" date="2025-07-31T14:03:52.454" >
              <step title="Executing external process" date="2025-07-31T14:03:53.037" type="process" path="bash" arguments="-c &quot;oryx build /tmp/zipdeploy/extracted -o /home/site/wwwroot --platform python --platform-version 3.11 -p virtualenv_name=antenv --log-file /tmp/build-debug.log  -i /tmp/8ddd03b1474d6f5 --compress-destination-dir | tee /tmp/oryx-build.log ; exit $PIPESTATUS &quot;" /><!-- duration: 68525ms -->
              <step title="Using PythonDeploymentLogParser" date="2025-07-31T14:05:02.047" /><!-- duration: 12ms -->
              <step title="Triggering recycle (preview mode disabled)." date="2025-07-31T14:05:03.373" /><!-- duration: 22ms -->
              <step title="Modified file to trigger a restart of the app container." date="2025-07-31T14:05:03.428" /><!-- duration: 3ms -->
              <step title="Skip function trigger and logicapp sync because function is not enabled." date="2025-07-31T14:05:03.450" /><!-- duration: 10ms -->
              <step title="Purge deployment items" date="2025-07-31T14:05:04.441" >
                <step title="Remove e68976b5-, Success, received at 07/29/2025 11:17:47" date="2025-07-31T14:05:04.496" /><!-- duration: 10ms -->
              </step><!-- duration: 69ms -->
            </step><!-- duration: 72117ms -->
          </step><!-- duration: 72272ms -->
          <step title="Cleaning up temp files" date="2025-07-31T14:05:04.579" /><!-- duration: 1924ms -->
          <step title="Cleaning up temp files" date="2025-07-31T14:05:06.509" /><!-- duration: 533ms -->
          <step title="Reloading status file with latest updates" date="2025-07-31T14:05:07.101" >
            <step title="WebHooksManager.PublishEventAsync: PostDeployment" date="2025-07-31T14:05:07.122" /><!-- duration: 60ms -->
          </step><!-- duration: 92ms -->
          <step title="Cleaning up temporary deployment - fetch deployment was successful" date="2025-07-31T14:05:07.211" /><!-- duration: 4ms -->
        </step><!-- duration: 75092ms -->
      </step><!-- duration: 77023ms -->
