<step title="Incoming Request" date="2025-05-21T17:07:41.239" instance="e0f283" url="/api/zipdeploy?author=ms-azuretools-vscode&amp;deployer=ms-azuretools-vscode&amp;isAsync=true&amp;trackDeploymentId=true" method="POST" type="request" pid="768,1,7" Host="la-zeiterfassung-fyd4cge3d9e3cac4.scm.germanywestcentral-01.azurewebsites.net" User-Agent="vscode-azureappservice/0.26.1 core-rest-pipeline/1.19.1 Node/20.19.0 OS/(arm64-Darwin-24.3.0)" Accept-Encoding="gzip,deflate" Accept-Language="de" Authorization="Bea..." Transfer-Encoding="chunked" x-ms-correlation-request-id="279bb7d3-9709-4495-bc10-dd3eec7fb1e6" x-ms-client-request-id="40805511-fdc8-4114-8999-ee2992ee9b72" X-ARR-LOG-ID="40805511-fdc8-4114-8999-ee2992ee9b72" CLIENT-IP="84.138.91.166:64927" X-SITE-DEPLOYMENT-ID="LA-Zeiterfassung" WAS-DEFAULT-HOSTNAME="la-zeiterfassung-fyd4cge3d9e3cac4.scm.germanywestcentral-01.azurewebsites.net" X-Forwarded-Proto="https" X-AppService-Proto="https" X-Forwarded-TlsVersion="1.3" X-WAWS-Unencoded-URL="/api/zipdeploy?author=ms-azuretools-vscode&amp;deployer=ms-azuretools-vscode&amp;isAsync=true&amp;trackDeploymentId=true" X-Client-IP="84.138.91.166" X-Client-Port="64927" >
  <step title="Cleanup Xml Logs" date="2025-05-21T17:07:41.244" /><!-- duration: 9ms -->
  <step title="ZipPushDeploy" date="2025-05-21T17:07:41.361" >
    <step title="ZipDeploy. Extract zip." date="2025-05-21T17:07:41.369" /><!-- duration: 2ms -->
    <step title="None repository commit" date="2025-05-21T17:07:41.381" >
      <step title="Commit id: b6668222-3061-4f13-8585-2375216c829f" date="2025-05-21T17:07:41.384" Message="N/A" AuthorName="N/A" AuthorEmail="N/A" /><!-- duration: 3ms -->
    </step><!-- duration: 9ms -->
    <step title="Starting PushDeployAsync" date="2025-05-21T17:07:41.393" /><!-- duration: 4ms -->
    <step title="Error occurred" date="2025-05-21T17:07:41.464" type="error" text="Error removing symlink: Path doesn&apos;t exist!" stackTrace="   at Mono.Unix.UnixFileSystemInfo.AssertValid()
   at Mono.Unix.UnixFileSystemInfo.get_FileType()
   at Kudu.Services.Deployment.PushDeploymentController.PushDeployAsync(ArtifactDeploymentInfo deploymentInfo, Boolean isAsync, HttpContext context, JObject requestJson) in /tmp/KuduLite/Kudu.Services/Deployment/PushDeploymentController.cs:line 740" /><!-- duration: 3ms -->
    <step title="Writing artifact to /tmp/zipdeploy/1a6bb96e-8522-420a-97db-1f5ec28095cf.zip" date="2025-05-21T17:07:41.483" >
      <step title="Writing multipart request body to /tmp/zipdeploy/1a6bb96e-8522-420a-97db-1f5ec28095cf.zip" date="2025-05-21T17:07:41.485" /><!-- duration: 10ms -->
    </step><!-- duration: 154ms -->
    <step title="Removing previous build artifact&apos;s manifest file" date="2025-05-21T17:07:41.647" >
      <step title="Start deployment in the background" date="2025-05-21T17:07:41.674" >
        <step title="Acquiring Deployment Lock" date="2025-05-21T17:07:41.707" /><!-- duration: 8ms -->
        <step title="Acquired Deployment Lock" date="2025-05-21T17:07:41.749" /><!-- duration: 2ms -->
      </step><!-- duration: 176ms -->
    </step><!-- duration: 209ms -->
    <step title="Outgoing response" date="2025-05-21T17:07:41.868" type="response" statusCode="202" statusText="Accepted" /><!-- duration: 2ms -->
  </step><!-- duration: 515ms -->
