<step title="Incoming Request" date="2025-05-21T21:18:11.243" instance="e0f283" url="/api/zipdeploy?author=ms-azuretools-vscode&amp;deployer=ms-azuretools-vscode&amp;isAsync=true&amp;trackDeploymentId=true" method="POST" type="request" pid="772,1,16" Host="la-zeiterfassung-fyd4cge3d9e3cac4.scm.germanywestcentral-01.azurewebsites.net" User-Agent="vscode-azureappservice/0.26.1 core-rest-pipeline/1.19.1 Node/20.19.0 OS/(arm64-Darwin-24.3.0)" Accept-Encoding="gzip,deflate" Accept-Language="de" Authorization="Bea..." Transfer-Encoding="chunked" x-ms-correlation-request-id="29d1fb5d-89f0-4e3f-94fb-3128844c84a9" x-ms-client-request-id="8c7452b0-0bc8-4c0e-90c5-03fde8f38101" X-ARR-LOG-ID="8c7452b0-0bc8-4c0e-90c5-03fde8f38101" CLIENT-IP="84.138.91.166:61589" X-SITE-DEPLOYMENT-ID="LA-Zeiterfassung" WAS-DEFAULT-HOSTNAME="la-zeiterfassung-fyd4cge3d9e3cac4.scm.germanywestcentral-01.azurewebsites.net" X-Forwarded-Proto="https" X-AppService-Proto="https" X-Forwarded-TlsVersion="1.3" X-WAWS-Unencoded-URL="/api/zipdeploy?author=ms-azuretools-vscode&amp;deployer=ms-azuretools-vscode&amp;isAsync=true&amp;trackDeploymentId=true" X-Client-IP="84.138.91.166" X-Client-Port="61589" >
  <step title="ZipPushDeploy" date="2025-05-21T21:18:11.887" >
    <step title="ZipDeploy. Extract zip." date="2025-05-21T21:18:11.902" /><!-- duration: 2ms -->
    <step title="None repository commit" date="2025-05-21T21:18:11.916" >
      <step title="Commit id: 38502269-c4d0-462a-b357-4ce87d1f6aa1" date="2025-05-21T21:18:11.919" Message="N/A" AuthorName="N/A" AuthorEmail="N/A" /><!-- duration: 2ms -->
    </step><!-- duration: 8ms -->
    <step title="Starting PushDeployAsync" date="2025-05-21T21:18:11.928" /><!-- duration: 3ms -->
    <step title="Error occurred" date="2025-05-21T21:18:12.009" type="error" text="Error removing symlink: Path doesn&apos;t exist!" stackTrace="   at Mono.Unix.UnixFileSystemInfo.AssertValid()
   at Mono.Unix.UnixFileSystemInfo.get_FileType()
   at Kudu.Services.Deployment.PushDeploymentController.PushDeployAsync(ArtifactDeploymentInfo deploymentInfo, Boolean isAsync, HttpContext context, JObject requestJson) in /tmp/KuduLite/Kudu.Services/Deployment/PushDeploymentController.cs:line 740" /><!-- duration: 7ms -->
    <step title="Writing artifact to /tmp/zipdeploy/f0c0da66-8a12-4e32-8240-8faf80461bf1.zip" date="2025-05-21T21:18:12.023" >
      <step title="Writing multipart request body to /tmp/zipdeploy/f0c0da66-8a12-4e32-8240-8faf80461bf1.zip" date="2025-05-21T21:18:12.040" /><!-- duration: 9ms -->
    </step><!-- duration: 155ms -->
    <step title="Removing previous build artifact&apos;s manifest file" date="2025-05-21T21:18:12.187" >
      <step title="Start deployment in the background" date="2025-05-21T21:18:12.212" >
        <step title="Acquiring Deployment Lock" date="2025-05-21T21:18:12.303" /><!-- duration: 2ms -->
        <step title="Acquired Deployment Lock" date="2025-05-21T21:18:12.344" /><!-- duration: 2ms -->
      </step><!-- duration: 218ms -->
    </step><!-- duration: 248ms -->
    <step title="Outgoing response" date="2025-05-21T21:18:12.462" type="response" statusCode="202" statusText="Accepted" /><!-- duration: 2ms -->
  </step><!-- duration: 579ms -->
