<step title="Incoming Request" date="2025-07-29T06:19:37.199" instance="a45adb" url="/api/publish?type=zip" method="POST" type="request" pid="769,1,7" Accept="*/*" Host="la-zeiterfassung-fyd4cge3d9e3cac4.scm.azurewebsites.net" User-Agent="AZURECLI/2.75.0 (HOMEBREW)" Accept-Encoding="gzip, deflate" Authorization="Bas..." Cache-Control="no-cache" Content-Type="application/octet-stream" Cookie="ARRAffinity=a45adbe19489ea2b14e790f681e17ad6f03a5528ca730625ec513d016d2b4c91; ARRAffinitySameSite=a45adbe19489ea2b14e790f681e17ad6f03a5528ca730625ec513d016d2b4c91" Content-Length="6981" x-ms-client-request-id="fb69d3a2-6c43-11f0-8ea6-3ecdac25f1e6" x-ms-artifact-checksum="7faef99518944fa75ca50655ad21e3b168e085aa95be2f9d62f7be387eac551b" X-ARR-LOG-ID="fb69d3a2-6c43-11f0-8ea6-3ecdac25f1e6" CLIENT-IP="84.138.86.68:64386" X-SITE-DEPLOYMENT-ID="la-zeiterfassung-fyd4cge3d9e3cac4" WAS-DEFAULT-HOSTNAME="la-zeiterfassung-fyd4cge3d9e3cac4.scm.azurewebsites.net" X-Forwarded-Proto="https" X-AppService-Proto="https" X-Forwarded-TlsVersion="1.3" X-WAWS-Unencoded-URL="/api/publish?type=zip" X-Client-IP="84.138.86.68" X-Client-Port="64386" >
  <step title="OneDeploy" date="2025-07-29T06:19:37.219" >
    <step title="Starting PushDeployAsync" date="2025-07-29T06:19:37.234" /><!-- duration: 3ms -->
    <step title="Writing artifact to /tmp/zipdeploy/7b82387e-30bb-49cc-9baa-67f827398c7f.zip" date="2025-07-29T06:19:37.252" >
      <step title="Writing multipart request body to /tmp/zipdeploy/7b82387e-30bb-49cc-9baa-67f827398c7f.zip" date="2025-07-29T06:19:37.255" /><!-- duration: 4ms -->
    </step><!-- duration: 38ms -->
    <step title="Removing previous build artifact&apos;s manifest file" date="2025-07-29T06:19:37.302" >
      <step title="Attempting to fetch target branch HEAD" date="2025-07-29T06:19:37.318" /><!-- duration: 4ms -->
      <step title="Acquiring Deployment Lock" date="2025-07-29T06:19:37.326" /><!-- duration: 3ms -->
      <step title="Acquired Deployment Lock" date="2025-07-29T06:19:37.372" /><!-- duration: 3ms -->
      <step title="Performing fetch based deployment" date="2025-07-29T06:19:37.382" >
        <step title="Creating temporary deployment" date="2025-07-29T06:19:37.386" /><!-- duration: 60ms -->
        <step title="Releasing Deployment Lock" date="2025-07-29T06:19:38.587" /><!-- duration: 8ms -->
        <step title="Cleaning up temp folders from previous zip deployments and extracting pushed zip file /tmp/zipdeploy/7b82387e-30bb-49cc-9baa-67f827398c7f.zip (0.01 MB) to /tmp/zipdeploy/extracted" date="2025-07-29T06:19:38.650" >
          <step title="ChmodRecursive Process exited with total time taken in ms: 90" date="2025-07-29T06:19:38.771" /><!-- duration: 9ms -->
        </step><!-- duration: 140ms -->
        <step title="None repository commit" date="2025-07-29T06:19:38.801" >
          <step title="Commit id: 8a6f5d5a-a745-44be-9ea7-d337dd63e484" date="2025-07-29T06:19:38.820" Message="OneDeploy" AuthorName="N/A" AuthorEmail="N/A" /><!-- duration: 9ms -->
        </step><!-- duration: 37ms -->
        <step title="Deployment timer started" date="2025-07-29T06:19:40.842" >
          <step title="DeploymentManager.Deploy(id:8a6f5d5a-a745-44be-9ea7-d337dd63e484)" date="2025-07-29T06:19:40.848" >
            <step title="Collecting changeset information" date="2025-07-29T06:19:40.876" /><!-- duration: 78ms -->
            <step title="Updating submodules" date="2025-07-29T06:19:40.959" /><!-- duration: 1123ms -->
            <step title="Determining deployment builder" date="2025-07-29T06:19:42.287" >
              <step title="Builder is OryxBuilder" date="2025-07-29T06:19:42.301" /><!-- duration: 4ms -->
            </step><!-- duration: 20ms -->
            <step title="PreDeployment: context.CleanOutputPath False" date="2025-07-29T06:19:42.350" >
              <step title="PreDeployment: context.OutputPath /home/site/wwwroot" date="2025-07-29T06:19:42.468" >
                <step title="Building" date="2025-07-29T06:19:42.598" >
                  <step title="Executing external process" date="2025-07-29T06:19:42.900" type="process" path="bash" arguments="-c &quot;oryx build /tmp/zipdeploy/extracted -o /home/site/wwwroot --platform python --platform-version 3.11 -p virtualenv_name=antenv --log-file /tmp/build-debug.log  -i /tmp/8ddce67e7d7bbe2 --compress-destination-dir | tee /tmp/oryx-build.log ; exit $PIPESTATUS &quot;" /><!-- duration: 87374ms -->
                  <step title="Using PythonDeploymentLogParser" date="2025-07-29T06:21:10.703" /><!-- duration: 4ms -->
                  <step title="Modified file to trigger a restart of the app container." date="2025-07-29T06:21:11.765" /><!-- duration: 4ms -->
                  <step title="Skip function trigger and logicapp sync because function is not enabled." date="2025-07-29T06:21:11.773" /><!-- duration: 5ms -->
                  <step title="Purge deployment items" date="2025-07-29T06:21:13.336" >
                    <step title="Remove 249cbb99-, Success, received at 07/28/2025 22:33:44" date="2025-07-29T06:21:13.380" /><!-- duration: 3ms -->
                  </step><!-- duration: 50ms -->
                </step><!-- duration: 90871ms -->
              </step><!-- duration: 91007ms -->
              <step title="Cleaning up temp files" date="2025-07-29T06:21:13.478" /><!-- duration: 2100ms -->
              <step title="Cleaning up temp files" date="2025-07-29T06:21:15.615" /><!-- duration: 533ms -->
              <step title="Reloading status file with latest updates" date="2025-07-29T06:21:16.278" >
                <step title="WebHooksManager.PublishEventAsync: PostDeployment" date="2025-07-29T06:21:16.317" /><!-- duration: 124ms -->
              </step><!-- duration: 174ms -->
              <step title="Cleaning up temporary deployment - fetch deployment was successful" date="2025-07-29T06:21:16.502" /><!-- duration: 17ms -->
            </step><!-- duration: 94294ms -->
          </step><!-- duration: 95825ms -->
          <step title="Outgoing response" date="2025-07-29T06:21:16.829" type="response" statusCode="200" statusText="OK" /><!-- duration: 20ms -->
        </step><!-- duration: 96037ms -->
