<step title="Incoming Request" date="2025-07-29T06:16:12.624" instance="a45adb" url="/api/publish?type=zip" method="POST" type="request" pid="769,1,28" Accept="*/*" Host="la-zeiterfassung-fyd4cge3d9e3cac4.scm.azurewebsites.net" User-Agent="AZURECLI/2.75.0 (HOMEBREW)" Accept-Encoding="gzip, deflate" Authorization="Bas..." Cache-Control="no-cache" Content-Type="application/octet-stream" Cookie="ARRAffinity=a45adbe19489ea2b14e790f681e17ad6f03a5528ca730625ec513d016d2b4c91; ARRAffinitySameSite=a45adbe19489ea2b14e790f681e17ad6f03a5528ca730625ec513d016d2b4c91" Content-Length="6970" x-ms-client-request-id="82884cca-6c43-11f0-96ee-3ecdac25f1e6" x-ms-artifact-checksum="b9fd5581fdd1899623579abf5445ecfaa8a7a3af1a9aa38ebcfb90a939d0a2e0" X-ARR-LOG-ID="82884cca-6c43-11f0-96ee-3ecdac25f1e6" CLIENT-IP="84.138.86.68:61636" X-SITE-DEPLOYMENT-ID="la-zeiterfassung-fyd4cge3d9e3cac4" WAS-DEFAULT-HOSTNAME="la-zeiterfassung-fyd4cge3d9e3cac4.scm.azurewebsites.net" X-Forwarded-Proto="https" X-AppService-Proto="https" X-Forwarded-TlsVersion="1.3" X-WAWS-Unencoded-URL="/api/publish?type=zip" X-Client-IP="84.138.86.68" X-Client-Port="61636" >
  <step title="OneDeploy" date="2025-07-29T06:16:12.634" >
    <step title="Starting PushDeployAsync" date="2025-07-29T06:16:12.654" /><!-- duration: 3ms -->
    <step title="Writing artifact to /tmp/zipdeploy/f5542575-836f-433d-a315-0d71a2738145.zip" date="2025-07-29T06:16:12.684" >
      <step title="Writing multipart request body to /tmp/zipdeploy/f5542575-836f-433d-a315-0d71a2738145.zip" date="2025-07-29T06:16:12.711" /><!-- duration: 3ms -->
    </step><!-- duration: 76ms -->
    <step title="Removing previous build artifact&apos;s manifest file" date="2025-07-29T06:16:12.772" >
      <step title="Attempting to fetch target branch HEAD" date="2025-07-29T06:16:12.810" /><!-- duration: 4ms -->
      <step title="Acquiring Deployment Lock" date="2025-07-29T06:16:12.822" /><!-- duration: 9ms -->
      <step title="Acquired Deployment Lock" date="2025-07-29T06:16:12.860" /><!-- duration: 3ms -->
      <step title="Performing fetch based deployment" date="2025-07-29T06:16:12.870" >
        <step title="Creating temporary deployment" date="2025-07-29T06:16:12.874" /><!-- duration: 139ms -->
        <step title="Releasing Deployment Lock" date="2025-07-29T06:16:14.179" /><!-- duration: 9ms -->
        <step title="Cleaning up temp folders from previous zip deployments and extracting pushed zip file /tmp/zipdeploy/f5542575-836f-433d-a315-0d71a2738145.zip (0.01 MB) to /tmp/zipdeploy/extracted" date="2025-07-29T06:16:14.230" >
          <step title="ChmodRecursive Process exited with total time taken in ms: 142" date="2025-07-29T06:16:14.432" /><!-- duration: 12ms -->
        </step><!-- duration: 223ms -->
        <step title="None repository commit" date="2025-07-29T06:16:14.463" >
          <step title="Commit id: b9f432c7-72f9-4d3c-aef4-045668e9dc84" date="2025-07-29T06:16:14.475" Message="OneDeploy" AuthorName="N/A" AuthorEmail="N/A" /><!-- duration: 4ms -->
        </step><!-- duration: 20ms -->
        <step title="Deployment timer started" date="2025-07-29T06:16:16.488" >
          <step title="DeploymentManager.Deploy(id:b9f432c7-72f9-4d3c-aef4-045668e9dc84)" date="2025-07-29T06:16:16.502" >
            <step title="Collecting changeset information" date="2025-07-29T06:16:16.527" /><!-- duration: 93ms -->
            <step title="Updating submodules" date="2025-07-29T06:16:16.630" /><!-- duration: 1149ms -->
            <step title="Determining deployment builder" date="2025-07-29T06:16:18.058" >
              <step title="Builder is OryxBuilder" date="2025-07-29T06:16:18.083" /><!-- duration: 10ms -->
            </step><!-- duration: 44ms -->
            <step title="PreDeployment: context.CleanOutputPath False" date="2025-07-29T06:16:18.211" >
              <step title="PreDeployment: context.OutputPath /home/site/wwwroot" date="2025-07-29T06:16:18.373" >
                <step title="Building" date="2025-07-29T06:16:18.545" >
                  <step title="Executing external process" date="2025-07-29T06:16:19.034" type="process" path="bash" arguments="-c &quot;oryx build /tmp/zipdeploy/extracted -o /home/site/wwwroot --platform python --platform-version 3.11 -p virtualenv_name=antenv --log-file /tmp/build-debug.log  -i /tmp/8ddce676e2154db --compress-destination-dir | tee /tmp/oryx-build.log ; exit $PIPESTATUS &quot;" /><!-- duration: 106681ms -->
                  <step title="Using PythonDeploymentLogParser" date="2025-07-29T06:18:06.249" /><!-- duration: 14ms -->
                  <step title="Modified file to trigger a restart of the app container." date="2025-07-29T06:18:07.424" /><!-- duration: 5ms -->
                  <step title="Skip function trigger and logicapp sync because function is not enabled." date="2025-07-29T06:18:07.433" /><!-- duration: 5ms -->
                </step><!-- duration: 109788ms -->
              </step><!-- duration: 109966ms -->
              <step title="Cleaning up temp files" date="2025-07-29T06:18:08.342" /><!-- duration: 2048ms -->
              <step title="Cleaning up temp files" date="2025-07-29T06:18:10.400" /><!-- duration: 506ms -->
              <step title="Reloading status file with latest updates" date="2025-07-29T06:18:10.938" >
                <step title="WebHooksManager.PublishEventAsync: PostDeployment" date="2025-07-29T06:18:10.944" /><!-- duration: 31ms -->
              </step><!-- duration: 40ms -->
              <step title="Cleaning up temporary deployment - fetch deployment was successful" date="2025-07-29T06:18:10.985" /><!-- duration: 3ms -->
            </step><!-- duration: 112857ms -->
          </step><!-- duration: 114586ms -->
          <step title="Outgoing response" date="2025-07-29T06:18:11.109" type="response" statusCode="200" statusText="OK" /><!-- duration: 19ms -->
        </step><!-- duration: 114643ms -->
