<step title="BackgroundTrace" date="2025-07-31T14:09:39.413" instance="a45adb" url="/api/zipdeploy" method="POST" >
  <step title="Creating temporary deployment - FetchDeploymentManager" date="2025-07-31T14:09:39.481" /><!-- duration: 4ms -->
  <step title="Creating temporary deployment" date="2025-07-31T14:09:39.492" /><!-- duration: 90ms -->
  <step title="Performing fetch based deployment" date="2025-07-31T14:09:39.640" >
    <step title="Cleaning up temp folders from previous zip deployments and extracting pushed zip file /tmp/zipdeploy/babc5d05-286d-446d-9b60-54ec22cf83d8.zip (0.03 MB) to /tmp/zipdeploy/extracted" date="2025-07-31T14:09:40.781" >
      <step title="ChmodRecursive Process exited with total time taken in ms: 99" date="2025-07-31T14:09:40.948" /><!-- duration: 21ms -->
    </step><!-- duration: 190ms -->
    <step title="Deployment timer started" date="2025-07-31T14:09:42.988" >
      <step title="DeploymentManager.Deploy(id:c7ba1389-af5c-4bee-9e0e-b4b98ff2a9b0)" date="2025-07-31T14:09:43.001" >
        <step title="Collecting changeset information" date="2025-07-31T14:09:43.024" /><!-- duration: 111ms -->
        <step title="Updating submodules" date="2025-07-31T14:09:43.141" /><!-- duration: 1135ms -->
        <step title="Determining deployment builder" date="2025-07-31T14:09:44.485" >
          <step title="Builder is OryxBuilder" date="2025-07-31T14:09:44.506" /><!-- duration: 8ms -->
        </step><!-- duration: 32ms -->
        <step title="PreDeployment: context.CleanOutputPath False" date="2025-07-31T14:09:44.566" >
          <step title="PreDeployment: context.OutputPath /home/site/wwwroot" date="2025-07-31T14:09:44.663" >
            <step title="Building" date="2025-07-31T14:09:44.795" >
              <step title="Executing external process" date="2025-07-31T14:09:45.151" type="process" path="bash" arguments="-c &quot;oryx build /tmp/zipdeploy/extracted -o /home/site/wwwroot --platform python --platform-version 3.11 -p virtualenv_name=antenv --log-file /tmp/build-debug.log  -i /tmp/8ddd03be67f9e9b --compress-destination-dir | tee /tmp/oryx-build.log ; exit $PIPESTATUS &quot;" /><!-- duration: 68253ms -->
              <step title="Using PythonDeploymentLogParser" date="2025-07-31T14:10:53.805" /><!-- duration: 10ms -->
              <step title="Triggering recycle (preview mode disabled)." date="2025-07-31T14:10:54.888" /><!-- duration: 13ms -->
              <step title="Modified file to trigger a restart of the app container." date="2025-07-31T14:10:54.928" /><!-- duration: 4ms -->
              <step title="Skip function trigger and logicapp sync because function is not enabled." date="2025-07-31T14:10:54.948" /><!-- duration: 4ms -->
              <step title="Purge deployment items" date="2025-07-31T14:10:55.978" >
                <step title="Remove 017f153f-, Success, received at 07/29/2025 12:19:15" date="2025-07-31T14:10:56.050" /><!-- duration: 3ms -->
              </step><!-- duration: 82ms -->
            </step><!-- duration: 71362ms -->
          </step><!-- duration: 71499ms -->
          <step title="Cleaning up temp files" date="2025-07-31T14:10:56.165" /><!-- duration: 1942ms -->
          <step title="Cleaning up temp files" date="2025-07-31T14:10:58.114" /><!-- duration: 519ms -->
          <step title="Reloading status file with latest updates" date="2025-07-31T14:10:58.673" >
            <step title="WebHooksManager.PublishEventAsync: PostDeployment" date="2025-07-31T14:10:58.680" /><!-- duration: 42ms -->
          </step><!-- duration: 52ms -->
          <step title="Cleaning up temporary deployment - fetch deployment was successful" date="2025-07-31T14:10:58.729" /><!-- duration: 2ms -->
        </step><!-- duration: 74207ms -->
      </step><!-- duration: 75791ms -->
