<step title="Incoming Request" date="2025-05-21T16:59:15.444" instance="e0f283" url="/api/zipdeploy?author=ms-azuretools-vscode&amp;deployer=ms-azuretools-vscode&amp;isAsync=true&amp;trackDeploymentId=true" method="POST" type="request" pid="768,1,15" Host="la-zeiterfassung-fyd4cge3d9e3cac4.scm.germanywestcentral-01.azurewebsites.net" User-Agent="vscode-azureappservice/0.26.1 core-rest-pipeline/1.19.1 Node/20.19.0 OS/(arm64-Darwin-24.3.0)" Accept-Encoding="gzip,deflate" Accept-Language="de" Authorization="Bea..." Transfer-Encoding="chunked" x-ms-correlation-request-id="cf790af7-f24f-4d5c-8cc6-d1026d59ffe9" x-ms-client-request-id="727e631d-bcb1-4df5-9de9-6689c0ad5f56" X-ARR-LOG-ID="727e631d-bcb1-4df5-9de9-6689c0ad5f56" CLIENT-IP="84.138.91.166:64096" X-SITE-DEPLOYMENT-ID="LA-Zeiterfassung" WAS-DEFAULT-HOSTNAME="la-zeiterfassung-fyd4cge3d9e3cac4.scm.germanywestcentral-01.azurewebsites.net" X-Forwarded-Proto="https" X-AppService-Proto="https" X-Forwarded-TlsVersion="1.3" X-WAWS-Unencoded-URL="/api/zipdeploy?author=ms-azuretools-vscode&amp;deployer=ms-azuretools-vscode&amp;isAsync=true&amp;trackDeploymentId=true" X-Client-IP="84.138.91.166" X-Client-Port="64096" >
  <step title="Cleanup Xml Logs" date="2025-05-21T16:59:15.449" /><!-- duration: 7ms -->
  <step title="ZipPushDeploy" date="2025-05-21T16:59:15.541" >
    <step title="ZipDeploy. Extract zip." date="2025-05-21T16:59:15.556" /><!-- duration: 3ms -->
    <step title="None repository commit" date="2025-05-21T16:59:15.582" >
      <step title="Commit id: 83210939-af65-4bde-a058-d860bbc19aab" date="2025-05-21T16:59:15.586" Message="N/A" AuthorName="N/A" AuthorEmail="N/A" /><!-- duration: 2ms -->
    </step><!-- duration: 8ms -->
    <step title="Starting PushDeployAsync" date="2025-05-21T16:59:15.593" /><!-- duration: 3ms -->
    <step title="Error occurred" date="2025-05-21T16:59:15.903" type="error" text="Error removing symlink: Path doesn&apos;t exist!" stackTrace="   at Mono.Unix.UnixFileSystemInfo.AssertValid()
   at Mono.Unix.UnixFileSystemInfo.get_FileType()
   at Kudu.Services.Deployment.PushDeploymentController.PushDeployAsync(ArtifactDeploymentInfo deploymentInfo, Boolean isAsync, HttpContext context, JObject requestJson) in /tmp/KuduLite/Kudu.Services/Deployment/PushDeploymentController.cs:line 740" /><!-- duration: 10ms -->
    <step title="Writing artifact to /tmp/zipdeploy/51dd93b8-e852-48ff-b8e4-358b0d31c979.zip" date="2025-05-21T16:59:15.947" >
      <step title="Writing multipart request body to /tmp/zipdeploy/51dd93b8-e852-48ff-b8e4-358b0d31c979.zip" date="2025-05-21T16:59:15.954" /><!-- duration: 9ms -->
    </step><!-- duration: 129ms -->
    <step title="Start deployment in the background" date="2025-05-21T16:59:16.116" >
      <step title="Acquiring Deployment Lock" date="2025-05-21T16:59:16.145" /><!-- duration: 9ms -->
      <step title="Acquired Deployment Lock" date="2025-05-21T16:59:16.199" /><!-- duration: 3ms -->
    </step><!-- duration: 169ms -->
  </step><!-- duration: 764ms -->
  <step title="Outgoing response" date="2025-05-21T16:59:16.319" type="response" statusCode="202" statusText="Accepted" /><!-- duration: 3ms -->
</step><!-- duration: 880ms -->
