<step title="Incoming Request" date="2025-07-31T14:58:09.030" instance="a45adb" url="/api/deployments/latest" method="GET" type="request" pid="769,1,31" Accept="*/*" Host="la-zeiterfassung-fyd4cge3d9e3cac4.scm.azurewebsites.net" User-Agent="AZURECLI/2.75.0 (HOMEBREW)" Accept-Encoding="gzip, deflate" Authorization="Bas..." x-ms-client-request-id="be1b60a6-6e1e-11f0-bb12-3ecdac25f1e6" X-ARR-LOG-ID="be1b60a6-6e1e-11f0-bb12-3ecdac25f1e6" CLIENT-IP="84.138.86.68:61463" X-SITE-DEPLOYMENT-ID="la-zeiterfassung-fyd4cge3d9e3cac4" WAS-DEFAULT-HOSTNAME="la-zeiterfassung-fyd4cge3d9e3cac4.scm.azurewebsites.net" X-Forwarded-Proto="https" X-AppService-Proto="https" X-Forwarded-TlsVersion="1.3" X-WAWS-Unencoded-URL="/api/deployments/latest" X-Client-IP="84.138.86.68" X-Client-Port="61463" >
  <step title="Cleanup Xml Logs" date="2025-07-31T14:58:09.039" >
    <step title="Cleanup Infos" date="2025-07-31T14:58:09.048" totalFiles="214" totalCleanup="54" /><!-- duration: 3ms -->
  </step><!-- duration: 14ms -->
  <step title="DeploymentService.GetResult" date="2025-07-31T14:58:09.061" >
    <step title="DeploymentService.GetLatestDeployment" date="2025-07-31T14:58:09.065" >
      <step title="DeploymentManager.GetResults" date="2025-07-31T14:58:09.068" /><!-- duration: 592ms -->
    </step><!-- duration: 603ms -->
  </step><!-- duration: 619ms -->
  <step title="Outgoing response" date="2025-07-31T14:58:09.730" type="response" statusCode="202" statusText="Accepted" /><!-- duration: 9ms -->
</step><!-- duration: 712ms -->
