<step title="Incoming Request" date="2025-07-31T15:03:27.062" instance="a45adb" url="/api/zipdeploy?isAsync=true" method="POST" type="request" pid="769,1,20" Accept="*/*" Host="la-zeiterfassung-fyd4cge3d9e3cac4.scm.azurewebsites.net" User-Agent="AZURECLI/2.75.0 (HOMEBREW)" Accept-Encoding="gzip, deflate" Authorization="Bas..." Cache-Control="no-cache" Content-Type="application/octet-stream" Cookie="ARRAffinity=a45adbe19489ea2b14e790f681e17ad6f03a5528ca730625ec513d016d2b4c91; ARRAffinitySameSite=a45adbe19489ea2b14e790f681e17ad6f03a5528ca730625ec513d016d2b4c91" Content-Length="33863" x-ms-client-request-id="7f6c9568-6e1f-11f0-8778-3ecdac25f1e6" x-ms-artifact-checksum="10b41117d77486c06fcf5c1f9ad751fc4fde91e22c23038902e223fa86181db7" X-ARR-LOG-ID="7f6c9568-6e1f-11f0-8778-3ecdac25f1e6" CLIENT-IP="84.138.86.68:60454" X-SITE-DEPLOYMENT-ID="la-zeiterfassung-fyd4cge3d9e3cac4" WAS-DEFAULT-HOSTNAME="la-zeiterfassung-fyd4cge3d9e3cac4.scm.azurewebsites.net" X-Forwarded-Proto="https" X-AppService-Proto="https" X-Forwarded-TlsVersion="1.3" X-WAWS-Unencoded-URL="/api/zipdeploy?isAsync=true" X-Client-IP="84.138.86.68" X-Client-Port="60454" >
  <step title="ZipPushDeploy" date="2025-07-31T15:03:27.131" >
    <step title="ZipDeploy. Extract zip. Remote build." date="2025-07-31T15:03:27.160" /><!-- duration: 10ms -->
    <step title="Starting PushDeployAsync" date="2025-07-31T15:03:27.183" /><!-- duration: 10ms -->
    <step title="Writing artifact to /tmp/zipdeploy/37d38b67-9779-4211-b70b-5600044c9fa1.zip" date="2025-07-31T15:03:27.224" >
      <step title="Writing multipart request body to /tmp/zipdeploy/37d38b67-9779-4211-b70b-5600044c9fa1.zip" date="2025-07-31T15:03:27.241" /><!-- duration: 4ms -->
    </step><!-- duration: 219ms -->
    <step title="Removing previous build artifact&apos;s manifest file" date="2025-07-31T15:03:27.456" >
      <step title="Start deployment in the background" date="2025-07-31T15:03:27.492" >
        <step title="Acquiring Deployment Lock" date="2025-07-31T15:03:27.534" /><!-- duration: 10ms -->
        <step title="Acquired Deployment Lock" date="2025-07-31T15:03:27.615" /><!-- duration: 9ms -->
      </step><!-- duration: 290ms -->
    </step><!-- duration: 350ms -->
    <step title="Outgoing response" date="2025-07-31T15:03:27.816" type="response" statusCode="202" statusText="Accepted" /><!-- duration: 19ms -->
  </step><!-- duration: 714ms -->
