<step title="Incoming Request" date="2025-07-28T22:16:16.597" instance="a45adb" url="/api/zipdeploy?isAsync=true" method="POST" type="request" pid="770,1,22" Accept="*/*" Host="la-zeiterfassung-fyd4cge3d9e3cac4.scm.azurewebsites.net" User-Agent="AZURECLI/2.75.0 (HOMEBREW)" Accept-Encoding="gzip, deflate" Authorization="Bas..." Cache-Control="no-cache" Content-Type="application/octet-stream" Cookie="ARRAffinity=a45adbe19489ea2b14e790f681e17ad6f03a5528ca730625ec513d016d2b4c91; ARRAffinitySameSite=a45adbe19489ea2b14e790f681e17ad6f03a5528ca730625ec513d016d2b4c91" Content-Length="20369" x-ms-client-request-id="6c9ba45e-6c00-11f0-8b16-3ecdac25f1e6" x-ms-artifact-checksum="81044582b022a77ab893d6a0e5a368a054d236422bd541ef12fb79c5c8836b15" X-ARR-LOG-ID="6c9ba45e-6c00-11f0-8b16-3ecdac25f1e6" CLIENT-IP="84.138.86.68:61159" X-SITE-DEPLOYMENT-ID="la-zeiterfassung-fyd4cge3d9e3cac4" WAS-DEFAULT-HOSTNAME="la-zeiterfassung-fyd4cge3d9e3cac4.scm.azurewebsites.net" X-Forwarded-Proto="https" X-AppService-Proto="https" X-Forwarded-TlsVersion="1.3" X-WAWS-Unencoded-URL="/api/zipdeploy?isAsync=true" X-Client-IP="84.138.86.68" X-Client-Port="61159" >
  <step title="Cleanup Xml Logs" date="2025-07-28T22:16:16.655" /><!-- duration: 80ms -->
  <step title="ZipPushDeploy" date="2025-07-28T22:16:17.547" >
    <step title="ZipDeploy. Extract zip. Remote build." date="2025-07-28T22:16:17.893" /><!-- duration: 62ms -->
    <step title="None repository commit" date="2025-07-28T22:16:18.026" >
      <step title="Commit id: b1049a2e-1af3-4417-a2e2-ff062caf9d84" date="2025-07-28T22:16:18.064" Message="N/A" AuthorName="N/A" AuthorEmail="N/A" /><!-- duration: 9ms -->
    </step><!-- duration: 58ms -->
    <step title="Starting PushDeployAsync" date="2025-07-28T22:16:18.106" /><!-- duration: 135ms -->
    <step title="Writing artifact to /tmp/zipdeploy/c38ec614-e60a-4da2-8d85-f79559e9629b.zip" date="2025-07-28T22:16:18.453" >
      <step title="Writing multipart request body to /tmp/zipdeploy/c38ec614-e60a-4da2-8d85-f79559e9629b.zip" date="2025-07-28T22:16:18.482" /><!-- duration: 31ms -->
    </step><!-- duration: 844ms -->
    <step title="Start deployment in the background" date="2025-07-28T22:16:19.500" >
      <step title="Acquiring Deployment Lock" date="2025-07-28T22:16:19.852" /><!-- duration: 78ms -->
      <step title="Acquired Deployment Lock" date="2025-07-28T22:16:20.354" /><!-- duration: 11ms -->
    </step><!-- duration: 2324ms -->
  </step><!-- duration: 4365ms -->
  <step title="Outgoing response" date="2025-07-28T22:16:22.090" type="response" statusCode="202" statusText="Accepted" /><!-- duration: 12ms -->
</step><!-- duration: 5525ms -->
