<step title="BackgroundTrace" date="2025-05-21T18:26:33.403" instance="e0f283" url="/api/zipdeploy" method="POST" >
  <step title="Creating temporary deployment - FetchDeploymentManager" date="2025-05-21T18:26:33.467" /><!-- duration: 3ms -->
  <step title="Creating temporary deployment" date="2025-05-21T18:26:33.477" /><!-- duration: 71ms -->
  <step title="Performing fetch based deployment" date="2025-05-21T18:26:33.586" >
    <step title="Cleaning up temp folders from previous zip deployments and extracting pushed zip file /tmp/zipdeploy/1e698e4a-c068-4d78-8cb8-7724d1939d19.zip (0.01 MB) to /tmp/zipdeploy/extracted" date="2025-05-21T18:26:34.715" >
      <step title="ChmodRecursive Process exited with total time taken in ms: 129" date="2025-05-21T18:26:34.881" /><!-- duration: 6ms -->
    </step><!-- duration: 189ms -->
    <step title="Deployment timer started" date="2025-05-21T18:26:36.927" >
      <step title="DeploymentManager.Deploy(id:0a2bbdd4-8866-4dee-959a-eb9c05a24b0f)" date="2025-05-21T18:26:36.936" >
        <step title="Collecting changeset information" date="2025-05-21T18:26:36.982" /><!-- duration: 105ms -->
        <step title="Updating submodules" date="2025-05-21T18:26:37.094" /><!-- duration: 1117ms -->
        <step title="Determining deployment builder" date="2025-05-21T18:26:38.703" >
          <step title="Builder is OryxBuilder" date="2025-05-21T18:26:38.728" /><!-- duration: 10ms -->
        </step><!-- duration: 45ms -->
        <step title="PreDeployment: context.CleanOutputPath False" date="2025-05-21T18:26:38.794" >
          <step title="PreDeployment: context.OutputPath /home/site/wwwroot" date="2025-05-21T18:26:38.892" >
            <step title="Building" date="2025-05-21T18:26:39.033" >
              <step title="Executing external process" date="2025-05-21T18:26:39.283" type="process" path="bash" arguments="-c &quot;oryx build /tmp/zipdeploy/extracted -o /home/site/wwwroot --platform python --platform-version 3.11 -p virtualenv_name=antenv --log-file /tmp/build-debug.log  -i /tmp/8dd989506c48b9b --compress-destination-dir | tee /tmp/oryx-build.log ; exit $PIPESTATUS &quot;" /><!-- duration: 75560ms -->
              <step title="Using PythonDeploymentLogParser" date="2025-05-21T18:27:55.130" /><!-- duration: 10ms -->
              <step title="Triggering recycle (preview mode disabled)." date="2025-05-21T18:27:56.049" /><!-- duration: 13ms -->
              <step title="Modified file to trigger a restart of the app container." date="2025-05-21T18:27:56.107" /><!-- duration: 5ms -->
              <step title="Skip function trigger and logicapp sync because function is not enabled." date="2025-05-21T18:27:56.119" /><!-- duration: 10ms -->
              <step title="Purge deployment items" date="2025-05-21T18:27:57.041" >
                <step title="Remove 83210939-, Success, received at 05/21/2025 16:59:19" date="2025-05-21T18:27:57.082" /><!-- duration: 6ms -->
              </step><!-- duration: 51ms -->
            </step><!-- duration: 78119ms -->
          </step><!-- duration: 78263ms -->
          <step title="Cleaning up temp files" date="2025-05-21T18:27:57.159" /><!-- duration: 347ms -->
          <step title="Cleaning up temp files" date="2025-05-21T18:27:57.509" /><!-- duration: 517ms -->
          <step title="Reloading status file with latest updates" date="2025-05-21T18:27:58.060" >
            <step title="WebHooksManager.PublishEventAsync: PostDeployment" date="2025-05-21T18:27:58.067" /><!-- duration: 56ms -->
          </step><!-- duration: 71ms -->
          <step title="Cleaning up temporary deployment - fetch deployment was successful" date="2025-05-21T18:27:58.137" /><!-- duration: 6ms -->
        </step><!-- duration: 79391ms -->
      </step><!-- duration: 81291ms -->
