<step title="Incoming Request" date="2025-07-31T19:21:51.496" instance="a45adb" url="/api/zipdeploy?isAsync=true" method="POST" type="request" pid="769,1,46" Accept="*/*" Host="la-zeiterfassung-fyd4cge3d9e3cac4.scm.azurewebsites.net" User-Agent="AZURECLI/2.75.0 (HOMEBREW)" Accept-Encoding="gzip, deflate" Authorization="Bas..." Cache-Control="no-cache" Content-Type="application/octet-stream" Cookie="ARRAffinity=a45adbe19489ea2b14e790f681e17ad6f03a5528ca730625ec513d016d2b4c91; ARRAffinitySameSite=a45adbe19489ea2b14e790f681e17ad6f03a5528ca730625ec513d016d2b4c91" Content-Length="15197" x-ms-client-request-id="98804b3e-6e43-11f0-9e75-3ecdac25f1e6" x-ms-artifact-checksum="684c7db09852fa3af5aed53b434247dd192110ad0f23b4840897b963cb5b5ac8" X-ARR-LOG-ID="98804b3e-6e43-11f0-9e75-3ecdac25f1e6" CLIENT-IP="84.138.86.68:61586" X-SITE-DEPLOYMENT-ID="la-zeiterfassung-fyd4cge3d9e3cac4" WAS-DEFAULT-HOSTNAME="la-zeiterfassung-fyd4cge3d9e3cac4.scm.azurewebsites.net" X-Forwarded-Proto="https" X-AppService-Proto="https" X-Forwarded-TlsVersion="1.3" X-WAWS-Unencoded-URL="/api/zipdeploy?isAsync=true" X-Client-IP="84.138.86.68" X-Client-Port="61586" >
  <step title="ZipPushDeploy" date="2025-07-31T19:21:51.506" >
    <step title="ZipDeploy. Extract zip. Remote build." date="2025-07-31T19:21:51.514" /><!-- duration: 4ms -->
    <step title="Starting PushDeployAsync" date="2025-07-31T19:21:51.523" /><!-- duration: 3ms -->
    <step title="Writing artifact to /tmp/zipdeploy/beb82bd6-a257-4c03-936c-1f3e89f2e2eb.zip" date="2025-07-31T19:21:51.546" >
      <step title="Writing multipart request body to /tmp/zipdeploy/beb82bd6-a257-4c03-936c-1f3e89f2e2eb.zip" date="2025-07-31T19:21:51.549" /><!-- duration: 3ms -->
    </step><!-- duration: 42ms -->
    <step title="Start deployment in the background" date="2025-07-31T19:21:51.599" >
      <step title="Acquiring Deployment Lock" date="2025-07-31T19:21:51.625" /><!-- duration: 3ms -->
      <step title="Acquired Deployment Lock" date="2025-07-31T19:21:51.664" /><!-- duration: 7ms -->
    </step><!-- duration: 172ms -->
  </step><!-- duration: 269ms -->
  <step title="Outgoing response" date="2025-07-31T19:21:51.779" type="response" statusCode="202" statusText="Accepted" /><!-- duration: 3ms -->
</step><!-- duration: 289ms -->
