﻿<?xml version="1.0" encoding="utf-8"?>
<deployment>
  <id>a5226d3d-ed82-4eeb-92e8-2e275bb80b07</id>
  <author>N/A</author>
  <deployer>Push-Deployer</deployer>
  <authorEmail>N/A</authorEmail>
  <message>Created via a push deployment</message>
  <progress></progress>
  <status>Success</status>
  <statusText></statusText>
  <lastSuccessEndTime>2025-07-31T19:25:23.5404601Z</lastSuccessEndTime>
  <receivedTime>2025-07-31T19:24:27.869596Z</receivedTime>
  <startTime>2025-07-31T19:24:32.4274264Z</startTime>
  <endTime>2025-07-31T19:25:23.5404601Z</endTime>
  <complete>True</complete>
  <is_temp>False</is_temp>
  <is_readonly>True</is_readonly>
  <buildSummary />
</deployment>