﻿<?xml version="1.0" encoding="utf-8"?>
<deployment>
  <id>1ac43083-57a7-4c4c-a077-44529a8f5b5e</id>
  <author>N/A</author>
  <deployer>Push-Deployer</deployer>
  <authorEmail>N/A</authorEmail>
  <message>Created via a push deployment</message>
  <progress></progress>
  <status>Success</status>
  <statusText></statusText>
  <lastSuccessEndTime>2025-07-31T20:44:42.0243417Z</lastSuccessEndTime>
  <receivedTime>2025-07-31T20:43:45.6232507Z</receivedTime>
  <startTime>2025-07-31T20:43:47.0277005Z</startTime>
  <endTime>2025-07-31T20:44:42.0243417Z</endTime>
  <complete>True</complete>
  <is_temp>False</is_temp>
  <is_readonly>True</is_readonly>
  <buildSummary />
</deployment>