﻿<?xml version="1.0" encoding="utf-8"?>
<deployment>
  <id>0bc0bc6c-1c40-4c7a-8259-b1f7e268d6e2</id>
  <author>N/A</author>
  <deployer>Push-Deployer</deployer>
  <authorEmail>N/A</authorEmail>
  <message>Created via a push deployment</message>
  <progress></progress>
  <status>Success</status>
  <statusText></statusText>
  <lastSuccessEndTime>2025-07-31T20:39:27.4272083Z</lastSuccessEndTime>
  <receivedTime>2025-07-31T20:38:35.678243Z</receivedTime>
  <startTime>2025-07-31T20:38:37.1074527Z</startTime>
  <endTime>2025-07-31T20:39:27.4272083Z</endTime>
  <complete>True</complete>
  <is_temp>False</is_temp>
  <is_readonly>True</is_readonly>
  <buildSummary />
</deployment>