﻿<?xml version="1.0" encoding="utf-8"?>
<deployment>
  <id>0971104b-b3a9-45cd-931f-7e0bd4906c16</id>
  <author>N/A</author>
  <deployer>Push-Deployer</deployer>
  <authorEmail>N/A</authorEmail>
  <message>Created via a push deployment</message>
  <progress></progress>
  <status>Success</status>
  <statusText></statusText>
  <lastSuccessEndTime>2025-07-31T20:23:57.9131387Z</lastSuccessEndTime>
  <receivedTime>2025-07-31T20:22:29.2779156Z</receivedTime>
  <startTime>2025-07-31T20:22:31.1593128Z</startTime>
  <endTime>2025-07-31T20:23:57.9131387Z</endTime>
  <complete>True</complete>
  <is_temp>False</is_temp>
  <is_readonly>True</is_readonly>
  <buildSummary />
</deployment>