﻿<?xml version="1.0" encoding="utf-8"?>
<deployment>
  <id>89ac5c8c-d8da-450a-805f-ea3fb1bfe2c1</id>
  <author>N/A</author>
  <deployer>Push-Deployer</deployer>
  <authorEmail>N/A</authorEmail>
  <message>Created via a push deployment</message>
  <progress></progress>
  <status>Success</status>
  <statusText></statusText>
  <lastSuccessEndTime>2025-07-31T20:37:32.6219365Z</lastSuccessEndTime>
  <receivedTime>2025-07-31T20:35:45.9690473Z</receivedTime>
  <startTime>2025-07-31T20:35:47.3894426Z</startTime>
  <endTime>2025-07-31T20:37:32.6219365Z</endTime>
  <complete>True</complete>
  <is_temp>False</is_temp>
  <is_readonly>True</is_readonly>
  <buildSummary />
</deployment>