﻿<?xml version="1.0" encoding="utf-8"?>
<deployment>
  <id>25fb77e2-0797-4710-aed7-be8050b36bed</id>
  <author>ms-azuretools-vscode</author>
  <deployer>ms-azuretools-vscode</deployer>
  <authorEmail>N/A</authorEmail>
  <message>Created via a push deployment</message>
  <progress></progress>
  <status>Success</status>
  <statusText></statusText>
  <lastSuccessEndTime>2025-07-15T06:47:40.38066Z</lastSuccessEndTime>
  <receivedTime>2025-07-15T06:44:59.9824124Z</receivedTime>
  <startTime>2025-07-15T06:45:01.6851566Z</startTime>
  <endTime>2025-07-15T06:47:40.38066Z</endTime>
  <complete>True</complete>
  <is_temp>False</is_temp>
  <is_readonly>True</is_readonly>
  <buildSummary />
</deployment>