﻿<?xml version="1.0" encoding="utf-8"?>
<deployment>
  <id>c3d90e87-6259-4648-a526-38feb84cf0ff</id>
  <author>N/A</author>
  <deployer>Push-Deployer</deployer>
  <authorEmail>N/A</authorEmail>
  <message>Created via a push deployment</message>
  <progress></progress>
  <status>Success</status>
  <statusText></statusText>
  <lastSuccessEndTime>2025-07-31T18:46:59.2982008Z</lastSuccessEndTime>
  <receivedTime>2025-07-31T18:45:43.9679205Z</receivedTime>
  <startTime>2025-07-31T18:45:45.3105523Z</startTime>
  <endTime>2025-07-31T18:46:59.2982008Z</endTime>
  <complete>True</complete>
  <is_temp>False</is_temp>
  <is_readonly>True</is_readonly>
  <buildSummary />
</deployment>