﻿<?xml version="1.0" encoding="utf-8"?>
<deployment>
  <id>eab55af1-5884-4e16-89e4-6a4676258c3d</id>
  <author>N/A</author>
  <deployer>Push-Deployer</deployer>
  <authorEmail>N/A</authorEmail>
  <message>Created via a push deployment</message>
  <progress></progress>
  <status>Success</status>
  <statusText></statusText>
  <lastSuccessEndTime>2025-07-31T18:35:27.9373271Z</lastSuccessEndTime>
  <receivedTime>2025-07-31T18:34:20.0352281Z</receivedTime>
  <startTime>2025-07-31T18:34:21.9808103Z</startTime>
  <endTime>2025-07-31T18:35:27.9373271Z</endTime>
  <complete>True</complete>
  <is_temp>False</is_temp>
  <is_readonly>True</is_readonly>
  <buildSummary />
</deployment>