﻿<?xml version="1.0" encoding="utf-8"?>
<deployment>
  <id>46463507-5305-4892-91ca-5be6a2786709</id>
  <author>N/A</author>
  <deployer>Push-Deployer</deployer>
  <authorEmail>N/A</authorEmail>
  <message>Created via a push deployment</message>
  <progress></progress>
  <status>Success</status>
  <statusText></statusText>
  <lastSuccessEndTime>2025-07-31T20:50:15.7343798Z</lastSuccessEndTime>
  <receivedTime>2025-07-31T20:49:15.4712429Z</receivedTime>
  <startTime>2025-07-31T20:49:18.0067031Z</startTime>
  <endTime>2025-07-31T20:50:15.7343798Z</endTime>
  <complete>True</complete>
  <is_temp>False</is_temp>
  <is_readonly>True</is_readonly>
  <buildSummary />
</deployment>