﻿<?xml version="1.0" encoding="utf-8"?>
<deployment>
  <id>c0090034-f147-4029-877d-c10c1e747165</id>
  <author>ms-azuretools-vscode</author>
  <deployer>ms-azuretools-vscode</deployer>
  <authorEmail>N/A</authorEmail>
  <message>Created via a push deployment</message>
  <progress></progress>
  <status>Success</status>
  <statusText></statusText>
  <lastSuccessEndTime>2025-07-15T07:02:10.8343834Z</lastSuccessEndTime>
  <receivedTime>2025-07-15T07:00:39.3344341Z</receivedTime>
  <startTime>2025-07-15T07:00:41.0155168Z</startTime>
  <endTime>2025-07-15T07:02:10.8343834Z</endTime>
  <complete>True</complete>
  <is_temp>False</is_temp>
  <is_readonly>True</is_readonly>
  <buildSummary />
</deployment>