﻿<?xml version="1.0" encoding="utf-8"?>
<deployment>
  <id>950adce7-c978-4bc8-b71c-e3be0cafd514</id>
  <author>N/A</author>
  <deployer>OneDeploy</deployer>
  <authorEmail>N/A</authorEmail>
  <message>OneDeploy</message>
  <progress></progress>
  <status>Success</status>
  <statusText></statusText>
  <lastSuccessEndTime>2025-07-28T21:33:18.4565054Z</lastSuccessEndTime>
  <receivedTime>2025-07-28T21:33:11.1925665Z</receivedTime>
  <startTime>2025-07-28T21:33:12.489517Z</startTime>
  <endTime>2025-07-28T21:33:18.4565054Z</endTime>
  <complete>True</complete>
  <is_temp>False</is_temp>
  <is_readonly>True</is_readonly>
  <buildSummary />
</deployment>