﻿<?xml version="1.0" encoding="utf-8"?>
<deployment>
  <id>ab41ec2c-bcbf-47c2-a50b-3a6d1d6f0ab0</id>
  <author>N/A</author>
  <deployer>Push-Deployer</deployer>
  <authorEmail>N/A</authorEmail>
  <message>Created via a push deployment</message>
  <progress></progress>
  <status>Success</status>
  <statusText></statusText>
  <lastSuccessEndTime>2025-07-31T20:09:16.5961187Z</lastSuccessEndTime>
  <receivedTime>2025-07-31T20:09:02.8767439Z</receivedTime>
  <startTime>2025-07-31T20:09:04.308821Z</startTime>
  <endTime>2025-07-31T20:09:16.5961187Z</endTime>
  <complete>True</complete>
  <is_temp>False</is_temp>
  <is_readonly>True</is_readonly>
  <buildSummary />
</deployment>