﻿<?xml version="1.0" encoding="utf-8"?>
<deployment>
  <id>a8725e0a-222d-4e98-9203-2fa54ad8c895</id>
  <author>N/A</author>
  <deployer>Push-Deployer</deployer>
  <authorEmail>N/A</authorEmail>
  <message>Created via a push deployment</message>
  <progress></progress>
  <status>Success</status>
  <statusText></statusText>
  <lastSuccessEndTime>2025-07-31T19:27:42.6995246Z</lastSuccessEndTime>
  <receivedTime>2025-07-31T19:26:36.0144131Z</receivedTime>
  <startTime>2025-07-31T19:26:37.3818814Z</startTime>
  <endTime>2025-07-31T19:27:42.6995246Z</endTime>
  <complete>True</complete>
  <is_temp>False</is_temp>
  <is_readonly>True</is_readonly>
  <buildSummary />
</deployment>