﻿<?xml version="1.0" encoding="utf-8"?>
<deployment>
  <id>68edd382-fa95-4aa2-8285-8539adf07936</id>
  <author>ms-azuretools-vscode</author>
  <deployer>ms-azuretools-vscode</deployer>
  <authorEmail>N/A</authorEmail>
  <message>Created via a push deployment</message>
  <progress></progress>
  <status>Success</status>
  <statusText></statusText>
  <lastSuccessEndTime>2025-07-27T18:13:22.3432245Z</lastSuccessEndTime>
  <receivedTime>2025-07-27T18:11:28.5727923Z</receivedTime>
  <startTime>2025-07-27T18:11:29.9943614Z</startTime>
  <endTime>2025-07-27T18:13:22.3432245Z</endTime>
  <complete>True</complete>
  <is_temp>False</is_temp>
  <is_readonly>True</is_readonly>
  <buildSummary />
</deployment>