﻿<?xml version="1.0" encoding="utf-8"?>
<deployment>
  <id>ef6573f1-60db-4d27-b300-80991a2ba0ef</id>
  <author>N/A</author>
  <deployer>Push-Deployer</deployer>
  <authorEmail>N/A</authorEmail>
  <message>Created via a push deployment</message>
  <progress></progress>
  <status>Success</status>
  <statusText></statusText>
  <lastSuccessEndTime>2025-07-28T21:16:11.4883462Z</lastSuccessEndTime>
  <receivedTime>2025-07-28T21:15:50.315884Z</receivedTime>
  <startTime>2025-07-28T21:15:52.0284243Z</startTime>
  <endTime>2025-07-28T21:16:11.4883462Z</endTime>
  <complete>True</complete>
  <is_temp>False</is_temp>
  <is_readonly>True</is_readonly>
  <buildSummary />
</deployment>